z identity sigmoid tanh hardsigmoid hardtanh softsign relu leaky prelu rrelu relu6 elu selu softplus swish0 swish05 silu swish5 gelu mish hardswish branch1 branch2 branch3 maxout probability1 probability23
-4.00000000 -4.000000000000 0.017986209962 -0.999329299739 0.000000000000 -1.000000000000 -0.800000000000 0.000000000000 -0.400000000000 -1.000000000000 -0.800000000000 0.000000000000 -0.981684361111 -1.725898628190 0.018149927918 -2.000000000000 -0.476811688088 -0.071944839848 -0.000000008245 -0.000126684967 -0.072591740792 -0.000000000000 3.000000000000 -2.000000000000 -9.000000000000 3.000000000000 0.009074714844 0.495462642578
-3.98000000 -3.980000000000 0.018342890698 -0.999301937496 0.000000000000 -1.000000000000 -0.799196787149 0.000000000000 -0.398000000000 -0.995000000000 -0.796000000000 0.000000000000 -0.981314360662 -1.725248130644 0.018513207467 -1.990000000000 -0.478622312622 -0.073004704977 -0.000000009066 -0.000137141384 -0.073674148913 -0.000000000000 2.980000000000 -1.990000000000 -8.960000000000 2.980000000000 0.009256339359 0.495371830320
-3.96000000 -3.960000000000 0.018706509954 -0.999273459374 0.000000000000 -1.000000000000 -0.798387096774 0.000000000000 -0.396000000000 -0.990000000000 -0.792000000000 0.000000000000 -0.980936885708 -1.724584492177 0.018883689802 -1.980000000000 -0.480422598051 -0.074077779419 -0.000000009969 -0.000148400531 -0.074770524260 -0.000000000000 2.960000000000 -1.980000000000 -8.920000000000 2.960000000000 0.009441564336 0.495279217832
-3.94000000 -3.940000000000 0.019077197315 -0.999243819899 0.000000000000 -1.000000000000 -0.797570850202 0.000000000000 -0.394000000000 -0.985000000000 -0.788000000000 0.000000000000 -0.980551785255 -1.723907447323 0.019261514985 -1.970000000000 -0.482212214083 -0.075164157422 -0.000000010962 -0.000160518770 -0.075880985175 -0.000000000000 2.940000000000 -1.970000000000 -8.880000000000 2.940000000000 0.009630459748 0.495184770126
-3.92000000 -3.920000000000 0.019455084568 -0.999212971747 0.000000000000 -1.000000000000 -0.796747967480 0.000000000000 -0.392000000000 -0.980000000000 -0.784000000000 0.000000000000 -0.980158905256 -1.723216725256 0.019646825693 -1.960000000000 -0.483990826456 -0.076263931507 -0.000000012054 -0.000173555979 -0.077005648971 -0.000000000000 2.920000000000 -1.960000000000 -8.840000000000 2.920000000000 0.009823096874 0.495088451563
-3.90000000 -3.900000000000 0.019840305734 -0.999180865670 0.000000000000 -1.000000000000 -0.795918367347 0.000000000000 -0.390000000000 -0.975000000000 -0.780000000000 0.000000000000 -0.979758088554 -1.722512049677 0.020039767260 -1.950000000000 -0.485758096931 -0.077377192363 -0.000000013253 -0.000187575742 -0.078144631836 -0.000000000000 2.900000000000 -1.950000000000 -8.800000000000 2.900000000000 0.010019548318 0.494990225841
-3.88000000 -3.880000000000 0.020232997096 -0.999147450414 0.000000000000 -1.000000000000 -0.795081967213 0.000000000000 -0.388000000000 -0.970000000000 -0.776000000000 0.000000000000 -0.979349174818 -1.721793138707 0.020440487724 -1.940000000000 -0.487513683280 -0.078504028732 -0.000000014572 -0.000202645542 -0.079298048742 -0.000000000000 2.880000000000 -1.940000000000 -8.760000000000 2.880000000000 0.010219888030 0.494890055985
-3.86000000 -3.860000000000 0.020633297227 -0.999112672642 0.000000000000 -1.000000000000 -0.794238683128 0.000000000000 -0.386000000000 -0.965000000000 -0.772000000000 0.000000000000 -0.978932000477 -1.721059704773 0.020849137869 -1.930000000000 -0.489257239271 -0.079644527296 -0.000000016022 -0.000218836958 -0.080466013347 -0.000000000000 2.860000000000 -1.930000000000 -8.720000000000 2.860000000000 0.010424191333 0.494787904334
-3.84000000 -3.840000000000 0.021041347020 -0.999076476847 0.000000000000 -1.000000000000 -0.793388429752 0.000000000000 -0.384000000000 -0.960000000000 -0.768000000000 0.000000000000 -0.978506398655 -1.720311454490 0.021265871277 -1.920000000000 -0.490988414665 -0.080798772559 -0.000000017615 -0.000236225876 -0.081648637887 -0.000000000000 2.840000000000 -1.920000000000 -8.680000000000 2.840000000000 0.010632534939 0.494683732531
-3.82000000 -3.820000000000 0.021457289718 -0.999038805266 0.000000000000 -1.000000000000 -0.792531120332 0.000000000000 -0.382000000000 -0.955000000000 -0.764000000000 0.000000000000 -0.978072199106 -1.719548088549 0.021690844368 -1.910000000000 -0.492706855199 -0.081966846721 -0.000000019366 -0.000254892697 -0.082846033076 -0.000000000000 2.820000000000 -1.910000000000 -8.640000000000 2.820000000000 0.010844996980 0.494577501510
-3.80000000 -3.800000000000 0.021881270936 -0.998999597786 0.000000000000 -1.000000000000 -0.791666666667 0.000000000000 -0.380000000000 -0.950000000000 -0.760000000000 0.000000000000 -0.977629228144 -1.718769301593 0.022124216455 -1.900000000000 -0.494412202579 -0.083148829557 -0.000000021291 -0.000274922567 -0.084058307996 -0.000000000000 2.800000000000 -1.900000000000 -8.600000000000 2.800000000000 0.011061657025 0.494469171487
-3.78000000 -3.780000000000 0.022313438699 -0.998958791852 0.000000000000 -1.000000000000 -0.790794979079 0.000000000000 -0.378000000000 -0.945000000000 -0.756000000000 0.000000000000 -0.977177308575 -1.717974782097 0.022566149782 -1.890000000000 -0.496104094478 -0.084344798282 -0.000000023406 -0.000296405598 -0.085285569980 -0.000000000000 2.780000000000 -1.890000000000 -8.560000000000 2.780000000000 0.011282596108 0.494358701946
-3.76000000 -3.760000000000 0.022753943463 -0.998916322365 0.000000000000 -1.000000000000 -0.789915966387 0.000000000000 -0.376000000000 -0.940000000000 -0.752000000000 0.000000000000 -0.976716259625 -1.717164212242 0.023016809582 -1.880000000000 -0.497782164518 -0.085554827420 -0.000000025731 -0.000319437111 -0.086527924501 -0.000000000000 2.760000000000 -1.880000000000 -8.520000000000 2.760000000000 0.011507896747 0.494246051626
-3.74000000 -3.740000000000 0.023202938146 -0.998872121583 0.000000000000 -1.000000000000 -0.789029535865 0.000000000000 -0.374000000000 -0.935000000000 -0.748000000000 0.000000000000 -0.976245896869 -1.716337267790 0.023476364120 -1.870000000000 -0.499446042274 -0.086778988665 -0.000000028286 -0.000344117877 -0.087785475048 -0.000000000000 2.740000000000 -1.870000000000 -8.480000000000 2.740000000000 0.011737642975 0.494131178513
-3.72000000 -3.720000000000 0.023660578155 -0.998826119008 0.000000000000 -1.000000000000 -0.788135593220 0.000000000000 -0.372000000000 -0.930000000000 -0.744000000000 0.000000000000 -0.975766032154 -1.715493617952 0.023944984743 -1.860000000000 -0.501095353262 -0.088017350738 -0.000000031093 -0.000370554367 -0.089058323000 -0.000000000000 2.720000000000 -1.860000000000 -8.440000000000 2.720000000000 0.011971920356 0.494014039822
-3.70000000 -3.700000000000 0.024127021418 -0.998778241281 0.000000000000 -1.000000000000 -0.787234042553 0.000000000000 -0.370000000000 -0.925000000000 -0.740000000000 0.000000000000 -0.975276473530 -1.714632925256 0.024422845934 -1.850000000000 -0.502729718934 -0.089269979245 -0.000000034179 -0.000398859014 -0.090346567501 -0.000000000000 2.700000000000 -1.850000000000 -8.400000000000 2.700000000000 0.012210816019 0.493894591991
-3.68000000 -3.680000000000 0.024602428403 -0.998728412063 0.000000000000 -1.000000000000 -0.786324786325 0.000000000000 -0.368000000000 -0.920000000000 -0.736000000000 0.000000000000 -0.974777025165 -1.713754845415 0.024910125357 -1.840000000000 -0.504348756678 -0.090536936522 -0.000000037569 -0.000429150475 -0.091650305323 -0.000000000000 2.680000000000 -1.840000000000 -8.360000000000 2.680000000000 0.012454418673 0.493772790663
-3.66000000 -3.660000000000 0.025086962153 -0.998676551915 0.000000000000 -1.000000000000 -0.785407725322 0.000000000000 -0.366000000000 -0.915000000000 -0.732000000000 0.000000000000 -0.974267487274 -1.712859027185 0.025407003914 -1.830000000000 -0.505952079811 -0.091818281482 -0.000000041294 -0.000461553904 -0.092969630731 -0.000000000000 2.660000000000 -1.830000000000 -8.320000000000 2.660000000000 0.012702818642 0.493648590679
-3.64000000 -3.640000000000 0.025580788312 -0.998622578172 0.000000000000 -1.000000000000 -0.784482758621 0.000000000000 -0.364000000000 -0.910000000000 -0.728000000000 0.000000000000 -0.973747656034 -1.711945112226 0.025913665792 -1.820000000000 -0.507539297580 -0.093114069456 -0.000000045388 -0.000496201234 -0.094304635340 -0.000000000000 2.640000000000 -1.820000000000 -8.280000000000 2.640000000000 0.012956107883 0.493521946059
-3.62000000 -3.620000000000 0.026084075146 -0.998566404814 0.000000000000 -1.000000000000 -0.783549783550 0.000000000000 -0.362000000000 -0.905000000000 -0.724000000000 0.000000000000 -0.973217323507 -1.711012734960 0.026430298517 -1.810000000000 -0.509110015158 -0.094424352030 -0.000000049886 -0.000533231459 -0.095655407968 -0.000000000000 2.620000000000 -1.810000000000 -8.240000000000 2.620000000000 0.013214380014 0.493392809993
-3.60000000 -3.600000000000 0.026596993577 -0.998507942332 0.000000000000 -1.000000000000 -0.782608695652 0.000000000000 -0.360000000000 -0.900000000000 -0.720000000000 0.000000000000 -0.972676277553 -1.710061522423 0.026957093008 -1.800000000000 -0.510663833642 -0.095749176877 -0.000000054828 -0.000572790925 -0.097022034487 -0.000000000000 2.600000000000 -1.800000000000 -8.200000000000 2.600000000000 0.013477730342 0.493261134829
-3.58000000 -3.580000000000 0.027119717202 -0.998447097583 0.000000000000 -1.000000000000 -0.781659388646 0.000000000000 -0.358000000000 -0.895000000000 -0.716000000000 0.000000000000 -0.972124301745 -1.709091094119 0.027494243628 -1.790000000000 -0.512200350059 -0.097088587582 -0.000000060258 -0.000615033631 -0.098404597662 -0.000000000000 2.580000000000 -1.790000000000 -8.160000000000 2.580000000000 0.013746255887 0.493126872056
-3.56000000 -3.560000000000 0.027652422323 -0.998383773648 0.000000000000 -1.000000000000 -0.780701754386 0.000000000000 -0.356000000000 -0.890000000000 -0.712000000000 0.000000000000 -0.971561175286 -1.708101061863 0.028041948239 -1.780000000000 -0.513719157362 -0.098442623469 -0.000000066223 -0.000660121533 -0.099803176997 -0.000000000000 2.560000000000 -1.780000000000 -8.120000000000 2.560000000000 0.014020055408 0.492989972296
-3.54000000 -3.540000000000 0.028195287970 -0.998317869675 0.000000000000 -1.000000000000 -0.779735682819 0.000000000000 -0.354000000000 -0.885000000000 -0.708000000000 0.000000000000 -0.970986672918 -1.707091029628 0.028600408257 -1.770000000000 -0.515219844437 -0.099811319414 -0.000000072776 -0.000708224847 -0.101217848563 -0.000000000000 2.540000000000 -1.770000000000 -8.080000000000 2.540000000000 0.014299229431 0.492850385285
-3.52000000 -3.520000000000 0.028748495927 -0.998249280727 0.000000000000 -1.000000000000 -0.778761061947 0.000000000000 -0.352000000000 -0.880000000000 -0.704000000000 0.000000000000 -0.970400564832 -1.706060593389 0.029169828706 -1.760000000000 -0.516701996101 -0.101194705661 -0.000000079976 -0.000759522366 -0.102648684829 -0.000000000000 2.520000000000 -1.760000000000 -8.040000000000 2.520000000000 0.014583880275 0.492708059863
-3.50000000 -3.500000000000 0.029312230751 -0.998177897611 0.000000000000 -1.000000000000 -0.777777777778 0.000000000000 -0.350000000000 -0.875000000000 -0.700000000000 0.000000000000 -0.969802616578 -1.705009340957 0.029750418273 -1.750000000000 -0.518165193111 -0.102592807630 -0.000000087885 -0.000814201777 -0.104095754486 -0.000000000000 2.500000000000 -1.750000000000 -8.000000000000 2.500000000000 0.014874112078 0.492562943961
-3.48000000 -3.480000000000 0.029886679804 -0.998103606711 0.000000000000 -1.000000000000 -0.776785714286 0.000000000000 -0.348000000000 -0.870000000000 -0.696000000000 0.000000000000 -0.969192588967 -1.703936851817 0.030342389364 -1.740000000000 -0.519609012167 -0.104005645717 -0.000000096573 -0.000872459982 -0.105559122265 -0.000000000000 2.480000000000 -1.740000000000 -7.960000000000 2.480000000000 0.015170030829 0.492414984586
-3.46000000 -3.460000000000 0.030472033265 -0.998026289809 0.000000000000 -1.000000000000 -0.775784753363 0.000000000000 -0.346000000000 -0.865000000000 -0.692000000000 0.000000000000 -0.968570237982 -1.702842696960 0.030945958160 -1.730000000000 -0.521033025921 -0.105433235096 -0.000000106116 -0.000934503421 -0.107038848748 -0.000000000000 2.460000000000 -1.730000000000 -7.920000000000 2.460000000000 0.015471744387 0.492264127806
-3.44000000 -3.440000000000 0.031068484160 -0.997945823899 0.000000000000 -1.000000000000 -0.774774774775 0.000000000000 -0.344000000000 -0.860000000000 -0.688000000000 0.000000000000 -0.967935314672 -1.701726438708 0.031561344676 -1.720000000000 -0.522436802979 -0.106875585509 -0.000000116599 -0.001000548401 -0.108534990177 -0.000000000000 2.440000000000 -1.720000000000 -7.880000000000 2.440000000000 0.015779362517 0.492110318741
-3.42000000 -3.420000000000 0.031676228379 -0.997862080995 0.000000000000 -1.000000000000 -0.773755656109 0.000000000000 -0.342000000000 -0.855000000000 -0.684000000000 0.000000000000 -0.967287565061 -1.700587630544 0.032188772815 -1.710000000000 -0.523819907917 -0.108332701056 -0.000000128112 -0.001070821421 -0.110047598252 -0.000000000000 2.420000000000 -1.710000000000 -7.840000000000 2.420000000000 0.016092996912 0.491953501544
-3.40000000 -3.400000000000 0.032295464698 -0.997774927934 0.000000000000 -1.000000000000 -0.772727272727 0.000000000000 -0.340000000000 -0.850000000000 -0.680000000000 0.000000000000 -0.966626730040 -1.699425816928 0.032828470425 -1.700000000000 -0.525181901284 -0.109804579975 -0.000000140758 -0.001145559503 -0.111576719932 -0.000000000000 2.400000000000 -1.700000000000 -7.800000000000 2.400000000000 0.016412761225 0.491793619388
-3.38000000 -3.380000000000 0.032926394798 -0.997684226165 0.000000000000 -1.000000000000 -0.771689497717 0.000000000000 -0.338000000000 -0.845000000000 -0.676000000000 0.000000000000 -0.965952545265 -1.698240533121 0.033480669361 -1.690000000000 -0.526522339618 -0.111291214418 -0.000000154646 -0.001225010524 -0.113122397217 -0.000000000000 2.380000000000 -1.690000000000 -7.760000000000 2.380000000000 0.016738771092 0.491630614454
-3.36000000 -3.360000000000 0.033569223281 -0.997589831532 0.000000000000 -1.000000000000 -0.770642201835 0.000000000000 -0.336000000000 -0.840000000000 -0.672000000000 0.000000000000 -0.965264741055 -1.697031304992 0.034145605539 -1.680000000000 -0.527840775455 -0.112792590226 -0.000000169899 -0.001309433538 -0.114684666934 -0.000000000000 2.360000000000 -1.680000000000 -7.720000000000 2.360000000000 0.017071144166 0.491464427917
-3.34000000 -3.340000000000 0.034224157692 -0.997491594056 0.000000000000 -1.000000000000 -0.769585253456 0.000000000000 -0.334000000000 -0.835000000000 -0.668000000000 0.000000000000 -0.964563042278 -1.695797648835 0.034823518997 -1.670000000000 -0.529136757342 -0.114308686693 -0.000000186650 -0.001399099111 -0.116263560517 -0.000000000000 2.340000000000 -1.670000000000 -7.680000000000 2.340000000000 0.017410000141 0.491294999929
-3.32000000 -3.320000000000 0.034891408532 -0.997389357693 0.000000000000 -1.000000000000 -0.768518518519 0.000000000000 -0.332000000000 -0.830000000000 -0.664000000000 0.000000000000 -0.963847168246 -1.694539071171 0.035514653955 -1.660000000000 -0.530409829853 -0.115839476325 -0.000000205045 -0.001494289639 -0.117859103769 -0.000000000000 2.320000000000 -1.660000000000 -7.640000000000 2.320000000000 0.017755460784 0.491122269608
-3.30000000 -3.300000000000 0.035571189273 -0.997282960099 0.000000000000 -1.000000000000 -0.767441860465 0.000000000000 -0.330000000000 -0.825000000000 -0.660000000000 0.000000000000 -0.963116832599 -1.693255068551 0.036219258871 -1.650000000000 -0.531659533603 -0.117384924600 -0.000000225245 -0.001595299670 -0.119471316635 -0.000000000000 2.300000000000 -1.650000000000 -7.600000000000 2.300000000000 0.018107649958 0.490946175021
-3.28000000 -3.280000000000 0.036263716375 -0.997172232375 0.000000000000 -1.000000000000 -0.766355140187 0.000000000000 -0.328000000000 -0.820000000000 -0.656000000000 0.000000000000 -0.962371743193 -1.691945127357 0.036937586501 -1.640000000000 -0.532885405265 -0.118944989709 -0.000000247425 -0.001702436221 -0.121100212950 -0.000000000000 2.280000000000 -1.640000000000 -7.560000000000 2.280000000000 0.018466693658 0.490766653171
-3.26000000 -3.260000000000 0.036969209297 -0.997056998805 0.000000000000 -1.000000000000 -0.765258215962 0.000000000000 -0.326000000000 -0.815000000000 -0.652000000000 0.000000000000 -0.961611601982 -1.690608723597 0.037669893964 -1.630000000000 -0.534086977588 -0.120519622307 -0.000000271780 -0.001816019085 -0.122745800195 -0.000000000000 2.260000000000 -1.630000000000 -7.520000000000 2.260000000000 0.018832720033 0.490583639984
-3.24000000 -3.240000000000 0.037687890509 -0.996937076586 0.000000000000 -1.000000000000 -0.764150943396 0.000000000000 -0.324000000000 -0.810000000000 -0.648000000000 0.000000000000 -0.960836104901 -1.689245322689 0.038416442794 -1.620000000000 -0.535263779418 -0.122108765248 -0.000000298521 -0.001936381133 -0.124408079236 -0.000000000000 2.240000000000 -1.620000000000 -7.480000000000 2.240000000000 0.019205859418 0.490397070291
-3.22000000 -3.220000000000 0.038419985502 -0.996812275543 0.000000000000 -1.000000000000 -0.763033175355 0.000000000000 -0.322000000000 -0.805000000000 -0.644000000000 0.000000000000 -0.960044941739 -1.687854379256 0.039177499009 -1.610000000000 -0.536415335713 -0.123712353315 -0.000000327880 -0.002063868607 -0.126087044064 -0.000000000000 2.220000000000 -1.610000000000 -7.440000000000 2.220000000000 0.019586244363 0.490206877818
-3.20000000 -3.200000000000 0.039165722797 -0.996682397840 0.000000000000 -1.000000000000 -0.761904761905 0.000000000000 -0.320000000000 -0.800000000000 -0.640000000000 0.000000000000 -0.959237796022 -1.686435336902 0.039953333162 -1.600000000000 -0.537541167571 -0.125330312950 -0.000000360113 -0.002198841401 -0.127782681517 -0.000000000000 2.200000000000 -1.600000000000 -7.400000000000 2.200000000000 0.019974009661 0.490012995169
-3.18000000 -3.180000000000 0.039925333953 -0.996547237669 0.000000000000 -1.000000000000 -0.760765550239 0.000000000000 -0.318000000000 -0.795000000000 -0.636000000000 0.000000000000 -0.958414344879 -1.684987627990 0.040744220412 -1.590000000000 -0.538640792250 -0.126962561970 -0.000000395498 -0.002341673332 -0.129494971007 -0.000000000000 2.180000000000 -1.590000000000 -7.360000000000 2.180000000000 0.020369292377 0.489815353812
-3.16000000 -3.160000000000 0.040699053571 -0.996406580939 0.000000000000 -1.000000000000 -0.759615384615 0.000000000000 -0.316000000000 -0.790000000000 -0.632000000000 0.000000000000 -0.957574258919 -1.683510673419 0.041550440576 -1.580000000000 -0.539713723191 -0.128609009286 -0.000000434344 -0.002492752394 -0.131223884229 -0.000000000000 2.160000000000 -1.580000000000 -7.320000000000 2.160000000000 0.020772231875 0.489613884063
-3.14000000 -3.140000000000 0.041487119302 -0.996260204946 0.000000000000 -1.000000000000 -0.758454106280 0.000000000000 -0.314000000000 -0.785000000000 -0.628000000000 0.000000000000 -0.956717202098 -1.682003882386 0.042372278195 -1.570000000000 -0.540759470044 -0.130269554607 -0.000000476987 -0.002652481005 -0.132969384870 -0.000000000000 2.140000000000 -1.570000000000 -7.280000000000 2.140000000000 0.021182969850 0.489408515075
-3.12000000 -3.120000000000 0.042289771842 -0.996107878030 0.000000000000 -1.000000000000 -0.757281553398 0.000000000000 -0.312000000000 -0.780000000000 -0.624000000000 0.000000000000 -0.955842831580 -1.680466652155 0.043210022593 -1.560000000000 -0.541777538699 -0.131944088147 -0.000000523794 -0.002821276223 -0.134731428304 -0.000000000000 2.120000000000 -1.560000000000 -7.240000000000 2.120000000000 0.021601650353 0.489199174823
-3.10000000 -3.100000000000 0.043107254941 -0.995949359222 0.000000000000 -1.000000000000 -0.756097560976 0.000000000000 -0.310000000000 -0.775000000000 -0.620000000000 0.000000000000 -0.954950797606 -1.678898367814 0.044063967939 -1.550000000000 -0.542767431309 -0.133632490317 -0.000000575171 -0.002999569961 -0.136509961283 -0.000000000000 2.100000000000 -1.550000000000 -7.200000000000 2.100000000000 0.022028419825 0.488985790087
-3.08000000 -3.080000000000 0.043939815396 -0.995784397876 0.000000000000 -1.000000000000 -0.754901960784 0.000000000000 -0.308000000000 -0.770000000000 -0.616000000000 0.000000000000 -0.954040743351 -1.677298402027 0.044934413306 -1.540000000000 -0.543728646320 -0.135334631420 -0.000000631561 -0.003187809162 -0.138304921617 -0.000000000000 2.080000000000 -1.540000000000 -7.160000000000 2.080000000000 0.022463427118 0.488768286441
-3.06000000 -3.060000000000 0.044787703050 -0.995612733287 0.000000000000 -1.000000000000 -0.753694581281 0.000000000000 -0.306000000000 -0.765000000000 -0.612000000000 0.000000000000 -0.953112304780 -1.675666114787 0.045821662735 -1.530000000000 -0.544660678506 -0.137050371332 -0.000000693451 -0.003386455970 -0.140116237852 -0.000000000000 2.060000000000 -1.530000000000 -7.120000000000 2.060000000000 0.022906823530 0.488546588235
-3.04000000 -3.040000000000 0.045651170784 -0.995434094293 0.000000000000 -1.000000000000 -0.752475247525 0.000000000000 -0.304000000000 -0.760000000000 -0.608000000000 0.000000000000 -0.952165110506 -1.674000853158 0.046726025294 -1.520000000000 -0.545563018998 -0.138779559185 -0.000000761373 -0.003595987859 -0.141943828926 -0.000000000000 2.040000000000 -1.520000000000 -7.080000000000 2.040000000000 0.023358762828 0.488320618586
-3.02000000 -3.020000000000 0.046530474515 -0.995248198867 0.000000000000 -1.000000000000 -0.751243781095 0.000000000000 -0.302000000000 -0.755000000000 -0.604000000000 0.000000000000 -0.951198781638 -1.672301951013 0.047647815139 -1.510000000000 -0.546435155319 -0.140522033034 -0.000000835911 -0.003816897752 -0.143787603836 -0.000000000000 2.020000000000 -1.510000000000 -7.040000000000 2.020000000000 0.023819401279 0.488090299360
-3.00000000 -3.000000000000 0.047425873178 -0.995054753687 0.000000000000 -1.000000000000 -0.750000000000 0.000000000000 -0.300000000000 -0.750000000000 -0.600000000000 0.000000000000 -0.950212931632 -1.670568728767 0.048587351574 -1.500000000000 -0.547276571419 -0.142277619533 -0.000000917707 -0.004049694095 -0.145647461276 -0.000000000000 2.000000000000 -1.500000000000 -7.000000000000 2.000000000000 0.024288897679 0.487855551160
-2.98000000 -2.980000000000 0.048337628720 -0.994853453692 0.000000000000 -1.000000000000 -0.748743718593 0.000000000000 -0.298000000000 -0.745000000000 -0.596000000000 0.000000000000 -0.949207166135 -1.668800493110 0.049544959111 -1.490000000000 -0.548086747710 -0.144046133585 -0.000001007461 -0.004294900914 -0.147523289282 -0.009933333333 1.980000000000 -1.490000000000 -6.960000000000 1.980000000000 0.024767413376 0.487616293312
-2.96000000 -2.960000000000 0.049266006084 -0.994643981628 0.000000000000 -1.000000000000 -0.747474747475 0.000000000000 -0.296000000000 -0.740000000000 -0.592000000000 0.000000000000 -0.948181082827 -1.666996536723 0.050520967534 -1.480000000000 -0.548865161107 -0.145827378009 -0.000001105944 -0.004553057827 -0.149414964860 -0.019733333333 1.960000000000 -1.480000000000 -6.920000000000 1.960000000000 0.025255112300 0.487372443850
-2.94000000 -2.940000000000 0.050211273190 -0.994426007562 0.000000000000 -1.000000000000 -0.746192893401 0.000000000000 -0.294000000000 -0.735000000000 -0.588000000000 0.000000000000 -0.947134271262 -1.665156137999 0.051515711952 -1.470000000000 -0.549611285066 -0.147621143179 -0.000001213999 -0.004824720028 -0.151322353605 -0.029400000000 1.940000000000 -1.470000000000 -6.880000000000 1.940000000000 0.025752160991 0.487123919505
-2.92000000 -2.920000000000 0.051173700917 -0.994199188396 0.000000000000 -1.000000000000 -0.744897959184 0.000000000000 -0.292000000000 -0.730000000000 -0.584000000000 0.000000000000 -0.946066312700 -1.663278560755 0.052529532865 -1.460000000000 -0.550324589624 -0.149427206678 -0.000001332549 -0.005110458232 -0.153245309314 -0.038933333333 1.920000000000 -1.460000000000 -6.840000000000 1.920000000000 0.026258728621 0.486870635689
-2.90000000 -2.900000000000 0.052153563078 -0.993963167351 0.000000000000 -1.000000000000 -0.743589743590 0.000000000000 -0.290000000000 -0.725000000000 -0.580000000000 0.000000000000 -0.944976779944 -1.661363053935 0.053562776218 -1.450000000000 -0.551004541444 -0.151245332927 -0.000001462607 -0.005410858571 -0.155183673590 -0.048333333333 1.900000000000 -1.450000000000 -6.800000000000 1.900000000000 0.026774987027 0.486612506487
-2.88000000 -2.880000000000 0.053151136398 -0.993717573430 0.000000000000 -1.000000000000 -0.742268041237 0.000000000000 -0.288000000000 -0.720000000000 -0.576000000000 0.000000000000 -0.943865237166 -1.659408851310 0.054615793462 -1.440000000000 -0.551650603857 -0.153075272826 -0.000001605283 -0.005726522462 -0.157137275430 -0.057600000000 1.880000000000 -1.440000000000 -6.760000000000 1.880000000000 0.027301110729 0.486349444635
-2.86000000 -2.860000000000 0.054166700481 -0.993462020877 0.000000000000 -1.000000000000 -0.740932642487 0.000000000000 -0.286000000000 -0.715000000000 -0.572000000000 0.000000000000 -0.942731239735 -1.657415171174 0.055688941612 -1.430000000000 -0.552262236907 -0.154916763376 -0.000001761792 -0.006058066416 -0.159105930813 -0.066733333333 1.860000000000 -1.430000000000 -6.720000000000 1.860000000000 0.027837276962 0.486081361519
-2.84000000 -2.840000000000 0.055200537783 -0.993196108594 0.000000000000 -1.000000000000 -0.739583333333 0.000000000000 -0.284000000000 -0.710000000000 -0.568000000000 0.000000000000 -0.941574334035 -1.655381216027 0.056782583302 -1.420000000000 -0.552838897400 -0.156769527304 -0.000001933465 -0.006406121804 -0.161089442271 -0.075733333333 1.840000000000 -1.420000000000 -6.680000000000 1.840000000000 0.028383665697 0.485808167152
-2.82000000 -2.820000000000 0.056252933573 -0.992919419558 0.000000000000 -1.000000000000 -0.738219895288 0.000000000000 -0.282000000000 -0.705000000000 -0.564000000000 0.000000000000 -0.940394057291 -1.653306172260 0.057897086846 -1.410000000000 -0.553380038951 -0.158633272676 -0.000002121762 -0.006771334577 -0.163087598454 -0.084600000000 1.820000000000 -1.410000000000 -6.640000000000 1.820000000000 0.028940459664 0.485529770168
-2.80000000 -2.800000000000 0.057324175899 -0.992631520201 0.000000000000 -1.000000000000 -0.736842105263 0.000000000000 -0.280000000000 -0.700000000000 -0.560000000000 0.000000000000 -0.939189937375 -1.651189209829 0.059032826288 -1.400000000000 -0.553885112036 -0.160507692517 -0.000002328278 -0.007154364925 -0.165100173682 -0.093333333333 1.800000000000 -1.400000000000 -6.600000000000 1.800000000000 0.029507844380 0.485246077810
-2.78000000 -2.780000000000 0.058414555542 -0.992331959777 0.000000000000 -1.000000000000 -0.735449735450 0.000000000000 -0.278000000000 -0.695000000000 -0.556000000000 0.000000000000 -0.937961492623 -1.649029481920 0.060190181463 -1.390000000000 -0.554353564039 -0.162392464408 -0.000002554766 -0.007555886885 -0.167126927491 -0.101933333333 1.780000000000 -1.390000000000 -6.560000000000 1.780000000000 0.030086008169 0.484956995916
-2.76000000 -2.760000000000 0.059524365977 -0.992020269702 0.000000000000 -1.000000000000 -0.734042553191 0.000000000000 -0.276000000000 -0.690000000000 -0.552000000000 0.000000000000 -0.936708231640 -1.646826124613 0.061369538048 -1.380000000000 -0.554784839311 -0.164287250095 -0.000002803140 -0.007976587890 -0.169167604166 -0.110400000000 1.760000000000 -1.380000000000 -6.520000000000 1.760000000000 0.030675142183 0.484662428908
-2.74000000 -2.740000000000 0.060653903316 -0.991695962873 0.000000000000 -1.000000000000 -0.732620320856 0.000000000000 -0.274000000000 -0.685000000000 -0.548000000000 0.000000000000 -0.935429653107 -1.644578256536 0.062571287614 -1.370000000000 -0.555178379221 -0.166191695085 -0.000003075500 -0.008417168259 -0.171221932268 -0.118733333333 1.740000000000 -1.370000000000 -6.480000000000 1.740000000000 0.031275440428 0.484362279786
-2.72000000 -2.720000000000 0.061803466264 -0.991358532960 0.000000000000 -1.000000000000 -0.731182795699 0.000000000000 -0.272000000000 -0.680000000000 -0.544000000000 0.000000000000 -0.934125245574 -1.642284978512 0.063795827684 -1.360000000000 -0.555533622213 -0.168105428237 -0.000003374142 -0.008878340619 -0.173289624141 -0.126933333333 1.720000000000 -1.360000000000 -6.440000000000 1.720000000000 0.031887099780 0.484056450110
-2.70000000 -2.700000000000 0.062973356057 -0.991007453678 0.000000000000 -1.000000000000 -0.729729729730 0.000000000000 -0.270000000000 -0.675000000000 -0.540000000000 0.000000000000 -0.932794487260 -1.639945373198 0.065043561777 -1.350000000000 -0.555850003863 -0.170028061354 -0.000003701584 -0.009360829268 -0.175370375422 -0.135000000000 1.700000000000 -1.350000000000 -6.400000000000 1.700000000000 0.032510320007 0.483744839996
-2.68000000 -2.680000000000 0.064163876405 -0.990642178027 0.000000000000 -1.000000000000 -0.728260869565 0.000000000000 -0.268000000000 -0.670000000000 -0.536000000000 0.000000000000 -0.931436845846 -1.637558504722 0.066314899463 -1.340000000000 -0.556126956940 -0.171959188766 -0.000004060580 -0.009865369465 -0.177463864534 -0.142933333333 1.680000000000 -1.340000000000 -6.360000000000 1.680000000000 0.033145303790 0.483427348105
-2.66000000 -2.660000000000 0.065375333426 -0.990262137512 0.000000000000 -1.000000000000 -0.726775956284 0.000000000000 -0.266000000000 -0.665000000000 -0.532000000000 0.000000000000 -0.930051778255 -1.635123418305 0.067610256410 -1.330000000000 -0.556363911467 -0.173898386912 -0.000004454144 -0.010392706649 -0.179569752165 -0.150733333333 1.660000000000 -1.330000000000 -6.320000000000 1.660000000000 0.033792256739 0.483103871631
-2.64000000 -2.640000000000 0.066608035575 -0.989866741333 0.000000000000 -1.000000000000 -0.725274725275 0.000000000000 -0.264000000000 -0.660000000000 -0.528000000000 0.000000000000 -0.928638730444 -1.632639139878 0.068930054433 -1.320000000000 -0.556560294781 -0.175845213918 -0.000004885578 -0.010943595593 -0.181687680745 -0.158400000000 1.640000000000 -1.320000000000 -6.280000000000 1.640000000000 0.034451387407 0.482774306297
-2.62000000 -2.620000000000 0.067862293577 -0.989455375546 0.000000000000 -1.000000000000 -0.723756906077 0.000000000000 -0.262000000000 -0.655000000000 -0.524000000000 0.000000000000 -0.927197137173 -1.630104675699 0.070274721538 -1.310000000000 -0.556715531601 -0.177799209172 -0.000005358493 -0.011518799472 -0.183817273904 -0.165933333333 1.620000000000 -1.310000000000 -6.240000000000 1.620000000000 0.035122907312 0.482438546344
-2.60000000 -2.600000000000 0.069138420343 -0.989027402201 0.000000000000 -1.000000000000 -0.722222222222 0.000000000000 -0.260000000000 -0.650000000000 -0.520000000000 0.000000000000 -0.925726421786 -1.627519011946 0.071644691968 -1.300000000000 -0.556829044089 -0.179759892893 -0.000005876843 -0.012119088862 -0.185958135932 -0.173333333333 1.600000000000 -1.300000000000 -6.200000000000 1.600000000000 0.035807030950 0.482096484525
-2.58000000 -2.580000000000 0.070436730893 -0.988582158446 0.000000000000 -1.000000000000 -0.720670391061 0.000000000000 -0.258000000000 -0.645000000000 -0.516000000000 0.000000000000 -0.924225995977 -1.624881114321 0.073040406243 -1.290000000000 -0.556900251922 -0.181726765703 -0.000006444954 -0.012745240655 -0.188109851214 -0.180600000000 1.580000000000 -1.290000000000 -6.160000000000 1.580000000000 0.036503975807 0.481748012097
-2.56000000 -2.560000000000 0.071757542264 -0.988118955603 0.000000000000 -1.000000000000 -0.719101123596 0.000000000000 -0.256000000000 -0.640000000000 -0.512000000000 0.000000000000 -0.922695259557 -1.622189927630 0.074462311208 -1.280000000000 -0.556928572357 -0.183699308195 -0.000007067558 -0.013398036899 -0.190271983664 -0.187733333333 1.560000000000 -1.280000000000 -6.120000000000 1.560000000000 0.037213962371 0.481393018815
-2.54000000 -2.540000000000 0.073101173422 -0.987637078217 0.000000000000 -1.000000000000 -0.717514124294 0.000000000000 -0.254000000000 -0.635000000000 -0.508000000000 0.000000000000 -0.921133600209 -1.619444375360 0.075910860066 -1.270000000000 -0.556913420303 -0.185676980493 -0.000007749835 -0.014078263545 -0.192444076149 -0.194733333333 1.540000000000 -1.270000000000 -6.080000000000 1.540000000000 0.037937214146 0.481031392927
-2.52000000 -2.520000000000 0.074467945166 -0.987135783066 0.000000000000 -1.000000000000 -0.715909090909 0.000000000000 -0.252000000000 -0.630000000000 -0.504000000000 0.000000000000 -0.919540393250 -1.616643359256 0.077386512416 -1.260000000000 -0.556854208395 -0.187659221818 -0.000008497450 -0.014786709123 -0.194625649899 -0.201600000000 1.520000000000 -1.260000000000 -6.040000000000 1.520000000000 0.038673957662 0.480663021169
-2.50000000 -2.500000000000 0.075858180021 -0.986614298151 0.000000000000 -1.000000000000 -0.714285714286 0.000000000000 -0.250000000000 -0.625000000000 -0.500000000000 0.000000000000 -0.917915001376 -1.613785758873 0.078889734293 -1.250000000000 -0.556750347063 -0.189645450053 -0.000009316598 -0.015524163314 -0.196816203907 -0.208333333333 1.500000000000 -1.250000000000 -6.000000000000 1.500000000000 0.039424422479 0.480287788760
-2.48000000 -2.480000000000 0.077272202137 -0.986071821644 0.000000000000 -1.000000000000 -0.712643678161 0.000000000000 -0.248000000000 -0.620000000000 -0.496000000000 0.000000000000 -0.916256774408 -1.610870431133 0.080420998198 -1.240000000000 -0.556601244613 -0.191635061299 -0.000010214058 -0.016291415456 -0.199015214324 -0.214933333333 1.480000000000 -1.240000000000 -5.960000000000 1.480000000000 0.040188841199 0.479905579401
-2.46000000 -2.460000000000 0.078710337171 -0.985507520808 0.000000000000 -1.000000000000 -0.710982658960 0.000000000000 -0.246000000000 -0.615000000000 -0.492000000000 0.000000000000 -0.914565049033 -1.607896209866 0.081980783130 -1.230000000000 -0.556406307297 -0.193627429440 -0.000011197240 -0.017089252940 -0.201222133841 -0.221400000000 1.460000000000 -1.230000000000 -5.920000000000 1.460000000000 0.040967449465 0.479516275267
-2.44000000 -2.440000000000 0.080172912173 -0.984920530883 0.000000000000 -1.000000000000 -0.709302325581 0.000000000000 -0.244000000000 -0.610000000000 -0.488000000000 0.000000000000 -0.912839148538 -1.604861905344 0.083569574617 -1.220000000000 -0.556164939399 -0.195621905702 -0.000012274250 -0.017918459531 -0.203436391059 -0.227733333333 1.440000000000 -1.220000000000 -5.880000000000 1.440000000000 0.041760485974 0.479119757013
-2.42000000 -2.420000000000 0.081660255462 -0.984309953939 0.000000000000 -1.000000000000 -0.707602339181 0.000000000000 -0.242000000000 -0.605000000000 -0.484000000000 0.000000000000 -0.911078382541 -1.601766303805 0.085187864739 -1.210000000000 -0.555876543307 -0.197617818217 -0.000013453947 -0.018779813592 -0.205657389857 -0.233933333333 1.420000000000 -1.210000000000 -5.840000000000 1.420000000000 0.042568192466 0.478715903767
-2.40000000 -2.400000000000 0.083172696494 -0.983674857694 0.000000000000 -1.000000000000 -0.705882352941 0.000000000000 -0.240000000000 -0.600000000000 -0.480000000000 0.000000000000 -0.909282046711 -1.598608166966 0.086836152154 -1.200000000000 -0.555540519602 -0.199614471585 -0.000014746019 -0.019674086219 -0.207884508739 -0.240000000000 1.400000000000 -1.200000000000 -5.800000000000 1.400000000000 0.043390813738 0.478304593131
-2.38000000 -2.380000000000 0.084710565731 -0.983014274297 0.000000000000 -1.000000000000 -0.704142011834 0.000000000000 -0.238000000000 -0.595000000000 -0.476000000000 0.000000000000 -0.907449422490 -1.595386231531 0.088514942120 -1.190000000000 -0.555156267136 -0.201611146439 -0.000016161054 -0.020602039281 -0.210117100187 -0.245933333333 1.380000000000 -1.190000000000 -5.760000000000 1.380000000000 0.044228597629 0.477885701186
-2.36000000 -2.360000000000 0.086274194496 -0.982327199079 0.000000000000 -1.000000000000 -0.702380952381 0.000000000000 -0.236000000000 -0.590000000000 -0.472000000000 0.000000000000 -0.905579776804 -1.592099208683 0.090224746513 -1.180000000000 -0.554723183118 -0.203607099010 -0.000017710624 -0.021564423372 -0.212354489992 -0.251733333333 1.360000000000 -1.180000000000 -5.720000000000 1.360000000000 0.045081795024 0.477459102488
-2.34000000 -2.340000000000 0.087863914829 -0.981612589265 0.000000000000 -1.000000000000 -0.700598802395 0.000000000000 -0.234000000000 -0.585000000000 -0.468000000000 0.000000000000 -0.903672361770 -1.588745783569 0.091966083843 -1.170000000000 -0.554240663199 -0.205601560701 -0.000019407376 -0.022561975672 -0.214595976586 -0.257400000000 1.340000000000 -1.170000000000 -5.680000000000 1.340000000000 0.045950659846 0.477024670077
-2.32000000 -2.320000000000 0.089480059334 -0.980869362656 0.000000000000 -1.000000000000 -0.698795180723 0.000000000000 -0.232000000000 -0.580000000000 -0.464000000000 0.000000000000 -0.901726414396 -1.585324614774 0.093739479267 -1.160000000000 -0.553708101564 -0.207593737654 -0.000021265129 -0.023595417711 -0.216840830359 -0.262933333333 1.320000000000 -1.160000000000 -5.640000000000 1.320000000000 0.046835449047 0.476582275477
-2.30000000 -2.300000000000 0.091122961015 -0.980096396266 0.000000000000 -1.000000000000 -0.696969696970 0.000000000000 -0.230000000000 -0.575000000000 -0.460000000000 0.000000000000 -0.899741156277 -1.581834333784 0.095545464598 -1.150000000000 -0.553124891017 -0.209582810334 -0.000023298979 -0.024665453050 -0.219088292975 -0.268333333333 1.300000000000 -1.150000000000 -5.600000000000 1.300000000000 0.047736422595 0.476131788703
-2.28000000 -2.280000000000 0.092792953117 -0.979292524938 0.000000000000 -1.000000000000 -0.695121951220 0.000000000000 -0.228000000000 -0.570000000000 -0.456000000000 0.000000000000 -0.897715793284 -1.578273544442 0.097384578311 -1.140000000000 -0.552490423072 -0.211567933107 -0.000025525420 -0.025772764864 -0.221337576674 -0.273600000000 1.280000000000 -1.140000000000 -5.560000000000 1.280000000000 0.048653843466 0.475673078267
-2.26000000 -2.260000000000 0.094490368950 -0.978456539910 0.000000000000 -1.000000000000 -0.693251533742 0.000000000000 -0.226000000000 -0.565000000000 -0.452000000000 0.000000000000 -0.895649515245 -1.574640822383 0.099257365548 -1.130000000000 -0.551804088046 -0.213548233827 -0.000027962463 -0.026918013446 -0.223587863573 -0.278733333333 1.260000000000 -1.130000000000 -5.520000000000 1.260000000000 0.049587977626 0.475206011187
-2.24000000 -2.240000000000 0.096215541711 -0.977587187356 0.000000000000 -1.000000000000 -0.691358024691 0.000000000000 -0.224000000000 -0.560000000000 -0.448000000000 0.000000000000 -0.893541495621 -1.570934714471 0.101164378115 -1.120000000000 -0.551065275154 -0.215522813432 -0.000030629780 -0.028101833617 -0.225838304957 -0.283733333333 1.240000000000 -1.120000000000 -5.480000000000 1.240000000000 0.050539094009 0.474730452995
-2.22000000 -2.220000000000 0.097968804298 -0.976683166890 0.000000000000 -1.000000000000 -0.689440993789 0.000000000000 -0.222000000000 -0.555000000000 -0.444000000000 0.000000000000 -0.891390891175 -1.567153738212 0.103106174482 -1.110000000000 -0.550273372604 -0.217490745541 -0.000033548852 -0.029324832052 -0.228088020567 -0.288600000000 1.220000000000 -1.110000000000 -5.440000000000 1.220000000000 0.051507464504 0.474246267748
-2.20000000 -2.200000000000 0.099750489120 -0.975743130031 0.000000000000 -1.000000000000 -0.687500000000 0.000000000000 -0.220000000000 -0.550000000000 -0.440000000000 0.000000000000 -0.889196841638 -1.563296381167 0.105083319769 -1.100000000000 -0.549427767691 -0.219451076063 -0.000036743128 -0.030587584530 -0.230336097878 -0.293333333333 1.200000000000 -1.100000000000 -5.400000000000 1.200000000000 0.052493363923 0.473753318038
-2.18000000 -2.180000000000 0.101560927898 -0.974765678641 0.000000000000 -1.000000000000 -0.685534591195 0.000000000000 -0.218000000000 -0.545000000000 -0.436000000000 0.000000000000 -0.886958469360 -1.559361100340 0.107096385740 -1.090000000000 -0.548527846897 -0.221402822817 -0.000040238207 -0.031890633092 -0.232581591379 -0.297933333333 1.180000000000 -1.090000000000 -5.360000000000 1.180000000000 0.053497069982 0.473251465009
-2.16000000 -2.160000000000 0.103400451458 -0.973749363326 0.000000000000 -1.000000000000 -0.683544303797 0.000000000000 -0.216000000000 -0.540000000000 -0.432000000000 0.000000000000 -0.884674878962 -1.555346321567 0.109145950783 -1.080000000000 -0.547572995991 -0.223344975150 -0.000044062029 -0.033234483133 -0.234823521842 -0.302400000000 1.160000000000 -1.080000000000 -5.320000000000 1.160000000000 0.054518863266 0.472740568367
-2.14000000 -2.140000000000 0.105269389523 -0.972692681805 0.000000000000 -1.000000000000 -0.681528662420 0.000000000000 -0.214000000000 -0.535000000000 -0.428000000000 0.000000000000 -0.882345156978 -1.551250438883 0.111232599895 -1.070000000000 -0.546562600129 -0.225276493578 -0.000048245079 -0.034619600416 -0.237060875597 -0.306733333333 1.140000000000 -1.070000000000 -5.280000000000 1.140000000000 0.055559027199 0.472220486400
-2.12000000 -2.120000000000 0.107168070487 -0.971594077255 0.000000000000 -1.000000000000 -0.679487179487 0.000000000000 -0.212000000000 -0.530000000000 -0.424000000000 0.000000000000 -0.879968371489 -1.547071813881 0.113356924651 -1.060000000000 -0.545496043958 -0.227196309431 -0.000052820625 -0.036046408013 -0.239292603791 -0.310933333333 1.120000000000 -1.060000000000 -5.240000000000 1.120000000000 0.056617848006 0.471691075997
-2.10000000 -2.100000000000 0.109096821196 -0.970451936613 0.000000000000 -1.000000000000 -0.677419354839 0.000000000000 -0.210000000000 -0.525000000000 -0.420000000000 0.000000000000 -0.877543571747 -1.542808775053 0.115519523180 -1.050000000000 -0.544372711717 -0.229103324511 -0.000057824951 -0.037515283182 -0.241517621660 -0.315000000000 1.100000000000 -1.050000000000 -5.200000000000 1.100000000000 0.057695614677 0.471152192662
-2.08000000 -2.080000000000 0.111055966711 -0.969264588869 0.000000000000 -1.000000000000 -0.675324675325 0.000000000000 -0.208000000000 -0.520000000000 -0.416000000000 0.000000000000 -0.875069787801 -1.538459617129 0.117721000131 -1.040000000000 -0.543191987345 -0.230996410760 -0.000063297638 -0.039026554185 -0.243734807788 -0.318933333333 1.080000000000 -1.040000000000 -5.160000000000 1.080000000000 0.058792618921 0.470603690540
-2.06000000 -2.060000000000 0.113045830072 -0.968030303316 0.000000000000 -1.000000000000 -0.673202614379 0.000000000000 -0.206000000000 -0.515000000000 -0.412000000000 0.000000000000 -0.872546030105 -1.534022600387 0.119961966634 -1.030000000000 -0.541953254583 -0.232874409948 -0.000069281846 -0.040580497043 -0.245943003375 -0.322733333333 1.060000000000 -1.030000000000 -5.120000000000 1.060000000000 0.059909155121 0.470045422440
-2.04000000 -2.040000000000 0.115066732046 -0.966747287784 0.000000000000 -1.000000000000 -0.671052631579 0.000000000000 -0.204000000000 -0.510000000000 -0.408000000000 0.000000000000 -0.869971289122 -1.529495949961 0.122243040258 -1.020000000000 -0.540655897088 -0.234736133373 -0.000075824632 -0.042177332247 -0.248141011502 -0.326400000000 1.040000000000 -1.020000000000 -5.080000000000 1.040000000000 0.061045520285 0.469477239857
-2.02000000 -2.020000000000 0.117118990876 -0.965413686860 0.000000000000 -1.000000000000 -0.668874172185 0.000000000000 -0.202000000000 -0.505000000000 -0.404000000000 0.000000000000 -0.867344534920 -1.524877855130 0.124564844963 -1.010000000000 -0.539299298538 -0.236580361569 -0.000082977293 -0.043817221411 -0.250327596393 -0.329933333333 1.020000000000 -1.010000000000 -5.040000000000 1.020000000000 0.062202013993 0.468898993004
-2.00000000 -2.000000000000 0.119202922022 -0.964027580076 0.000000000000 -1.000000000000 -0.666666666667 0.000000000000 -0.200000000000 -0.500000000000 -0.400000000000 0.000000000000 -0.864664716763 -1.520166468596 0.126928011043 -1.000000000000 -0.537882842740 -0.238405844044 -0.000090795737 -0.045500263896 -0.252501482696 -0.333333333333 1.000000000000 -1.000000000000 -5.000000000000 1.000000000000 0.063378938333 0.468310530833
-1.98000000 -1.980000000000 0.121318837892 -0.962586980091 0.005000000000 -1.000000000000 -0.664429530201 0.000000000000 -0.198000000000 -0.495000000000 -0.396000000000 0.000000000000 -0.861930762689 -1.515359905740 0.129333175076 -0.990000000000 -0.536405913748 -0.240211299026 -0.000099340886 -0.047226493396 -0.254661354746 -0.336600000000 0.980000000000 -0.990000000000 -4.960000000000 0.980000000000 0.064576597849 0.467711701076
-1.96000000 -1.960000000000 0.123467047565 -0.961089830864 0.010000000000 -1.000000000000 -0.662162162162 0.000000000000 -0.196000000000 -0.490000000000 -0.392000000000 0.000000000000 -0.859141579079 -1.510456243873 0.131780979851 -0.980000000000 -0.534867895971 -0.241995413228 -0.000108679108 -0.048995874491 -0.256805855857 -0.339733333333 0.960000000000 -0.980000000000 -4.920000000000 0.960000000000 0.065795299467 0.467102350266
-1.94000000 -1.940000000000 0.125647856515 -0.959534005808 0.015000000000 -1.000000000000 -0.659863945578 0.000000000000 -0.194000000000 -0.485000000000 -0.388000000000 0.000000000000 -0.856296050222 -1.505453521466 0.134272074308 -0.970000000000 -0.533268174288 -0.243756841640 -0.000118882695 -0.050808299184 -0.258933587601 -0.342733333333 0.940000000000 -0.970000000000 -4.880000000000 0.940000000000 0.067035352429 0.466482323785
-1.92000000 -1.920000000000 0.127861566319 -0.957917305959 0.020000000000 -1.000000000000 -0.657534246575 0.000000000000 -0.192000000000 -0.480000000000 -0.384000000000 0.000000000000 -0.853393037870 -1.500349737362 0.136807113452 -0.960000000000 -0.531606134161 -0.245494207333 -0.000130030367 -0.052663583431 -0.261043109109 -0.345600000000 0.920000000000 -0.960000000000 -4.840000000000 0.920000000000 0.068297068218 0.465851465891
-1.90000000 -1.900000000000 0.130108474363 -0.956237458128 0.025000000000 -1.000000000000 -0.655172413793 0.000000000000 -0.190000000000 -0.475000000000 -0.380000000000 0.000000000000 -0.850431380777 -1.495142849981 0.139386758283 -0.950000000000 -0.529881161757 -0.247206101290 -0.000142207832 -0.054561463650 -0.263132936377 -0.348333333333 0.900000000000 -0.950000000000 -4.800000000000 0.900000000000 0.069580760477 0.465209619762
-1.88000000 -1.880000000000 0.132388873542 -0.954492113074 0.030000000000 -1.000000000000 -0.652777777778 0.000000000000 -0.188000000000 -0.470000000000 -0.376000000000 0.000000000000 -0.847409894243 -1.489830776496 0.142011675702 -0.940000000000 -0.528092644057 -0.248891082259 -0.000155508379 -0.056501593247 -0.265201541578 -0.350933333333 0.880000000000 -0.940000000000 -4.760000000000 0.880000000000 0.070886744926 0.464556627537
-1.86000000 -1.860000000000 0.134703051952 -0.952678843689 0.035000000000 -1.000000000000 -0.650349650350 0.000000000000 -0.186000000000 -0.465000000000 -0.372000000000 0.000000000000 -0.844327369632 -1.484411392009 0.144682538421 -0.930000000000 -0.526239968983 -0.250547676631 -0.000170033525 -0.058483539144 -0.267247352401 -0.353400000000 0.860000000000 -0.930000000000 -4.720000000000 0.860000000000 0.072215339275 0.463892330362
-1.84000000 -1.840000000000 0.137051292575 -0.950795143195 0.040000000000 -1.000000000000 -0.647887323944 0.000000000000 -0.184000000000 -0.460000000000 -0.368000000000 0.000000000000 -0.841182573893 -1.478882528694 0.147400024863 -0.920000000000 -0.524322525510 -0.252174378339 -0.000185893717 -0.060506778333 -0.269268751389 -0.355733333333 0.840000000000 -0.920000000000 -4.680000000000 0.840000000000 0.073566863129 0.463216568435
-1.82000000 -1.820000000000 0.139433872962 -0.948838423376 0.045000000000 -1.000000000000 -0.645390070922 0.000000000000 -0.182000000000 -0.455000000000 -0.364000000000 0.000000000000 -0.837974249066 -1.473241974930 0.150164819057 -0.910000000000 -0.522339703791 -0.253769648790 -0.000203209080 -0.062570694452 -0.271264075301 -0.357933333333 0.820000000000 -0.910000000000 -4.640000000000 0.820000000000 0.074941637889 0.462529181055
-1.80000000 -1.800000000000 0.141851064900 -0.946806012846 0.050000000000 -1.000000000000 -0.642857142857 0.000000000000 -0.180000000000 -0.450000000000 -0.360000000000 0.000000000000 -0.834701111778 -1.467487474422 0.152977610526 -0.900000000000 -0.520290895275 -0.255331916821 -0.000222110237 -0.064674574403 -0.273231614499 -0.360000000000 0.800000000000 -0.900000000000 -4.600000000000 0.800000000000 0.076339986651 0.461830006675
-1.78000000 -1.780000000000 0.144303134091 -0.944695155354 0.055000000000 -1.000000000000 -0.640287769784 0.000000000000 -0.178000000000 -0.445000000000 -0.356000000000 0.000000000000 -0.831361852731 -1.461616725293 0.155839094169 -0.890000000000 -0.518175492832 -0.256859578681 -0.000242739182 -0.066817605020 -0.275169612338 -0.361933333333 0.780000000000 -0.890000000000 -4.560000000000 0.780000000000 0.077762234092 0.461118882954
-1.76000000 -1.760000000000 0.146790339801 -0.942503008147 0.060000000000 -1.000000000000 -0.637681159420 0.000000000000 -0.176000000000 -0.440000000000 -0.352000000000 0.000000000000 -0.827955136177 -1.455627379164 0.158749970135 -0.880000000000 -0.515992890875 -0.258350998050 -0.000265250230 -0.068998869786 -0.277076264599 -0.363733333333 0.760000000000 -0.880000000000 -4.520000000000 0.760000000000 0.079208706362 0.460395646819
-1.74000000 -1.740000000000 0.149312934531 -0.940226640393 0.065000000000 -1.000000000000 -0.635036496350 0.000000000000 -0.174000000000 -0.435000000000 -0.348000000000 0.000000000000 -0.824479599383 -1.449517040217 0.161710943690 -0.870000000000 -0.513742485483 -0.259804506084 -0.000289811033 -0.071217345623 -0.278949718929 -0.365400000000 0.740000000000 -0.870000000000 -4.480000000000 0.740000000000 0.080679730959 0.459660134521
-1.72000000 -1.720000000000 0.151871163657 -0.937863031681 0.070000000000 -1.000000000000 -0.632352941176 0.000000000000 -0.172000000000 -0.430000000000 -0.344000000000 0.000000000000 -0.820933852089 -1.443283264236 0.164722725080 -0.860000000000 -0.511423674527 -0.261218401489 -0.000316603677 -0.073471899761 -0.280788074319 -0.366933333333 0.720000000000 -0.860000000000 -4.440000000000 0.720000000000 0.082175636606 0.458912181697
-1.70000000 -1.700000000000 0.154465265084 -0.935409070603 0.075000000000 -1.000000000000 -0.629629629630 0.000000000000 -0.170000000000 -0.425000000000 -0.340000000000 0.000000000000 -0.817316475947 -1.436923557627 0.167786029386 -0.850000000000 -0.509035857794 -0.262590950642 -0.000345825863 -0.075761286690 -0.282589380604 -0.368333333333 0.700000000000 -0.850000000000 -4.400000000000 0.700000000000 0.083696753120 0.458151623440
-1.68000000 -1.680000000000 0.157095468885 -0.932861553437 0.080000000000 -1.000000000000 -0.626865671642 0.000000000000 -0.168000000000 -0.420000000000 -0.336000000000 0.000000000000 -0.813626023961 -1.430435376421 0.170901576368 -0.840000000000 -0.506578437116 -0.263920387728 -0.000377692174 -0.078084145211 -0.284351638003 -0.369600000000 0.680000000000 -0.840000000000 -4.360000000000 0.680000000000 0.085243411275 0.457378294363
-1.66000000 -1.660000000000 0.159761996944 -0.930217182937 0.085000000000 -1.000000000000 -0.624060150376 0.000000000000 -0.166000000000 -0.415000000000 -0.332000000000 0.000000000000 -0.809861019898 -1.423816125262 0.174070090305 -0.830000000000 -0.504050816492 -0.265204914926 -0.000412435436 -0.080438995603 -0.286072796684 -0.370733333333 0.660000000000 -0.830000000000 -4.320000000000 0.660000000000 0.086815942654 0.456592028673
-1.64000000 -1.640000000000 0.162465062581 -0.927472567251 0.090000000000 -1.000000000000 -0.621212121212 0.000000000000 -0.164000000000 -0.410000000000 -0.328000000000 0.000000000000 -0.806019957709 -1.417063156358 0.177292299831 -0.820000000000 -0.501452402223 -0.266442702632 -0.000450308176 -0.082824236898 -0.287750756370 -0.371733333333 0.640000000000 -0.820000000000 -4.280000000000 0.640000000000 0.088414679510 0.455792660245
-1.62000000 -1.620000000000 0.165204870191 -0.924624218983 0.095000000000 -1.000000000000 -0.618320610687 0.000000000000 -0.162000000000 -0.405000000000 -0.324000000000 0.000000000000 -0.802101300916 -1.410173768434 0.180568937757 -0.810000000000 -0.498782603031 -0.267631889709 -0.000491584189 -0.085238144296 -0.289383365986 -0.372600000000 0.620000000000 -0.810000000000 -4.240000000000 0.620000000000 0.090039954601 0.454980022699
-1.60000000 -1.600000000000 0.167981614866 -0.921668554406 0.100000000000 -1.000000000000 -0.615384615385 0.000000000000 -0.160000000000 -0.400000000000 -0.320000000000 0.000000000000 -0.798103482005 -1.403145205642 0.183900740888 -0.800000000000 -0.496040830196 -0.268770583786 -0.000536560209 -0.087678866719 -0.290968423343 -0.373333333333 0.600000000000 -0.800000000000 -4.200000000000 0.600000000000 0.091692101034 0.454153949483
-1.58000000 -1.580000000000 0.170795482022 -0.918601892857 0.105000000000 -1.000000000000 -0.612403100775 0.000000000000 -0.158000000000 -0.395000000000 -0.316000000000 0.000000000000 -0.794024901795 -1.395974656462 0.187288449837 -0.790000000000 -0.493226497679 -0.269856861595 -0.000585557702 -0.090144424516 -0.292503674873 -0.373933333333 0.580000000000 -0.790000000000 -4.160000000000 0.580000000000 0.093371452095 0.453314273952
-1.56000000 -1.560000000000 0.173646647019 -0.915420456316 0.110000000000 -1.000000000000 -0.609375000000 0.000000000000 -0.156000000000 -0.390000000000 -0.312000000000 0.000000000000 -0.789863928799 -1.388659252581 0.190732808824 -0.780000000000 -0.490339022256 -0.270888769350 -0.000638924777 -0.092632707328 -0.293986815406 -0.374400000000 0.560000000000 -0.780000000000 -4.120000000000 0.560000000000 0.095078341075 0.452460829462
-1.54000000 -1.540000000000 0.176535274779 -0.912120369208 0.115000000000 -1.000000000000 -0.606299212598 0.000000000000 -0.154000000000 -0.385000000000 -0.308000000000 0.000000000000 -0.785618898573 -1.381196067738 0.194234565472 -0.770000000000 -0.487377823646 -0.271864323160 -0.000697038224 -0.095141472136 -0.295415488005 -0.374733333333 0.540000000000 -0.770000000000 -4.080000000000 0.540000000000 0.096813101091 0.451593449454
-1.52000000 -1.520000000000 0.179461519407 -0.908697658431 0.120000000000 -1.000000000000 -0.603174603175 0.000000000000 -0.152000000000 -0.380000000000 -0.304000000000 0.000000000000 -0.781288113048 -1.373582116561 0.197794470597 -0.760000000000 -0.484342324641 -0.272781509499 -0.000760305683 -0.097668341485 -0.296787283846 -0.374933333333 0.520000000000 -0.760000000000 -4.040000000000 0.520000000000 0.098576064895 0.450711967552
-1.50000000 -1.500000000000 0.182425523806 -0.905148253645 0.125000000000 -1.000000000000 -0.600000000000 0.000000000000 -0.150000000000 -0.375000000000 -0.300000000000 0.000000000000 -0.776869839852 -1.365814353367 0.201413277983 -0.750000000000 -0.481231951237 -0.273638285710 -0.000829167955 -0.100210801903 -0.298099742167 -0.375000000000 0.500000000000 -0.750000000000 -4.000000000000 0.500000000000 0.100367564683 0.449816217658
-1.48000000 -1.480000000000 0.185427419293 -0.901467987832 0.130000000000 -1.000000000000 -0.596774193548 0.000000000000 -0.148000000000 -0.370000000000 -0.296000000000 0.000000000000 -0.772362311616 -1.357889670948 0.205091744159 -0.740000000000 -0.478046132767 -0.274432580554 -0.000904101452 -0.102766202533 -0.299350350262 -0.374933333333 0.480000000000 -0.740000000000 -3.960000000000 0.480000000000 0.102187931893 0.448906034053
-1.46000000 -1.460000000000 0.188467325214 -0.897652598166 0.135000000000 -1.000000000000 -0.593495934959 0.000000000000 -0.146000000000 -0.365000000000 -0.292000000000 0.000000000000 -0.767763725270 -1.349804899324 0.208830628160 -0.730000000000 -0.474784302030 -0.275162294812 -0.000985620787 -0.105331753970 -0.300536543557 -0.374733333333 0.460000000000 -0.730000000000 -3.920000000000 0.460000000000 0.104037496997 0.447981251501
-1.44000000 -1.440000000000 0.191545348561 -0.893697727204 0.140000000000 -1.000000000000 -0.590163934426 0.000000000000 -0.144000000000 -0.360000000000 -0.288000000000 0.000000000000 -0.763072241318 -1.341556804480 0.212630691286 -0.720000000000 -0.471445895422 -0.275825301929 -0.001074281521 -0.107904527329 -0.301655705739 -0.374400000000 0.440000000000 -0.720000000000 -3.880000000000 0.440000000000 0.105916589287 0.447041705356
-1.42000000 -1.420000000000 0.194661583592 -0.889598924434 0.145000000000 -1.000000000000 -0.586776859504 0.000000000000 -0.142000000000 -0.355000000000 -0.284000000000 0.000000000000 -0.758285983103 -1.333142087067 0.216492696850 -0.710000000000 -0.468030353071 -0.276419448700 -0.001170683055 -0.110481453548 -0.302705168960 -0.373933333333 0.420000000000 -0.710000000000 -3.840000000000 0.420000000000 0.107825536654 0.446087231673
-1.40000000 -1.400000000000 0.197816111441 -0.885351648202 0.150000000000 -1.000000000000 -0.583333333333 0.000000000000 -0.140000000000 -0.350000000000 -0.280000000000 0.000000000000 -0.753403036058 -1.324557381087 0.220417409918 -0.700000000000 -0.464537118965 -0.276942556018 -0.001275471672 -0.113059322927 -0.303682214121 -0.373333333333 0.400000000000 -0.700000000000 -3.800000000000 0.400000000000 0.109764665358 0.445117667321
-1.38000000 -1.380000000000 0.201008999751 -0.880951268047 0.155000000000 -1.000000000000 -0.579831932773 0.000000000000 -0.138000000000 -0.345000000000 -0.276000000000 0.000000000000 -0.748421446940 -1.315799252542 0.224405597047 -0.690000000000 -0.460965641082 -0.277392419656 -0.001389343732 -0.115634784933 -0.304584071226 -0.372600000000 0.380000000000 -0.690000000000 -3.760000000000 0.380000000000 0.111734299795 0.444132850102
-1.36000000 -1.360000000000 0.204240302284 -0.876393067473 0.160000000000 -1.000000000000 -0.576271186441 0.000000000000 -0.136000000000 -0.340000000000 -0.272000000000 0.000000000000 -0.743339223046 -1.306864198064 0.228458026006 -0.680000000000 -0.457315371530 -0.277766811106 -0.001513049005 -0.118204348248 -0.305407919819 -0.371733333333 0.360000000000 -0.680000000000 -3.720000000000 0.360000000000 0.113734762253 0.443132618873
-1.34000000 -1.340000000000 0.207510058560 -0.871672247190 0.165000000000 -1.000000000000 -0.572649572650 0.000000000000 -0.134000000000 -0.335000000000 -0.268000000000 0.000000000000 -0.738154331420 -1.297748643513 0.232575465500 -0.670000000000 -0.453585766668 -0.278063478470 -0.001647394153 -0.120764381102 -0.306150889514 -0.370733333333 0.340000000000 -0.670000000000 -3.680000000000 0.340000000000 0.115766372665 0.442116813667
-1.32000000 -1.320000000000 0.210818293478 -0.866783928850 0.170000000000 -1.000000000000 -0.568965517241 0.000000000000 -0.132000000000 -0.330000000000 -0.264000000000 0.000000000000 -0.732864698034 -1.288448942544 0.236758684876 -0.660000000000 -0.449776287244 -0.278280147391 -0.001793246335 -0.123311111871 -0.306810060599 -0.369600000000 0.320000000000 -0.660000000000 -3.640000000000 0.320000000000 0.117829448350 0.441085275825
-1.30000000 -1.300000000000 0.214165016957 -0.861723159313 0.175000000000 -1.000000000000 -0.565217391304 0.000000000000 -0.130000000000 -0.325000000000 -0.260000000000 0.000000000000 -0.727468206966 -1.278961375154 0.241008453833 -0.650000000000 -0.445886398524 -0.278414522045 -0.001951536934 -0.125840629961 -0.307382464749 -0.368333333333 0.300000000000 -0.650000000000 -3.600000000000 0.300000000000 0.119924303752 0.440037848124
-1.28000000 -1.280000000000 0.217550223577 -0.856484915472 0.180000000000 -1.000000000000 -0.561403508772 0.000000000000 -0.128000000000 -0.320000000000 -0.256000000000 0.000000000000 -0.721962699547 -1.269282146190 0.245325542113 -0.640000000000 -0.441915570424 -0.278464286178 -0.002123265383 -0.128348886982 -0.307865085822 -0.366933333333 0.280000000000 -0.640000000000 -3.560000000000 0.280000000000 0.122051250170 0.438974374915
-1.26000000 -1.260000000000 0.220973892220 -0.851064109668 0.185000000000 -1.000000000000 -0.557522123894 0.000000000000 -0.126000000000 -0.315000000000 -0.252000000000 0.000000000000 -0.716345973500 -1.259407383829 0.249710719193 -0.630000000000 -0.437863277637 -0.278427104197 -0.002309503068 -0.130831698213 -0.308254860761 -0.365400000000 0.260000000000 -0.630000000000 -3.520000000000 0.260000000000 0.124210595479 0.437894702260
-1.24000000 -1.240000000000 0.224435985731 -0.845455595727 0.190000000000 -1.000000000000 -0.553571428571 0.000000000000 -0.124000000000 -0.310000000000 -0.248000000000 0.000000000000 -0.710615782061 -1.249333138037 0.254164753971 -0.620000000000 -0.433728999768 -0.278300622306 -0.002511397282 -0.133284744372 -0.308548680598 -0.363733333333 0.240000000000 -0.620000000000 -3.480000000000 0.240000000000 0.126402643851 0.436798678074
-1.22000000 -1.220000000000 0.227936450573 -0.839654175654 0.195000000000 -1.000000000000 -0.549549549550 0.000000000000 -0.122000000000 -0.305000000000 -0.244000000000 0.000000000000 -0.704769833076 -1.239055378980 0.258688414435 -0.610000000000 -0.429512221462 -0.278082469699 -0.002730175196 -0.135703573686 -0.308743391565 -0.361933333333 0.220000000000 -0.610000000000 -3.440000000000 0.220000000000 0.128627695461 0.435686152269
-1.20000000 -1.200000000000 0.231475216501 -0.833654607012 0.200000000000 -1.000000000000 -0.545454545455 0.000000000000 -0.120000000000 -0.300000000000 -0.240000000000 0.000000000000 -0.698805788088 -1.228569995417 0.263282467338 -0.600000000000 -0.425212432529 -0.277770259801 -0.002967147788 -0.138083604266 -0.308835796315 -0.360000000000 0.200000000000 -0.600000000000 -3.400000000000 0.200000000000 0.130886046190 0.434556976905
-1.18000000 -1.180000000000 0.235052196236 -0.827451611008 0.205000000000 -1.000000000000 -0.541284403670 0.000000000000 -0.118000000000 -0.295000000000 -0.236000000000 0.000000000000 -0.692721261399 -1.217872793056 0.267947677858 -0.590000000000 -0.420829128081 -0.277361591559 -0.003223713700 -0.140420126797 -0.308822655257 -0.357933333333 0.180000000000 -0.590000000000 -3.360000000000 0.180000000000 0.133177987323 0.433411006338
-1.16000000 -1.160000000000 0.238667285157 -0.821039881333 0.210000000000 -1.000000000000 -0.537037037037 0.000000000000 -0.116000000000 -0.290000000000 -0.232000000000 0.000000000000 -0.686513819117 -1.206959492873 0.272684809253 -0.580000000000 -0.416361808652 -0.276854050782 -0.003501362937 -0.142708307540 -0.308700688010 -0.355733333333 0.160000000000 -0.580000000000 -3.320000000000 0.160000000000 0.135503805241 0.432248097379
-1.14000000 -1.140000000000 0.242320360996 -0.814414093766 0.215000000000 -1.000000000000 -0.532710280374 0.000000000000 -0.114000000000 -0.285000000000 -0.228000000000 0.000000000000 -0.680180978184 -1.195825729402 0.277494622514 -0.570000000000 -0.411809980330 -0.276245211536 -0.003801680330 -0.144943191642 -0.308466574969 -0.353400000000 0.140000000000 -0.570000000000 -3.280000000000 0.140000000000 0.137863781100 0.431068109450
-1.12000000 -1.120000000000 0.246011283551 -0.807568916579 0.220000000000 -1.000000000000 -0.528301886792 0.000000000000 -0.112000000000 -0.280000000000 -0.224000000000 0.000000000000 -0.673720205377 -1.184467048989 0.282377876008 -0.560000000000 -0.407173154885 -0.275532637577 -0.004126348687 -0.147119706768 -0.308116959010 -0.350933333333 0.120000000000 -0.560000000000 -3.240000000000 0.120000000000 0.140258190514 0.429870904743
-1.10000000 -1.100000000000 0.249739894405 -0.800499021761 0.225000000000 -1.000000000000 -0.523809523810 0.000000000000 -0.110000000000 -0.275000000000 -0.220000000000 0.000000000000 -0.667128916302 -1.172878908011 0.287335325115 -0.550000000000 -0.402450849888 -0.274713883845 -0.004477151487 -0.149232667041 -0.307648447302 -0.348333333333 0.100000000000 -0.550000000000 -3.200000000000 0.100000000000 0.142687303222 0.428656348389
-1.08000000 -1.080000000000 0.253506016662 -0.793199097084 0.230000000000 -1.000000000000 -0.519230769231 0.000000000000 -0.108000000000 -0.270000000000 -0.216000000000 0.000000000000 -0.660404474355 -1.161056671056 0.292367721864 -0.540000000000 -0.397642588845 -0.273786497995 -0.004855975014 -0.151276777296 -0.307057613268 -0.345600000000 0.080000000000 -0.540000000000 -3.160000000000 0.080000000000 0.145151382759 0.427424308620
-1.06000000 -1.060000000000 0.257309454697 -0.785663859027 0.235000000000 -1.000000000000 -0.514563106796 0.000000000000 -0.106000000000 -0.265000000000 -0.212000000000 0.000000000000 -0.653544189670 -1.148995609073 0.297475814558 -0.530000000000 -0.392747901315 -0.272748021979 -0.005264809749 -0.153246637644 -0.306340998659 -0.342733333333 0.060000000000 -0.530000000000 -3.120000000000 0.060000000000 0.147650686113 0.426174656943
-1.04000000 -1.040000000000 0.261149993916 -0.777888066577 0.240000000000 -1.000000000000 -0.509803921569 0.000000000000 -0.104000000000 -0.260000000000 -0.208000000000 0.000000000000 -0.646545318041 -1.136690897476 0.302660347398 -0.520000000000 -0.387766323034 -0.271595993672 -0.005705750855 -0.155136748344 -0.305495115775 -0.339733333333 0.040000000000 -0.520000000000 -3.080000000000 0.040000000000 0.150185463382 0.424907268309
-1.02000000 -1.020000000000 0.265027400533 -0.769866535909 0.245000000000 -1.000000000000 -0.504950495050 0.000000000000 -0.102000000000 -0.255000000000 -0.204000000000 0.000000000000 -0.639405059827 -1.124137614216 0.307922060102 -0.510000000000 -0.382697396042 -0.270327948544 -0.006180997521 -0.156941514980 -0.304516449816 -0.336600000000 0.020000000000 -0.510000000000 -3.040000000000 0.020000000000 0.152755957423 0.423622021289
-1.00000000 -1.000000000000 0.268941421370 -0.761594155956 0.250000000000 -1.000000000000 -0.500000000000 0.000000000000 -0.100000000000 -0.250000000000 -0.200000000000 0.000000000000 -0.632120558829 -1.111330737813 0.313261687518 -0.500000000000 -0.377540668798 -0.268941421370 -0.006692850924 -0.158655253931 -0.303401461374 -0.333333333333 0.000000000000 -0.500000000000 -3.000000000000 0.000000000000 0.155362403497 0.422318798252
-0.98000000 -0.980000000000 0.272891783659 -0.753065904870 0.255000000000 -0.980000000000 -0.494949494949 0.000000000000 -0.098000000000 -0.245000000000 -0.196000000000 0.000000000000 -0.624688901149 -1.098265145344 0.318679959237 -0.490000000000 -0.372295696304 -0.267433947986 -0.007243710517 -0.160272198141 -0.302146589060 -0.329933333333 -0.020000000000 -0.490000000000 -2.960000000000 -0.020000000000 0.158005028913 0.420997485543
-0.96000000 -0.960000000000 0.276878194876 -0.744276867362 0.260000000000 -0.960000000000 -0.489795918367 0.000000000000 -0.096000000000 -0.240000000000 -0.192000000000 0.000000000000 -0.617107114025 -1.084935610399 0.324177599195 -0.480000000000 -0.366962040222 -0.265803067081 -0.007836068307 -0.161786503168 -0.300748252276 -0.326400000000 -0.040000000000 -0.480000000000 -2.920000000000 -0.040000000000 0.160684052661 0.419657973670
-0.94000000 -0.940000000000 0.280900342584 -0.735222252916 0.265000000000 -0.940000000000 -0.484536082474 0.000000000000 -0.094000000000 -0.235000000000 -0.188000000000 0.000000000000 -0.609372164641 -1.071336800987 0.329755325280 -0.470000000000 -0.361539268992 -0.264046322029 -0.008472500734 -0.163192253518 -0.299202854126 -0.322733333333 -0.060000000000 -0.470000000000 -2.880000000000 -0.060000000000 0.163399685045 0.418300157477
-0.92000000 -0.920000000000 0.284957894299 -0.725897414849 0.270000000000 -0.920000000000 -0.479166666667 0.000000000000 -0.092000000000 -0.230000000000 -0.184000000000 0.000000000000 -0.601480958915 -1.057463277402 0.335413848930 -0.460000000000 -0.356026957952 -0.262161262755 -0.009155657718 -0.164483469245 -0.297506784466 -0.318933333333 -0.080000000000 -0.460000000000 -2.840000000000 -0.080000000000 0.166152127316 0.416923936342
-0.90000000 -0.900000000000 0.289050497375 -0.716297870199 0.275000000000 -0.900000000000 -0.473684210526 0.000000000000 -0.090000000000 -0.225000000000 -0.180000000000 0.000000000000 -0.593430340259 -1.043309490049 0.341153874732 -0.450000000000 -0.350424689446 -0.260145447637 -0.009888248368 -0.165654112812 -0.295656423106 -0.315000000000 -0.100000000000 -0.450000000000 -2.800000000000 -0.100000000000 0.168941571292 0.415529214354
-0.88000000 -0.880000000000 0.293177778906 -0.706419320397 0.280000000000 -0.880000000000 -0.468085106383 0.000000000000 -0.088000000000 -0.220000000000 -0.176000000000 0.000000000000 -0.585217088318 -1.028869777225 0.346976100019 -0.440000000000 -0.344732052943 -0.257996445438 -0.010673022786 -0.166698096204 -0.293648143141 -0.310933333333 -0.120000000000 -0.440000000000 -2.760000000000 -0.120000000000 0.171768198986 0.414115900507
-0.86000000 -0.860000000000 0.297339345655 -0.696257672687 0.285000000000 -0.860000000000 -0.462365591398 0.000000000000 -0.086000000000 -0.215000000000 -0.172000000000 0.000000000000 -0.576837917682 -1.014138362853 0.352881214461 -0.430000000000 -0.338948645149 -0.255711837264 -0.011512749332 -0.167609288277 -0.291478314429 -0.306733333333 -0.140000000000 -0.430000000000 -2.720000000000 -0.140000000000 0.174632182224 0.412683908888
-0.84000000 -0.840000000000 0.301534783997 -0.685809062229 0.290000000000 -0.840000000000 -0.456521739130 0.000000000000 -0.084000000000 -0.210000000000 -0.168000000000 0.000000000000 -0.568289476571 -0.999109354170 0.358869899660 -0.420000000000 -0.333074070114 -0.253289218558 -0.012410186622 -0.168381522339 -0.289143307210 -0.302400000000 -0.160000000000 -0.420000000000 -2.680000000000 -0.160000000000 0.177533682266 0.411233158867
-0.82000000 -0.820000000000 0.305763659892 -0.675069874839 0.295000000000 -0.820000000000 -0.450549450549 0.000000000000 -0.082000000000 -0.205000000000 -0.164000000000 0.000000000000 -0.559568345494 -0.983776739372 0.364942828742 -0.410000000000 -0.327107939344 -0.250726201111 -0.013368049485 -0.169008603940 -0.286639495861 -0.297933333333 -0.180000000000 -0.410000000000 -2.640000000000 -0.180000000000 0.180472849421 0.409763575289
-0.80000000 -0.800000000000 0.310025518872 -0.664036770268 0.300000000000 -0.800000000000 -0.444444444444 0.000000000000 -0.080000000000 -0.200000000000 -0.160000000000 0.000000000000 -0.550671035883 -0.968134385209 0.371100665948 -0.400000000000 -0.321049871910 -0.248020415098 -0.014388967970 -0.169484318867 -0.283963262782 -0.293333333333 -0.200000000000 -0.400000000000 -2.600000000000 -0.200000000000 0.183449822666 0.408275088667
-0.78000000 -0.780000000000 0.314319886062 -0.652706705962 0.305000000000 -0.780000000000 -0.438202247191 0.000000000000 -0.078000000000 -0.195000000000 -0.156000000000 0.000000000000 -0.541593988695 -0.952176034531 0.377344066223 -0.390000000000 -0.314899494549 -0.245169511128 -0.015475438473 -0.169802441317 -0.281111002422 -0.288600000000 -0.220000000000 -0.390000000000 -2.560000000000 -0.220000000000 0.186464729258 0.406767635371
-0.76000000 -0.760000000000 0.318646266211 -0.641076961185 0.310000000000 -0.760000000000 -0.431818181818 0.000000000000 -0.076000000000 -0.190000000000 -0.152000000000 0.000000000000 -0.532333572990 -0.935895303785 0.383673674814 -0.380000000000 -0.308656441770 -0.242171162320 -0.016629765911 -0.169956742253 -0.278079125431 -0.283733333333 -0.240000000000 -0.380000000000 -2.520000000000 -0.240000000000 0.189517684356 0.405241157822
-0.74000000 -0.740000000000 0.323004143761 -0.629145161414 0.315000000000 -0.740000000000 -0.425287356322 0.000000000000 -0.074000000000 -0.185000000000 -0.148000000000 0.000000000000 -0.522886084479 -0.919285680461 0.390090126859 -0.370000000000 -0.302320355960 -0.239023066383 -0.017853995849 -0.169940997902 -0.274864062933 -0.278733333333 -0.260000000000 -0.370000000000 -2.480000000000 -0.260000000000 0.192608790630 0.403695604685
-0.72000000 -0.720000000000 0.327392982932 -0.616909302877 0.320000000000 -0.720000000000 -0.418604651163 0.000000000000 -0.072000000000 -0.180000000000 -0.144000000000 0.000000000000 -0.513247744040 -0.902340520488 0.396594046980 -0.360000000000 -0.295890887478 -0.235722947711 -0.019149835375 -0.169748998401 -0.271462270927 -0.273600000000 -0.280000000000 -0.360000000000 -2.440000000000 -0.280000000000 0.195738137884 0.402130931058
-0.70000000 -0.700000000000 0.331812227832 -0.604367777117 0.325000000000 -0.700000000000 -0.411764705882 0.000000000000 -0.070000000000 -0.175000000000 -0.140000000000 0.000000000000 -0.503414696209 -0.885053045577 0.403186048885 -0.350000000000 -0.289367694758 -0.232268559482 -0.020518561526 -0.169374556556 -0.267870234796 -0.268333333333 -0.300000000000 -0.350000000000 -2.400000000000 -0.300000000000 0.198905802673 0.400547098664
-0.68000000 -0.680000000000 0.336261302596 -0.591519395432 0.330000000000 -0.680000000000 -0.404761904762 0.000000000000 -0.068000000000 -0.170000000000 -0.136000000000 0.000000000000 -0.493383007634 -0.867416340507 0.409866734964 -0.340000000000 -0.282750444404 -0.228657685765 -0.021960915995 -0.168811516708 -0.264084473930 -0.262933333333 -0.320000000000 -0.340000000000 -2.360000000000 -0.320000000000 0.202111847924 0.398944076038
-0.66000000 -0.660000000000 0.340739611549 -0.578363413045 0.335000000000 -0.660000000000 -0.397590361446 0.000000000000 -0.066000000000 -0.165000000000 -0.132000000000 0.000000000000 -0.483148665508 -0.849423350361 0.416636695888 -0.330000000000 -0.276038811284 -0.224888143622 -0.023476984920 -0.168053763683 -0.260101546451 -0.257400000000 -0.340000000000 -0.330000000000 -2.320000000000 -0.330000000000 0.205356322564 0.397321838718
-0.64000000 -0.640000000000 0.345246539394 -0.564899552846 0.340000000000 -0.640000000000 -0.390243902439 0.000000000000 -0.064000000000 -0.160000000000 -0.128000000000 0.000000000000 -0.472707575957 -0.831066877703 0.423496510223 -0.320000000000 -0.269232478625 -0.220957785212 -0.025066062590 -0.167095231803 -0.255918054028 -0.251733333333 -0.360000000000 -0.320000000000 -2.280000000000 -0.320000000000 0.208639261142 0.395680369429
-0.62000000 -0.620000000000 0.349781451426 -0.551128028538 0.345000000000 -0.620000000000 -0.382716049383 0.000000000000 -0.062000000000 -0.155000000000 -0.124000000000 0.000000000000 -0.462055562405 -0.812339579700 0.430446744029 -0.310000000000 -0.262331138098 -0.216864499884 -0.026726498063 -0.165929913951 -0.251530646790 -0.245933333333 -0.380000000000 -0.310000000000 -2.240000000000 -0.310000000000 0.211960683467 0.394019658266
-0.60000000 -0.600000000000 0.354343693774 -0.537049566998 0.350000000000 -0.600000000000 -0.375000000000 0.000000000000 -0.060000000000 -0.150000000000 -0.120000000000 0.000000000000 -0.451188363906 -0.793233965181 0.437487950486 -0.300000000000 -0.255334489913 -0.212606216265 -0.028455523907 -0.164551870650 -0.246936028306 -0.240000000000 -0.400000000000 -0.300000000000 -2.200000000000 -0.300000000000 0.215320594242 0.392339702879
-0.58000000 -0.580000000000 0.358932593665 -0.522665429686 0.355000000000 -0.580000000000 -0.367088607595 0.000000000000 -0.058000000000 -0.145000000000 -0.116000000000 0.000000000000 -0.440101633435 -0.773742391647 0.444620669502 -0.290000000000 -0.248242242900 -0.208180904326 -0.030249066585 -0.162955239161 -0.242130960643 -0.233933333333 -0.420000000000 -0.290000000000 -2.160000000000 -0.290000000000 0.218718982706 0.390640508647
-0.56000000 -0.560000000000 0.363547459718 -0.507977432898 0.360000000000 -0.560000000000 -0.358974358974 0.000000000000 -0.056000000000 -0.140000000000 -0.112000000000 0.000000000000 -0.428790936151 -0.753857062209 0.451845427344 -0.280000000000 -0.241054114594 -0.203586577442 -0.032101538503 -0.161134242555 -0.237112269479 -0.227733333333 -0.440000000000 -0.280000000000 -2.120000000000 -0.280000000000 0.222155822286 0.388922088857
-0.54000000 -0.540000000000 0.368187582264 -0.492987966675 0.365000000000 -0.540000000000 -0.350649350649 0.000000000000 -0.054000000000 -0.135000000000 -0.108000000000 0.000000000000 -0.417251747626 -0.733570022469 0.459162736271 -0.270000000000 -0.233769831319 -0.198821294423 -0.034005612271 -0.159083198756 -0.231876849271 -0.221400000000 -0.460000000000 -0.270000000000 -2.080000000000 -0.270000000000 0.225631070252 0.387184464874
-0.52000000 -0.520000000000 0.372852233687 -0.477700012168 0.370000000000 -0.520000000000 -0.342105263158 0.000000000000 -0.052000000000 -0.130000000000 -0.104000000000 0.000000000000 -0.405479452030 -0.712873157341 0.466573094165 -0.260000000000 -0.226389128262 -0.193883161517 -0.035951978579 -0.156796529524 -0.226421668450 -0.214933333333 -0.480000000000 -0.260000000000 -2.040000000000 -0.260000000000 0.229144667378 0.385427666311
-0.50000000 -0.500000000000 0.377540668798 -0.462117157260 0.375000000000 -0.500000000000 -0.333333333333 0.000000000000 -0.050000000000 -0.125000000000 -0.100000000000 0.000000000000 -0.393469340287 -0.691758187803 0.474076984180 -0.250000000000 -0.218911749557 -0.188770334399 -0.037929090011 -0.154268769363 -0.220743774652 -0.208333333333 -0.500000000000 -0.250000000000 -2.000000000000 -0.250000000000 0.232696537619 0.383651731191
-0.48000000 -0.480000000000 0.382252125231 -0.446243610249 0.380000000000 -0.480000000000 -0.324324324324 0.000000000000 -0.048000000000 -0.120000000000 -0.096000000000 0.000000000000 -0.381216608194 -0.670216667586 0.481674874396 -0.240000000000 -0.211337448352 -0.183481020111 -0.039922894317 -0.151494574328 -0.214840299959 -0.201600000000 -0.520000000000 -0.240000000000 -1.960000000000 -0.240000000000 0.236286587788 0.381856706106
-0.46000000 -0.460000000000 0.386985823861 -0.430084211402 0.385000000000 -0.460000000000 -0.315068493151 0.000000000000 -0.046000000000 -0.115000000000 -0.092000000000 0.000000000000 -0.368716354493 -0.648239979794 0.489367217474 -0.230000000000 -0.203665986885 -0.178013478976 -0.041916562067 -0.148468730715 -0.208708466136 -0.194733333333 -0.540000000000 -0.230000000000 -1.920000000000 -0.230000000000 0.239914707251 0.380042646374
-0.44000000 -0.440000000000 0.391740969253 -0.413644442187 0.390000000000 -0.440000000000 -0.305555555556 0.000000000000 -0.044000000000 -0.110000000000 -0.088000000000 0.000000000000 -0.355963578917 -0.625819333459 0.497154450332 -0.220000000000 -0.195897136553 -0.172366026472 -0.043890215213 -0.145186163611 -0.202345589864 -0.187733333333 -0.560000000000 -0.220000000000 -1.880000000000 -0.220000000000 0.243580767628 0.378209616186
-0.42000000 -0.420000000000 0.396516750135 -0.396930432005 0.395000000000 -0.420000000000 -0.295774647887 0.000000000000 -0.042000000000 -0.105000000000 -0.084000000000 0.000000000000 -0.342953180185 -0.602945760025 0.505036993818 -0.210000000000 -0.188030677979 -0.166537035057 -0.045820664902 -0.141641945276 -0.195749087930 -0.180600000000 -0.580000000000 -0.210000000000 -1.840000000000 -0.210000000000 0.247284622505 0.376357688748
-0.40000000 -0.400000000000 0.401312339888 -0.379948962255 0.400000000000 -0.400000000000 -0.285714285714 0.000000000000 -0.040000000000 -0.100000000000 -0.080000000000 0.000000000000 -0.329679953964 -0.579610109755 0.513015252400 -0.200000000000 -0.180066401075 -0.160524935955 -0.047681168809 -0.137831303356 -0.188916482394 -0.173333333333 -0.600000000000 -0.200000000000 -1.800000000000 -0.200000000000 0.251026107163 0.374486946419
-0.38000000 -0.380000000000 0.406126897066 -0.362707467578 0.405000000000 -0.380000000000 -0.275362318841 0.000000000000 -0.038000000000 -0.095000000000 -0.076000000000 0.000000000000 -0.316138590788 -0.555803048080 0.521089613866 -0.190000000000 -0.172004105106 -0.154328220885 -0.049441220258 -0.133749628879 -0.181845405677 -0.165933333333 -0.620000000000 -0.190000000000 -1.760000000000 -0.190000000000 0.254805038317 0.372597480841
-0.36000000 -0.360000000000 0.410959565941 -0.345214034136 0.410000000000 -0.360000000000 -0.264705882353 0.000000000000 -0.036000000000 -0.090000000000 -0.072000000000 0.000000000000 -0.302323673929 -0.531515051857 0.529260449030 -0.180000000000 -0.163843598746 -0.147945443739 -0.051066383364 -0.129392484042 -0.174533605597 -0.158400000000 -0.640000000000 -0.180000000000 -1.720000000000 -0.180000000000 0.258621213868 0.370689393066
-0.34000000 -0.340000000000 0.415809477065 -0.327477394809 0.415000000000 -0.340000000000 -0.253731343284 0.000000000000 -0.034000000000 -0.085000000000 -0.068000000000 0.000000000000 -0.288229677237 -0.506736405564 0.537528111455 -0.170000000000 -0.155584700137 -0.141375222202 -0.052518190128 -0.124755609748 -0.166978950299 -0.150733333333 -0.660000000000 -0.170000000000 -1.680000000000 -0.170000000000 0.262474412670 0.368762793665
-0.32000000 -0.320000000000 0.420675747851 -0.309506921213 0.420000000000 -0.320000000000 -0.242424242424 0.000000000000 -0.032000000000 -0.080000000000 -0.064000000000 0.000000000000 -0.273850962926 -0.481457197411 0.545892937180 -0.160000000000 -0.147227236942 -0.134616239312 -0.053754116757 -0.119834932889 -0.159179433087 -0.142933333333 -0.680000000000 -0.160000000000 -1.640000000000 -0.160000000000 0.266364394315 0.366817802842
-0.30000000 -0.300000000000 0.425557483188 -0.291312612452 0.425000000000 -0.300000000000 -0.230769230769 0.000000000000 -0.030000000000 -0.075000000000 -0.060000000000 0.000000000000 -0.259181779318 -0.455667315379 0.554355244469 -0.150000000000 -0.138771046397 -0.127667244957 -0.054727657142 -0.114626573343 -0.151133177138 -0.135000000000 -0.700000000000 -0.150000000000 -1.600000000000 -0.150000000000 0.270290898934 0.364854550533
-0.28000000 -0.280000000000 0.430453776061 -0.272905080563 0.430000000000 -0.280000000000 -0.218750000000 0.000000000000 -0.028000000000 -0.070000000000 -0.056000000000 0.000000000000 -0.244216258544 -0.429356443171 0.562915333560 -0.140000000000 -0.130215975356 -0.120527057297 -0.055388511204 -0.109126850684 -0.142838440070 -0.126933333333 -0.720000000000 -0.140000000000 -1.560000000000 -0.140000000000 0.274253647007 0.362873176497
-0.26000000 -0.260000000000 0.435363708197 -0.254295532626 0.435000000000 -0.260000000000 -0.206349206349 0.000000000000 -0.026000000000 -0.065000000000 -0.052000000000 0.000000000000 -0.228948414196 -0.402514056087 0.571573486442 -0.130000000000 -0.121561880339 -0.113194564131 -0.055682904409 -0.103332290568 -0.134293618359 -0.118733333333 -0.740000000000 -0.130000000000 -1.520000000000 -0.130000000000 0.278252339204 0.360873830398
-0.24000000 -0.240000000000 0.440286350733 -0.235495749538 0.440000000000 -0.240000000000 -0.193548387097 0.000000000000 -0.024000000000 -0.060000000000 -0.048000000000 0.000000000000 -0.213372138933 -0.375129416814 0.580329966626 -0.120000000000 -0.112808627577 -0.105668724176 -0.055554051960 -0.097239630793 -0.125497251587 -0.110400000000 -0.760000000000 -0.120000000000 -1.480000000000 -0.120000000000 0.282286656233 0.358856671883
-0.22000000 -0.220000000000 0.445220764893 -0.216518061493 0.445000000000 -0.220000000000 -0.180327868852 0.000000000000 -0.022000000000 -0.055000000000 -0.044000000000 0.000000000000 -0.197481202038 -0.347191571132 0.589185018951 -0.110000000000 -0.103956093044 -0.097948568276 -0.054942776769 -0.090845827017 -0.116448026502 -0.101933333333 -0.780000000000 -0.110000000000 -1.440000000000 -0.110000000000 0.286356258715 0.356821870643
-0.20000000 -0.200000000000 0.450166002688 -0.197375320225 0.450000000000 -0.200000000000 -0.166666666667 0.000000000000 -0.020000000000 -0.050000000000 -0.040000000000 0.000000000000 -0.181269246922 -0.318689343530 0.598138869382 -0.100000000000 -0.095004162504 -0.090033200538 -0.053788284274 -0.084148058112 -0.107144780868 -0.093333333333 -0.800000000000 -0.100000000000 -1.400000000000 -0.100000000000 0.290460787070 0.354769606465
-0.18000000 -0.180000000000 0.455121107626 -0.178080868117 0.455000000000 -0.180000000000 -0.152542372881 0.000000000000 -0.018000000000 -0.045000000000 -0.036000000000 0.000000000000 -0.164729788589 -0.289611332736 0.607191724841 -0.090000000000 -0.085952731537 -0.081921799373 -0.052029089527 -0.077143731138 -0.097586507105 -0.084600000000 -0.820000000000 -0.090000000000 -1.360000000000 -0.090000000000 0.294599861435 0.352700069283
-0.16000000 -0.160000000000 0.460085115444 -0.158648504297 0.460000000000 -0.160000000000 -0.137931034483 0.000000000000 -0.016000000000 -0.040000000000 -0.032000000000 0.000000000000 -0.147856211034 -0.259945907159 0.616343773041 -0.080000000000 -0.076801705575 -0.073613618471 -0.049604083020 -0.069830485937 -0.087772355682 -0.075733333333 -0.840000000000 -0.080000000000 -1.320000000000 -0.080000000000 0.298773081590 0.350613459205
-0.14000000 -0.140000000000 0.465057054842 -0.139092447878 0.465000000000 -0.140000000000 -0.122807017544 0.000000000000 -0.014000000000 -0.035000000000 -0.028000000000 0.000000000000 -0.130641764601 -0.229681200232 0.625595182337 -0.070000000000 -0.067550999927 -0.065107987678 -0.046453711896 -0.062206199327 -0.077701638274 -0.066733333333 -0.860000000000 -0.070000000000 -1.280000000000 -0.070000000000 0.302980026918 0.348509986541
-0.12000000 -0.120000000000 0.470035948235 -0.119427298534 0.470000000000 -0.120000000000 -0.107142857143 0.000000000000 -0.012000000000 -0.030000000000 -0.024000000000 0.000000000000 -0.113079563283 -0.198805105671 0.634946101596 -0.060000000000 -0.058200539806 -0.056404313788 -0.042521243253 -0.054268988878 -0.067373830636 -0.057600000000 -0.880000000000 -0.060000000000 -1.240000000000 -0.060000000000 0.307220256380 0.346389871810
-0.10000000 -0.100000000000 0.475020812521 -0.099667994625 0.475000000000 -0.100000000000 -0.090909090909 0.000000000000 -0.010000000000 -0.025000000000 -0.020000000000 0.000000000000 -0.095162581964 -0.167305272624 0.644396660074 -0.050000000000 -0.048750260352 -0.047502081252 -0.037754066880 -0.046017216272 -0.056788575213 -0.048333333333 -0.900000000000 -0.050000000000 -1.200000000000 -0.050000000000 0.311493308513 0.344253345744
-0.08000000 -0.080000000000 0.480010659844 -0.079829769111 0.480000000000 -0.080000000000 -0.074074074074 0.000000000000 -0.008000000000 -0.020000000000 -0.016000000000 0.000000000000 -0.076883653613 -0.135169100740 0.653946967318 -0.040000000000 -0.039200106650 -0.038400852788 -0.032104987191 -0.037449490239 -0.045945683446 -0.038933333333 -0.920000000000 -0.040000000000 -1.160000000000 -0.040000000000 0.315798701454 0.342100649273
-0.06000000 -0.060000000000 0.485004498381 -0.059928103529 0.485000000000 -0.060000000000 -0.056603773585 0.000000000000 -0.006000000000 -0.015000000000 -0.012000000000 0.000000000000 -0.058235466416 -0.102383735119 0.663597113076 -0.030000000000 -0.029550033747 -0.029100269903 -0.025533448991 -0.028564669041 -0.034845137780 -0.029400000000 -0.940000000000 -0.030000000000 -1.120000000000 -0.030000000000 0.320135932986 0.339932033507
-0.04000000 -0.040000000000 0.490001333120 -0.039978680311 0.490000000000 -0.040000000000 -0.038461538462 0.000000000000 -0.004000000000 -0.010000000000 -0.008000000000 0.000000000000 -0.039210560848 -0.068936061181 0.673347167228 -0.020000000000 -0.019800006666 -0.019600053325 -0.018006640108 -0.019361862526 -0.023487093349 -0.019733333333 -0.960000000000 -0.020000000000 -1.080000000000 -0.020000000000 0.324504480612 0.337747759694
-0.02000000 -0.020000000000 0.495000166660 -0.019997333760 0.495000000000 -0.020000000000 -0.019607843137 0.000000000000 -0.002000000000 -0.005000000000 -0.004000000000 0.000000000000 -0.019801326693 -0.034812699407 0.683197179727 -0.010000000000 -0.009950000417 -0.009900003333 -0.009500416250 -0.009840433726 -0.011871879337 -0.009933333333 -0.980000000000 -0.010000000000 -1.040000000000 -0.010000000000 0.328903801645 0.335548099178
0.00000000 0.000000000000 0.500000000000 0.000000000000 0.500000000000 0.000000000000 0.000000000000 0.000000000000 0.000000000000 0.000000000000 0.000000000000 0.000000000000 0.000000000000 0.000000000000 0.693147180560 0.000000000000 0.000000000000 0.000000000000 0.000000000000 0.000000000000 0.000000000000 0.000000000000 -1.000000000000 0.000000000000 -1.000000000000 0.000000000000 0.333333333333 0.333333333333
0.02000000 0.020000000000 0.504999833340 0.019997333760 0.505000000000 0.020000000000 0.019607843137 0.020000000000 0.020000000000 0.020000000000 0.020000000000 0.020000000000 0.020000000000 0.021014019747 0.703197179727 0.010000000000 0.010049999583 0.010099996667 0.010499583750 0.010159566274 0.012127864661 0.010066666667 -1.020000000000 0.010000000000 -0.960000000000 0.010000000000 0.337792493006 0.331103753497
0.04000000 0.040000000000 0.509998666880 0.039978680311 0.510000000000 0.040000000000 0.038461538462 0.040000000000 0.040000000000 0.040000000000 0.040000000000 0.040000000000 0.040000000000 0.042028039494 0.713347167228 0.020000000000 0.020199993334 0.020399946675 0.021993359892 0.020638137474 0.024510858575 0.020266666667 -1.040000000000 0.020000000000 -0.920000000000 0.020000000000 0.342280678241 0.328859660880
0.06000000 0.060000000000 0.514995501619 0.059928103529 0.515000000000 0.060000000000 0.056603773585 0.060000000000 0.060000000000 0.060000000000 0.060000000000 0.060000000000 0.060000000000 0.063042059241 0.723597113076 0.030000000000 0.030449966253 0.030899730097 0.034466551009 0.031435330959 0.037147949645 0.030600000000 -1.060000000000 0.030000000000 -0.880000000000 0.030000000000 0.346797267066 0.326601366467
0.08000000 0.080000000000 0.519989340156 0.079829769111 0.520000000000 0.080000000000 0.074074074074 0.080000000000 0.080000000000 0.080000000000 0.080000000000 0.080000000000 0.080000000000 0.084056078988 0.733946967318 0.040000000000 0.040799893350 0.041599147212 0.047895012809 0.042550509761 0.050037930143 0.041066666667 -1.080000000000 0.040000000000 -0.840000000000 0.040000000000 0.351341618181 0.324329190909
0.10000000 0.100000000000 0.524979187479 0.099667994625 0.525000000000 0.100000000000 0.090909090909 0.100000000000 0.100000000000 0.100000000000 0.100000000000 0.100000000000 0.100000000000 0.105070098736 0.744396660074 0.050000000000 0.051249739648 0.052497918748 0.062245933120 0.053982783728 0.063179417491 0.051666666667 -1.100000000000 0.050000000000 -0.800000000000 0.050000000000 0.355913071207 0.322043464396
0.12000000 0.120000000000 0.529964051765 0.119427298534 0.530000000000 0.120000000000 0.107142857143 0.120000000000 0.120000000000 0.120000000000 0.120000000000 0.120000000000 0.120000000000 0.126084118483 0.754946101596 0.060000000000 0.061799460194 0.063595686212 0.077478756747 0.065731011122 0.076570855396 0.062400000000 -1.120000000000 0.060000000000 -0.760000000000 0.060000000000 0.360510946961 0.319744526520
0.14000000 0.140000000000 0.534942945158 0.139092447878 0.535000000000 0.140000000000 0.122807017544 0.140000000000 0.140000000000 0.140000000000 0.140000000000 0.140000000000 0.140000000000 0.147098138230 0.765595182337 0.070000000000 0.072449000073 0.074892012322 0.093546288104 0.077793800673 0.090210515365 0.073266666667 -1.140000000000 0.070000000000 -0.720000000000 0.070000000000 0.365134547757 0.317432726121
0.16000000 0.160000000000 0.539914884556 0.158648504297 0.540000000000 0.160000000000 0.137931034483 0.160000000000 0.160000000000 0.160000000000 0.160000000000 0.160000000000 0.160000000000 0.168112157977 0.776343773041 0.080000000000 0.083198294425 0.086386381529 0.110395916980 0.090169514063 0.104096498590 0.084266666667 -1.160000000000 0.080000000000 -0.680000000000 0.080000000000 0.369783157738 0.315108421131
0.18000000 0.180000000000 0.544878892374 0.178080868117 0.545000000000 0.180000000000 0.152542372881 0.180000000000 0.180000000000 0.180000000000 0.180000000000 0.180000000000 0.180000000000 0.189126177724 0.787191724841 0.090000000000 0.094047268463 0.098078200627 0.127970910473 0.102856268862 0.118226738196 0.095400000000 -1.180000000000 0.090000000000 -0.640000000000 0.090000000000 0.374456043224 0.312771978388
0.20000000 0.200000000000 0.549833997312 0.197375320225 0.550000000000 0.200000000000 0.166666666667 0.200000000000 0.200000000000 0.200000000000 0.200000000000 0.200000000000 0.200000000000 0.210140197471 0.798138869382 0.100000000000 0.104995837496 0.109966799462 0.146211715726 0.115851941888 0.132599001862 0.106666666667 -1.200000000000 0.100000000000 -0.600000000000 0.100000000000 0.379152453094 0.310423773453
0.22000000 0.220000000000 0.554779235107 0.216518061493 0.555000000000 0.220000000000 0.180327868852 0.220000000000 0.220000000000 0.220000000000 0.220000000000 0.220000000000 0.220000000000 0.231154217218 0.809185018951 0.110000000000 0.116043906956 0.122051431724 0.165057223231 0.129154172983 0.147210894789 0.118066666667 -1.220000000000 0.110000000000 -0.560000000000 0.110000000000 0.383871619191 0.308064190405
0.24000000 0.240000000000 0.559713649267 0.235495749538 0.560000000000 0.240000000000 0.193548387097 0.240000000000 0.240000000000 0.240000000000 0.240000000000 0.240000000000 0.240000000000 0.252168236965 0.820329966626 0.120000000000 0.127191372423 0.134331275824 0.184445948040 0.142760369207 0.162059863030 0.129600000000 -1.240000000000 0.120000000000 -0.520000000000 0.120000000000 0.388612756750 0.305693621625
0.26000000 0.260000000000 0.564636291803 0.254295532626 0.565000000000 0.260000000000 0.206349206349 0.260000000000 0.260000000000 0.260000000000 0.260000000000 0.260000000000 0.260000000000 0.273182256712 0.831573486442 0.130000000000 0.138438119661 0.146805435869 0.204317095591 0.156667709432 0.177143197160 0.141266666667 -1.260000000000 0.130000000000 -0.480000000000 0.130000000000 0.393375064855 0.303312467572
0.28000000 0.280000000000 0.569546223939 0.272905080563 0.570000000000 0.280000000000 0.218750000000 0.280000000000 0.280000000000 0.280000000000 0.280000000000 0.280000000000 0.280000000000 0.294196276460 0.842915333560 0.140000000000 0.149784024644 0.159472942703 0.224611488796 0.170873149316 0.192458036281 0.153066666667 -1.280000000000 0.140000000000 -0.440000000000 0.140000000000 0.398157726919 0.300921136540
0.30000000 0.300000000000 0.574442516812 0.291312612452 0.575000000000 0.300000000000 0.230769230769 0.300000000000 0.300000000000 0.300000000000 0.300000000000 0.300000000000 0.300000000000 0.315210296207 0.854355244469 0.150000000000 0.161228953603 0.172332755043 0.245272342858 0.185373426657 0.208001372348 0.165000000000 -1.300000000000 0.150000000000 -0.400000000000 0.150000000000 0.402959911183 0.298520044409
0.32000000 0.320000000000 0.579324252149 0.309506921213 0.580000000000 0.320000000000 0.242424242424 0.320000000000 0.320000000000 0.320000000000 0.320000000000 0.320000000000 0.320000000000 0.336224315954 0.865892937180 0.160000000000 0.172772763058 0.185383760688 0.266245883243 0.200165067111 0.223770054812 0.177066666667 -1.320000000000 0.160000000000 -0.360000000000 0.160000000000 0.407780771246 0.296109614377
0.34000000 0.340000000000 0.584190522935 0.327477394809 0.585000000000 0.340000000000 0.253731343284 0.340000000000 0.340000000000 0.340000000000 0.340000000000 0.340000000000 0.340000000000 0.357238335701 0.877528111455 0.170000000000 0.184415299863 0.198624777798 0.287481809872 0.215244390252 0.239760795551 0.189266666667 -1.340000000000 0.170000000000 -0.320000000000 0.170000000000 0.412619446613 0.293690276694
0.36000000 0.360000000000 0.589040434059 0.345214034136 0.590000000000 0.360000000000 0.264705882353 0.360000000000 0.360000000000 0.360000000000 0.360000000000 0.360000000000 0.360000000000 0.378252355448 0.889260449030 0.180000000000 0.196156401254 0.212054556261 0.308933616636 0.230607515958 0.255970174091 0.201600000000 -1.360000000000 0.180000000000 -0.280000000000 0.180000000000 0.417475063267 0.291262468366
0.38000000 0.380000000000 0.593873102934 0.362707467578 0.595000000000 0.380000000000 0.275362318841 0.380000000000 0.380000000000 0.380000000000 0.380000000000 0.380000000000 0.380000000000 0.399266375195 0.901089613866 0.190000000000 0.207995894894 0.225671779115 0.330558779742 0.246250371121 0.272394643090 0.214066666667 -1.380000000000 0.190000000000 -0.240000000000 0.190000000000 0.422346734262 0.288826632869
0.40000000 0.400000000000 0.598687660112 0.379948962255 0.600000000000 0.400000000000 0.285714285714 0.400000000000 0.400000000000 0.400000000000 0.400000000000 0.400000000000 0.400000000000 0.420280394942 0.913015252400 0.200000000000 0.219933598925 0.239475064045 0.352318831191 0.262168696644 0.289030534072 0.226666666667 -1.400000000000 0.200000000000 -0.200000000000 0.200000000000 0.427233560336 0.286383219832
0.42000000 0.420000000000 0.603483249865 0.396930432005 0.605000000000 0.420000000000 0.295774647887 0.420000000000 0.420000000000 0.420000000000 0.420000000000 0.420000000000 0.420000000000 0.441294414689 0.925036993818 0.210000000000 0.231969322021 0.253462964943 0.374179335098 0.278358054724 0.305874063392 0.239400000000 -1.420000000000 0.210000000000 -0.160000000000 0.210000000000 0.432134630542 0.283932684729
0.44000000 0.440000000000 0.608259030747 0.413644442187 0.610000000000 0.440000000000 0.305555555556 0.440000000000 0.440000000000 0.440000000000 0.440000000000 0.440000000000 0.440000000000 0.462308434436 0.937154450332 0.220000000000 0.244102863447 0.267633973528 0.396109784787 0.294813836389 0.322921338411 0.252266666667 -1.440000000000 0.220000000000 -0.120000000000 0.220000000000 0.437049022903 0.281475488548
0.46000000 0.460000000000 0.613014176139 0.430084211402 0.615000000000 0.460000000000 0.315068493151 0.460000000000 0.460000000000 0.460000000000 0.460000000000 0.460000000000 0.460000000000 0.483322454184 0.949367217474 0.230000000000 0.256334013115 0.281986521024 0.418083437933 0.311531269285 0.340168363864 0.265266666667 -1.460000000000 0.230000000000 -0.080000000000 0.230000000000 0.441975805083 0.279012097459
0.48000000 0.480000000000 0.617747874769 0.446243610249 0.620000000000 0.480000000000 0.324324324324 0.480000000000 0.480000000000 0.480000000000 0.480000000000 0.480000000000 0.480000000000 0.504336473931 0.961674874396 0.240000000000 0.268662551648 0.296518979889 0.440077105683 0.328505425672 0.357611048408 0.278400000000 -1.480000000000 0.240000000000 -0.040000000000 0.240000000000 0.446914035069 0.276542982466
0.50000000 0.500000000000 0.622459331202 0.462117157260 0.625000000000 0.500000000000 0.333333333333 0.500000000000 0.500000000000 0.500000000000 0.500000000000 0.500000000000 0.500000000000 0.525350493678 0.974076984180 0.250000000000 0.281088250443 0.311229665601 0.462070909989 0.345731230637 0.375245211305 0.291666666667 -1.500000000000 0.250000000000 0.000000000000 0.250000000000 0.451862761878 0.274068619061
0.52000000 0.520000000000 0.627147766313 0.477700012168 0.630000000000 0.520000000000 0.342105263158 0.520000000000 0.520000000000 0.520000000000 0.520000000000 0.520000000000 0.520000000000 0.546364513425 0.986573094165 0.260000000000 0.293610871738 0.326116838483 0.484048021421 0.363203470476 0.393066589249 0.305066666667 -1.520000000000 0.260000000000 0.040000000000 0.260000000000 0.456821026272 0.271589486864
0.54000000 0.540000000000 0.631812417736 0.492987966675 0.635000000000 0.540000000000 0.350649350649 0.540000000000 0.540000000000 0.540000000000 0.540000000000 0.540000000000 0.540000000000 0.567378533172 0.999162736271 0.270000000000 0.306230168681 0.341178705577 0.505994387729 0.380916801244 0.411070843292 0.318600000000 -1.540000000000 0.270000000000 0.080000000000 0.270000000000 0.461787861494 0.269106069253
0.56000000 0.560000000000 0.636452540282 0.507977432898 0.640000000000 0.560000000000 0.358974358974 0.560000000000 0.560000000000 0.560000000000 0.560000000000 0.560000000000 0.560000000000 0.588392552919 1.011845427344 0.280000000000 0.318945885406 0.356413422558 0.527898461497 0.398865757445 0.429253565865 0.332266666667 -1.560000000000 0.280000000000 0.120000000000 0.280000000000 0.466762294004 0.266618852998
0.58000000 0.580000000000 0.641067406335 0.522665429686 0.645000000000 0.580000000000 0.367088607595 0.580000000000 0.580000000000 0.580000000000 0.580000000000 0.580000000000 0.580000000000 0.609406572666 1.024620669502 0.290000000000 0.331757757100 0.371819095674 0.549750933415 0.417044760839 0.447610287847 0.346066666667 -1.580000000000 0.290000000000 0.160000000000 0.290000000000 0.471743344242 0.264128327879
0.60000000 0.600000000000 0.645656306226 0.537049566998 0.650000000000 0.600000000000 0.375000000000 0.600000000000 0.600000000000 0.600000000000 0.600000000000 0.600000000000 0.600000000000 0.630420592413 1.037487950486 0.300000000000 0.344665510087 0.387393783735 0.571544476093 0.435448129350 0.466136485694 0.360000000000 -1.600000000000 0.300000000000 0.200000000000 0.300000000000 0.476730027388 0.261634986306
0.62000000 0.620000000000 0.650218548574 0.551128028538 0.655000000000 0.620000000000 0.382716049383 0.620000000000 0.620000000000 0.620000000000 0.620000000000 0.620000000000 0.620000000000 0.651434612160 1.050446744029 0.310000000000 0.357668861902 0.403135500116 0.593273501937 0.454070086049 0.484827588575 0.374066666667 -1.620000000000 0.310000000000 0.240000000000 0.310000000000 0.481721354140 0.259139322930
0.64000000 0.640000000000 0.654753460606 0.564899552846 0.660000000000 0.640000000000 0.390243902439 0.640000000000 0.640000000000 0.640000000000 0.640000000000 0.640000000000 0.640000000000 0.672448631908 1.063496510223 0.320000000000 0.370767521375 0.419042214788 0.614933937410 0.472904768197 0.503678985508 0.388266666667 -1.640000000000 0.320000000000 0.280000000000 0.320000000000 0.486716331492 0.256641834254
0.66000000 0.660000000000 0.659260388451 0.578363413045 0.665000000000 0.660000000000 0.397590361446 0.660000000000 0.660000000000 0.660000000000 0.660000000000 0.660000000000 0.660000000000 0.693462651655 1.076636695888 0.330000000000 0.383961188716 0.435111856378 0.636523015080 0.491946236317 0.522686032478 0.402600000000 -1.660000000000 0.330000000000 0.320000000000 0.330000000000 0.491713963526 0.254143018237
0.68000000 0.680000000000 0.663738697404 0.591519395432 0.670000000000 0.680000000000 0.404761904762 0.680000000000 0.680000000000 0.680000000000 0.680000000000 0.680000000000 0.680000000000 0.714476671402 1.089866734964 0.340000000000 0.397249555596 0.451342314235 0.658039084005 0.511188483292 0.541844059504 0.417066666667 -1.680000000000 0.340000000000 0.360000000000 0.360000000000 0.496713252202 0.251643373899
0.70000000 0.700000000000 0.668187772168 0.604367777117 0.675000000000 0.700000000000 0.411764705882 0.700000000000 0.700000000000 0.700000000000 0.700000000000 0.700000000000 0.700000000000 0.735490691149 1.103186048885 0.350000000000 0.410632305242 0.467731440518 0.679481438474 0.530625443444 0.561148377644 0.431666666667 -1.700000000000 0.350000000000 0.400000000000 0.400000000000 0.501713198156 0.249143400922
0.72000000 0.720000000000 0.672607017068 0.616909302877 0.680000000000 0.720000000000 0.418604651163 0.720000000000 0.720000000000 0.720000000000 0.720000000000 0.720000000000 0.720000000000 0.756504710896 1.116594046980 0.360000000000 0.424109112522 0.484277052289 0.700850164625 0.550251001599 0.580594285916 0.446400000000 -1.720000000000 0.360000000000 0.440000000000 0.440000000000 0.506712801496 0.246643599252
0.74000000 0.740000000000 0.676995856239 0.629145161414 0.685000000000 0.740000000000 0.425287356322 0.740000000000 0.740000000000 0.740000000000 0.740000000000 0.740000000000 0.740000000000 0.777518730643 1.130090126859 0.370000000000 0.437679644040 0.500976933617 0.722146004151 0.570059002098 0.600177078115 0.461266666667 -1.740000000000 0.370000000000 0.480000000000 0.480000000000 0.511711062608 0.244144468696
0.76000000 0.760000000000 0.681353733789 0.641076961185 0.690000000000 0.760000000000 0.431818181818 0.760000000000 0.760000000000 0.760000000000 0.760000000000 0.760000000000 0.760000000000 0.798532750390 1.143673674814 0.380000000000 0.451343558230 0.517828837680 0.743370234089 0.590043257747 0.619892049503 0.476266666667 -1.760000000000 0.380000000000 0.520000000000 0.520000000000 0.516706982948 0.241646508526
0.78000000 0.780000000000 0.685680113938 0.652706705962 0.695000000000 0.780000000000 0.438202247191 0.780000000000 0.780000000000 0.780000000000 0.780000000000 0.780000000000 0.780000000000 0.819546770137 1.157344066223 0.390000000000 0.465100505451 0.534830488872 0.764524561527 0.610197558683 0.639734503369 0.491400000000 -1.780000000000 0.390000000000 0.560000000000 0.560000000000 0.521699565844 0.239150217078
0.80000000 0.800000000000 0.689974481128 0.664036770268 0.700000000000 0.800000000000 0.444444444444 0.800000000000 0.800000000000 0.800000000000 0.800000000000 0.800000000000 0.800000000000 0.840560789884 1.171100665948 0.400000000000 0.478950128090 0.551979584902 0.785611032030 0.630515681133 0.659699757428 0.506666666667 -1.800000000000 0.400000000000 0.600000000000 0.600000000000 0.526687817289 0.236656091356
0.82000000 0.820000000000 0.694236340108 0.675069874839 0.705000000000 0.820000000000 0.450549450549 0.820000000000 0.820000000000 0.820000000000 0.820000000000 0.820000000000 0.820000000000 0.861574809631 1.184942828742 0.410000000000 0.492892060656 0.569273798889 0.806631950515 0.650991396060 0.679783150044 0.522066666667 -1.820000000000 0.410000000000 0.640000000000 0.640000000000 0.531670746730 0.234164626635
0.84000000 0.840000000000 0.698465216003 0.685809062229 0.710000000000 0.840000000000 0.456521739130 0.840000000000 0.840000000000 0.840000000000 0.840000000000 0.840000000000 0.840000000000 0.882588829379 1.198869899660 0.420000000000 0.506925929886 0.586710781442 0.827589813378 0.671618477661 0.699980046278 0.537600000000 -1.840000000000 0.420000000000 0.680000000000 0.680000000000 0.536647367854 0.231676316073
0.86000000 0.860000000000 0.702660654345 0.696257672687 0.715000000000 0.860000000000 0.462365591398 0.860000000000 0.860000000000 0.860000000000 0.860000000000 0.860000000000 0.860000000000 0.903602849126 1.212881214461 0.430000000000 0.521051354851 0.604288162736 0.848487250668 0.692390711723 0.720285843730 0.553266666667 -1.860000000000 0.430000000000 0.720000000000 0.720000000000 0.541616699361 0.229191650320
0.88000000 0.880000000000 0.706822221094 0.706419320397 0.720000000000 0.880000000000 0.468085106383 0.880000000000 0.880000000000 0.880000000000 0.880000000000 0.880000000000 0.880000000000 0.924616868873 1.226976100019 0.440000000000 0.535267947057 0.622003554562 0.869326977214 0.713301903796 0.740695978170 0.569066666667 -1.880000000000 0.440000000000 0.760000000000 0.760000000000 0.546577765736 0.226711117132
0.90000000 0.900000000000 0.710949502625 0.716297870199 0.725000000000 0.900000000000 0.473684210526 0.900000000000 0.900000000000 0.900000000000 0.900000000000 0.900000000000 0.900000000000 0.945630888620 1.241153874732 0.450000000000 0.549575310554 0.639854552363 0.890111751632 0.734345887188 0.761205928953 0.585000000000 -1.900000000000 0.450000000000 0.800000000000 0.800000000000 0.551529598005 0.224235200998
0.92000000 0.920000000000 0.715042105701 0.725897414849 0.730000000000 0.920000000000 0.479166666667 0.920000000000 0.920000000000 0.920000000000 0.920000000000 0.920000000000 0.920000000000 0.966644908367 1.255413848930 0.460000000000 0.563973042048 0.657838737245 0.910844342282 0.755516530755 0.781811224192 0.601066666667 -1.920000000000 0.460000000000 0.840000000000 0.840000000000 0.556471234484 0.221764382758
0.94000000 0.940000000000 0.719099657416 0.735222252916 0.735000000000 0.940000000000 0.484536082474 0.940000000000 0.940000000000 0.940000000000 0.940000000000 0.940000000000 0.940000000000 0.987658928114 1.269755325280 0.470000000000 0.578460731008 0.675953677971 0.931527499266 0.776807746482 0.802507445704 0.617266666667 -1.940000000000 0.470000000000 0.880000000000 0.880000000000 0.561401721516 0.219299139242
0.96000000 0.960000000000 0.723121805124 0.744276867362 0.740000000000 0.960000000000 0.489795918367 0.960000000000 0.960000000000 0.960000000000 0.960000000000 0.960000000000 0.960000000000 1.008672947861 1.284177599195 0.480000000000 0.593037959778 0.694196932919 0.952163931693 0.798213496832 0.823290233695 0.633600000000 -1.960000000000 0.480000000000 0.920000000000 0.920000000000 0.566320114187 0.216839942907
0.98000000 0.980000000000 0.727108216341 0.753065904870 0.745000000000 0.980000000000 0.494949494949 0.980000000000 0.980000000000 0.980000000000 0.980000000000 0.980000000000 0.980000000000 1.029686967608 1.298679959237 0.490000000000 0.607704303696 0.712566052014 0.972756289483 0.819727801859 0.844155291202 0.650066666667 -1.980000000000 0.490000000000 0.960000000000 0.960000000000 0.571225477040 0.214387261480
1.00000000 1.000000000000 0.731058578630 0.761594155956 0.750000000000 1.000000000000 0.500000000000 1.000000000000 1.000000000000 1.000000000000 1.000000000000 1.000000000000 1.000000000000 1.050700987355 1.313261687518 0.500000000000 0.622459331202 0.731058578630 0.993307149076 0.841344746069 0.865098388267 0.666666666667 -2.000000000000 0.500000000000 1.000000000000 1.000000000000 0.576116884766 0.211941557617
1.02000000 1.020000000000 0.734972599467 0.769866535909 0.755000000000 1.000000000000 0.504950495050 1.020000000000 1.020000000000 1.020000000000 1.020000000000 1.020000000000 1.020000000000 1.071715007103 1.327922060102 0.510000000000 0.637302603958 0.749672051456 1.013819002479 0.863058485020 0.886115365855 0.683400000000 -2.020000000000 0.510000000000 1.040000000000 1.040000000000 0.580993422875 0.209503288563
1.04000000 1.040000000000 0.738850006084 0.777888066577 0.760000000000 1.000000000000 0.509803921569 1.040000000000 1.040000000000 1.040000000000 1.040000000000 1.040000000000 1.040000000000 1.092729026850 1.342660347398 0.520000000000 0.652233676966 0.768404006328 1.034294249145 0.884863251656 0.907202139503 0.700266666667 -2.040000000000 0.520000000000 1.080000000000 1.080000000000 0.585854188359 0.207072905821
1.06000000 1.060000000000 0.742690545303 0.785663859027 0.765000000000 1.000000000000 0.514563106796 1.060000000000 1.060000000000 1.060000000000 1.060000000000 1.060000000000 1.060000000000 1.113743046597 1.357475814558 0.530000000000 0.667252098685 0.787251978021 1.054735190251 0.906753362356 0.928354702701 0.717266666667 -2.060000000000 0.530000000000 1.120000000000 1.120000000000 0.590698290328 0.204650854836
1.08000000 1.080000000000 0.746493983338 0.793199097084 0.770000000000 1.000000000000 0.519230769231 1.080000000000 1.080000000000 1.080000000000 1.080000000000 1.080000000000 1.080000000000 1.134757066344 1.372367721864 0.540000000000 0.682357411155 0.806213502005 1.075144024986 0.928723222704 0.949569130007 0.734400000000 -2.080000000000 0.540000000000 1.160000000000 1.160000000000 0.595524850631 0.202237574685
1.10000000 1.100000000000 0.750260105595 0.800499021761 0.775000000000 1.000000000000 0.523809523810 1.100000000000 1.100000000000 1.100000000000 1.100000000000 1.100000000000 1.100000000000 1.155771086091 1.387335325115 0.550000000000 0.697549150112 0.825286116155 1.095522848513 0.950767332959 0.970841579895 0.751666666667 -2.100000000000 0.550000000000 1.200000000000 1.200000000000 0.600333004455 0.199833497773
1.12000000 1.120000000000 0.753988716449 0.807568916579 0.780000000000 1.000000000000 0.528301886792 1.120000000000 1.120000000000 1.120000000000 1.120000000000 1.120000000000 1.120000000000 1.176785105838 1.402377876008 0.560000000000 0.712826845115 0.844467362423 1.115873651313 0.972880293232 0.992168297332 0.769066666667 -2.120000000000 0.560000000000 1.240000000000 1.240000000000 0.605121900903 0.197439049549
1.14000000 1.140000000000 0.757679639004 0.814414093766 0.785000000000 1.000000000000 0.532710280374 1.140000000000 1.140000000000 1.140000000000 1.140000000000 1.140000000000 1.140000000000 1.197799125585 1.417494622514 0.570000000000 0.728190019670 0.863754788464 1.136198319670 0.995056808358 1.013545616101 0.786600000000 -2.140000000000 0.570000000000 1.280000000000 1.280000000000 0.609890703551 0.195054648225
1.16000000 1.160000000000 0.761332714843 0.821039881333 0.790000000000 1.000000000000 0.537037037037 1.160000000000 1.160000000000 1.160000000000 1.160000000000 1.160000000000 1.160000000000 1.218813145332 1.432684809253 0.580000000000 0.743638191348 0.883145949218 1.156498637063 1.017291692460 1.034969960848 0.804266666667 -2.160000000000 0.580000000000 1.320000000000 1.320000000000 0.614638590981 0.192680704510
1.18000000 1.180000000000 0.764947803764 0.827451611008 0.795000000000 1.000000000000 0.541284403670 1.180000000000 1.180000000000 1.180000000000 1.180000000000 1.180000000000 1.180000000000 1.239827165079 1.447947677858 0.590000000000 0.759170871919 0.902638408441 1.176776286300 1.039579873203 1.056437848892 0.822066666667 -2.180000000000 0.590000000000 1.360000000000 1.360000000000 0.619364757291 0.190317621354
1.20000000 1.200000000000 0.768524783499 0.833654607012 0.800000000000 1.000000000000 0.545454545455 1.200000000000 1.200000000000 1.200000000000 1.200000000000 1.200000000000 1.200000000000 1.260841184827 1.463282467338 0.600000000000 0.774787567471 0.922229740199 1.197032852212 1.061916395734 1.077945891765 0.840000000000 -2.200000000000 0.600000000000 1.400000000000 1.400000000000 0.624068412585 0.187965793708
1.22000000 1.220000000000 0.772063549427 0.839654175654 0.805000000000 1.000000000000 0.549549549550 1.220000000000 1.220000000000 1.220000000000 1.220000000000 1.220000000000 1.220000000000 1.281855204574 1.478688414435 0.610000000000 0.790487778538 0.941917530301 1.217269824804 1.084296426314 1.099490796520 0.858066666667 -2.220000000000 0.610000000000 1.440000000000 1.440000000000 0.628748783430 0.185625608285
1.24000000 1.240000000000 0.775564014269 0.845455595727 0.810000000000 1.000000000000 0.553571428571 1.240000000000 1.240000000000 1.240000000000 1.240000000000 1.240000000000 1.240000000000 1.302869224321 1.494164753971 0.620000000000 0.806271000232 0.961699377694 1.237488602718 1.106715255628 1.121069366788 0.876266666667 -2.240000000000 0.620000000000 1.480000000000 1.480000000000 0.633405113299 0.183297443351
1.26000000 1.260000000000 0.779026107780 0.851064109668 0.815000000000 1.000000000000 0.557522123894 1.260000000000 1.260000000000 1.260000000000 1.260000000000 1.260000000000 1.260000000000 1.323883244068 1.509710719193 0.630000000000 0.822136722363 0.981572895803 1.257690496932 1.129168301787 1.142678503609 0.894600000000 -2.260000000000 0.630000000000 1.520000000000 1.520000000000 0.638036662982 0.180981668509
1.28000000 1.280000000000 0.782449776423 0.856484915472 0.820000000000 1.000000000000 0.561403508772 1.280000000000 1.280000000000 1.280000000000 1.280000000000 1.280000000000 1.280000000000 1.344897263815 1.525325542113 0.640000000000 0.838084429576 1.001535713822 1.277876734617 1.151651113018 1.164315206039 0.913066666667 -2.280000000000 0.640000000000 1.560000000000 1.560000000000 0.642642710971 0.178678644514
1.30000000 1.300000000000 0.785834983043 0.861723159313 0.825000000000 1.000000000000 0.565217391304 1.300000000000 1.300000000000 1.300000000000 1.300000000000 1.300000000000 1.300000000000 1.365911283562 1.541008453833 0.650000000000 0.854113601476 1.021585477955 1.298048463066 1.174159370039 1.185976571528 0.931666666667 -2.300000000000 0.650000000000 1.600000000000 1.600000000000 0.647222553827 0.176388723087
1.32000000 1.320000000000 0.789181706522 0.866783928850 0.830000000000 1.000000000000 0.568965517241 1.320000000000 1.320000000000 1.320000000000 1.320000000000 1.320000000000 1.320000000000 1.386925303309 1.556758684876 0.660000000000 0.870223712756 1.041719852609 1.318206753665 1.196688888129 1.207659796100 0.950400000000 -2.320000000000 0.660000000000 1.640000000000 1.640000000000 0.651775506509 0.174112246745
1.34000000 1.340000000000 0.792489941440 0.871672247190 0.835000000000 1.000000000000 0.572649572650 1.340000000000 1.340000000000 1.340000000000 1.340000000000 1.340000000000 1.340000000000 1.407939323056 1.572575465500 0.670000000000 0.886414233332 1.061936521530 1.338352605847 1.219235618898 1.229362174327 0.969266666667 -2.340000000000 0.670000000000 1.680000000000 1.680000000000 0.656300902690 0.171849548655
1.36000000 1.360000000000 0.795759697716 0.876393067473 0.840000000000 1.000000000000 0.576271186441 1.360000000000 1.360000000000 1.360000000000 1.360000000000 1.360000000000 1.360000000000 1.428953342803 1.588458026006 0.680000000000 0.902684628470 1.082233188894 1.358486950995 1.241795651752 1.251081099111 0.988266666667 -2.360000000000 0.680000000000 1.720000000000 1.720000000000 0.660798095037 0.169600952482
1.38000000 1.380000000000 0.798991000249 0.880951268047 0.845000000000 1.000000000000 0.579831932773 1.380000000000 1.380000000000 1.380000000000 1.380000000000 1.380000000000 1.380000000000 1.449967362551 1.604405597047 0.690000000000 0.919034358918 1.102607580344 1.378610656268 1.264365215067 1.272814061280 1.007400000000 -2.380000000000 0.690000000000 1.760000000000 1.760000000000 0.665266455468 0.167366772266
1.40000000 1.400000000000 0.802183888559 0.885351648202 0.850000000000 1.000000000000 0.583333333333 1.400000000000 1.400000000000 1.400000000000 1.400000000000 1.400000000000 1.400000000000 1.470981382298 1.620417409918 0.700000000000 0.935462881035 1.123057443982 1.398724528328 1.286940677073 1.294558649016 1.026666666667 -2.400000000000 0.700000000000 1.800000000000 1.800000000000 0.669705375388 0.165147312306
1.42000000 1.420000000000 0.805338416408 0.889598924434 0.855000000000 1.000000000000 0.586776859504 1.420000000000 1.420000000000 1.420000000000 1.420000000000 1.420000000000 1.420000000000 1.491995402045 1.636492696850 0.710000000000 0.951969646929 1.143580551300 1.418829316945 1.309518546452 1.316312547113 1.046066666667 -2.420000000000 0.710000000000 1.840000000000 1.840000000000 0.674114265889 0.162942867056
1.44000000 1.440000000000 0.808454651439 0.893697727204 0.860000000000 1.000000000000 0.590163934426 1.440000000000 1.440000000000 1.440000000000 1.440000000000 1.440000000000 1.440000000000 1.513009421792 1.652630691286 0.720000000000 0.968554104578 1.164174698071 1.438925718479 1.332095472671 1.338073536086 1.065600000000 -2.440000000000 0.720000000000 1.880000000000 1.880000000000 0.678492557933 0.160753721034
1.46000000 1.460000000000 0.811532674786 0.897652598166 0.865000000000 1.000000000000 0.593495934959 1.460000000000 1.460000000000 1.460000000000 1.460000000000 1.460000000000 1.460000000000 1.534023441539 1.668830628160 0.730000000000 0.985215697970 1.184837705188 1.459014379213 1.354668246030 1.359839491126 1.085266666667 -2.460000000000 0.730000000000 1.920000000000 1.920000000000 0.682839702505 0.158580148747
1.48000000 1.480000000000 0.814572580707 0.901467987832 0.870000000000 1.000000000000 0.596774193548 1.480000000000 1.480000000000 1.480000000000 1.480000000000 1.480000000000 1.480000000000 1.555037461286 1.685091744159 0.740000000000 1.001953867233 1.205567419446 1.479095898548 1.377233797467 1.381608380930 1.105066666667 -2.480000000000 0.740000000000 1.960000000000 1.960000000000 0.687155170742 0.156422414629
1.50000000 1.500000000000 0.817574476194 0.905148253645 0.875000000000 1.000000000000 0.600000000000 1.500000000000 1.500000000000 1.500000000000 1.500000000000 1.500000000000 1.500000000000 1.576051481033 1.701413277983 0.750000000000 1.018768048763 1.226361714290 1.499170832045 1.399789198097 1.403378266396 1.125000000000 -2.500000000000 0.750000000000 2.000000000000 2.000000000000 0.691438454036 0.154280772982
1.52000000 1.520000000000 0.820538480593 0.908697658431 0.880000000000 1.000000000000 0.603174603175 1.520000000000 1.520000000000 1.520000000000 1.520000000000 1.520000000000 1.520000000000 1.597065500780 1.717794470597 0.760000000000 1.035657675359 1.247218490501 1.519239694317 1.422331658515 1.425147299206 1.145066666667 -2.520000000000 0.760000000000 2.040000000000 2.040000000000 0.695689064112 0.152155467944
1.54000000 1.540000000000 0.823464725221 0.912120369208 0.885000000000 1.000000000000 0.606299212598 1.540000000000 1.540000000000 1.540000000000 1.540000000000 1.540000000000 1.540000000000 1.618079520527 1.734234565472 0.770000000000 1.052622176354 1.268135676840 1.539302961776 1.444858527864 1.446913720299 1.165266666667 -2.540000000000 0.770000000000 2.080000000000 2.080000000000 0.699906533083 0.150046733458
1.56000000 1.560000000000 0.826353352981 0.915420456316 0.890000000000 1.000000000000 0.609375000000 1.560000000000 1.560000000000 1.560000000000 1.560000000000 1.560000000000 1.560000000000 1.639093540275 1.750732808824 0.780000000000 1.069660977744 1.289111230650 1.559361075223 1.467367292672 1.468675858252 1.185600000000 -2.560000000000 0.780000000000 2.120000000000 2.120000000000 0.704090413482 0.147954793259
1.58000000 1.580000000000 0.829204517978 0.918601892857 0.895000000000 1.000000000000 0.612403100775 1.580000000000 1.580000000000 1.580000000000 1.580000000000 1.580000000000 1.580000000000 1.660107560022 1.767288449837 0.790000000000 1.086773502321 1.310143138405 1.579414442298 1.489855575484 1.490432127560 1.206066666667 -2.580000000000 0.790000000000 2.160000000000 2.160000000000 0.708240278264 0.145879860868
1.60000000 1.600000000000 0.832018385134 0.921668554406 0.900000000000 1.000000000000 0.615384615385 1.600000000000 1.600000000000 1.600000000000 1.600000000000 1.600000000000 1.600000000000 1.681121579769 1.783900740888 0.800000000000 1.103959169804 1.331229416214 1.599463439791 1.512321133281 1.512181026849 1.226666666667 -2.600000000000 0.800000000000 2.200000000000 2.200000000000 0.712355720796 0.143822139602
1.62000000 1.620000000000 0.834795129809 0.924624218983 0.905000000000 1.000000000000 0.618320610687 1.620000000000 1.620000000000 1.620000000000 1.620000000000 1.620000000000 1.620000000000 1.702135599516 1.800568937757 0.810000000000 1.121217396969 1.352368110291 1.619508415811 1.534761855704 1.533921137009 1.247400000000 -2.620000000000 0.810000000000 2.240000000000 2.240000000000 0.716436354813 0.141781822594
1.64000000 1.640000000000 0.837534937419 0.927472567251 0.910000000000 1.000000000000 0.621212121212 1.640000000000 1.640000000000 1.640000000000 1.640000000000 1.640000000000 1.640000000000 1.723149619263 1.817292299831 0.820000000000 1.138547597777 1.373557297368 1.639549691824 1.557175763102 1.555651119267 1.268266666667 -2.640000000000 0.820000000000 2.280000000000 2.280000000000 0.720481814361 0.139759092820
1.66000000 1.660000000000 0.840238003056 0.930217182937 0.915000000000 1.000000000000 0.624060150376 1.660000000000 1.660000000000 1.660000000000 1.660000000000 1.660000000000 1.660000000000 1.744163639010 1.834070090305 0.830000000000 1.155949183508 1.394795085074 1.659587564564 1.579561004397 1.577369713203 1.289266666667 -2.660000000000 0.830000000000 2.320000000000 2.320000000000 0.724491753714 0.137754123143
1.68000000 1.680000000000 0.842904531115 0.932861553437 0.920000000000 1.000000000000 0.626865671642 1.680000000000 1.680000000000 1.680000000000 1.680000000000 1.680000000000 1.680000000000 1.765177658757 1.850901576368 0.840000000000 1.173421562884 1.416079612272 1.679622307826 1.601915854789 1.599075734721 1.310400000000 -2.680000000000 0.840000000000 2.360000000000 2.360000000000 0.728465847271 0.135767076365
1.70000000 1.700000000000 0.845534734916 0.935409070603 0.925000000000 1.000000000000 0.629629629630 1.700000000000 1.700000000000 1.700000000000 1.700000000000 1.700000000000 1.700000000000 1.786191678504 1.867786029386 0.850000000000 1.190964142206 1.437409049358 1.699654174137 1.624238713310 1.620768073976 1.331666666667 -2.700000000000 0.850000000000 2.400000000000 2.400000000000 0.732403789433 0.133798105283
1.72000000 1.720000000000 0.848128836343 0.937863031681 0.930000000000 1.000000000000 0.632352941176 1.720000000000 1.720000000000 1.720000000000 1.720000000000 1.720000000000 1.720000000000 1.807205698251 1.884722725080 0.860000000000 1.208576325473 1.458781598511 1.719683396323 1.646528100239 1.642445693273 1.353066666667 -2.720000000000 0.860000000000 2.440000000000 2.440000000000 0.736305294466 0.131847352767
1.74000000 1.740000000000 0.850687065469 0.940226640393 0.935000000000 1.000000000000 0.635036496350 1.740000000000 1.740000000000 1.740000000000 1.740000000000 1.740000000000 1.740000000000 1.828219717999 1.901710943690 0.870000000000 1.226257514517 1.480195493916 1.739710188967 1.668782654377 1.664107624940 1.374600000000 -2.740000000000 0.870000000000 2.480000000000 2.480000000000 0.740170096334 0.129914951833
1.76000000 1.760000000000 0.853209660199 0.942503008147 0.940000000000 1.000000000000 0.637681159420 1.760000000000 1.760000000000 1.760000000000 1.760000000000 1.760000000000 1.760000000000 1.849233737746 1.918749970135 0.880000000000 1.244007109125 1.501649001950 1.759734749770 1.691001130214 1.685752969175 1.396266666667 -2.760000000000 0.880000000000 2.520000000000 2.520000000000 0.743997948523 0.128001025738
1.78000000 1.780000000000 0.855696865909 0.944695155354 0.945000000000 1.000000000000 0.640287769784 1.780000000000 1.780000000000 1.780000000000 1.780000000000 1.780000000000 1.780000000000 1.870247757493 1.935839094169 0.890000000000 1.261824507168 1.523140421319 1.779757260818 1.713182394980 1.707380891887 1.418066666667 -2.780000000000 0.890000000000 2.560000000000 2.560000000000 0.747788623851 0.126105688075
1.80000000 1.800000000000 0.858148935100 0.946806012846 0.950000000000 1.000000000000 0.642857142857 1.800000000000 1.800000000000 1.800000000000 1.800000000000 1.800000000000 1.800000000000 1.891261777240 1.952977610526 0.900000000000 1.279709104725 1.544668083179 1.799777889763 1.735325425597 1.728990622530 1.440000000000 -2.800000000000 0.900000000000 2.600000000000 2.600000000000 0.751541914246 0.124229042877
1.82000000 1.820000000000 0.860566127038 0.948838423376 0.955000000000 1.000000000000 0.645390070922 1.820000000000 1.820000000000 1.820000000000 1.820000000000 1.820000000000 1.820000000000 1.912275796987 1.970164819057 0.910000000000 1.297660296209 1.566230351210 1.819796790920 1.757429305548 1.750581451928 1.462066666667 -2.820000000000 0.910000000000 2.640000000000 2.640000000000 0.755257630530 0.122371184735
1.84000000 1.840000000000 0.862948707425 0.950795143195 0.960000000000 1.000000000000 0.647887323944 1.840000000000 1.840000000000 1.840000000000 1.840000000000 1.840000000000 1.840000000000 1.933289816734 1.987400024863 0.920000000000 1.315677474490 1.587825621661 1.839814106283 1.779493221667 1.772152730112 1.484266666667 -2.840000000000 0.920000000000 2.680000000000 2.680000000000 0.758935602166 0.120532198917
1.86000000 1.860000000000 0.865296948048 0.952678843689 0.965000000000 1.000000000000 0.650349650350 1.860000000000 1.860000000000 1.860000000000 1.860000000000 1.860000000000 1.860000000000 1.954303836481 2.004682538421 0.930000000000 1.333760031017 1.609452323369 1.859829966475 1.801516460856 1.793703864161 1.506600000000 -2.860000000000 0.930000000000 2.720000000000 2.720000000000 0.762575677010 0.118712161495
1.88000000 1.880000000000 0.867611126458 0.954492113074 0.970000000000 1.000000000000 0.652777777778 1.880000000000 1.880000000000 1.880000000000 1.880000000000 1.880000000000 1.880000000000 1.975317856228 2.022011675702 0.940000000000 1.351907355943 1.631108917741 1.879844491621 1.823498406753 1.815234316056 1.529066666667 -2.880000000000 0.940000000000 2.760000000000 2.760000000000 0.766177721037 0.116911139482
1.90000000 1.900000000000 0.869891525637 0.956237458128 0.975000000000 1.000000000000 0.655172413793 1.900000000000 1.900000000000 1.900000000000 1.900000000000 1.900000000000 1.900000000000 1.996331875975 2.039386758283 0.950000000000 1.370118838243 1.652793898710 1.899857792168 1.845438536350 1.836743600552 1.551666666667 -2.900000000000 0.950000000000 2.800000000000 2.800000000000 0.769741618058 0.115129190971
1.92000000 1.920000000000 0.872138433681 0.957917305959 0.980000000000 1.000000000000 0.657534246575 1.920000000000 1.920000000000 1.920000000000 1.920000000000 1.920000000000 1.920000000000 2.017345895723 2.056807113452 0.960000000000 1.388393865839 1.674505792667 1.919869969633 1.867336416569 1.858231283075 1.574400000000 -2.920000000000 0.960000000000 2.840000000000 2.840000000000 0.773267269429 0.113366365286
1.94000000 1.940000000000 0.874352143485 0.959534005808 0.985000000000 1.000000000000 0.659863945578 1.940000000000 1.940000000000 1.940000000000 1.940000000000 1.940000000000 1.940000000000 2.038359915470 2.074272074308 0.970000000000 1.406731825712 1.696243158360 1.939881117305 1.889191700816 1.879696977635 1.597266666667 -2.940000000000 0.970000000000 2.880000000000 2.880000000000 0.776754593742 0.111622703129
1.96000000 1.960000000000 0.876532952435 0.961089830864 0.990000000000 1.000000000000 0.662162162162 1.960000000000 1.960000000000 1.960000000000 1.960000000000 1.960000000000 1.960000000000 2.059373935217 2.091780979851 0.980000000000 1.425132104029 1.718004586772 1.959891320892 1.911004125509 1.901140344776 1.620266666667 -2.960000000000 0.980000000000 2.920000000000 2.920000000000 0.780203526516 0.109898236742
1.98000000 1.980000000000 0.878681162108 0.962586980091 0.995000000000 1.000000000000 0.664429530201 1.980000000000 1.980000000000 1.980000000000 1.980000000000 1.980000000000 1.980000000000 2.080387954964 2.109333175076 0.990000000000 1.443594086252 1.739788700974 1.979900659114 1.932773506604 1.922561089550 1.643400000000 -2.980000000000 0.990000000000 2.960000000000 2.960000000000 0.783614019863 0.108192990069
2.00000000 2.000000000000 0.880797077978 0.964027580076 1.000000000000 1.000000000000 0.666666666667 2.000000000000 2.000000000000 2.000000000000 2.000000000000 2.000000000000 2.000000000000 2.101401974711 2.126928011043 1.000000000000 1.462117157260 1.761594155956 1.999909204263 1.954499736104 1.943958959534 1.666666666667 -3.000000000000 1.000000000000 3.000000000000 3.000000000000 0.786986042162 0.106506978919
2.02000000 2.020000000000 0.882881009124 0.965413686860 1.000000000000 1.000000000000 0.668874172185 2.020000000000 2.020000000000 2.020000000000 2.020000000000 2.020000000000 2.020000000000 2.122415994458 2.144564844962 1.010000000000 1.480700701462 1.783419638431 2.019917022707 1.976182778589 1.965333742872 1.690066666667 -3.020000000000 1.010000000000 3.040000000000 3.040000000000 0.790319577713 0.104840211143
2.04000000 2.040000000000 0.884933267954 0.966747287784 1.000000000000 1.000000000000 0.671052631579 2.040000000000 2.040000000000 2.040000000000 2.040000000000 2.040000000000 2.040000000000 2.143430014205 2.162243040258 1.020000000000 1.499344102912 1.805263866627 2.039924175368 1.997822667753 1.986685266364 1.713600000000 -3.040000000000 1.020000000000 3.080000000000 3.080000000000 0.793614626392 0.103192686804
2.06000000 2.060000000000 0.886954169928 0.968030303316 1.000000000000 1.000000000000 0.673202614379 2.060000000000 2.060000000000 2.060000000000 2.060000000000 2.060000000000 2.060000000000 2.164444033952 2.179961966634 1.030000000000 1.518046745417 1.827125590052 2.059930718154 2.019419502957 2.008013393592 1.737266666667 -3.060000000000 1.030000000000 3.120000000000 3.120000000000 0.796871203291 0.101564398354
2.08000000 2.080000000000 0.888944033289 0.969264588869 1.000000000000 1.000000000000 0.675324675325 2.080000000000 2.080000000000 2.080000000000 2.080000000000 2.080000000000 2.080000000000 2.185458053699 2.197721000131 1.040000000000 1.536808012655 1.849003589240 2.079936702362 2.040973445815 2.029318023092 1.761066666667 -3.080000000000 1.040000000000 3.160000000000 3.160000000000 0.800089338361 0.099955330819
2.10000000 2.100000000000 0.890903178804 0.970451936613 1.000000000000 1.000000000000 0.677419354839 2.100000000000 2.100000000000 2.100000000000 2.100000000000 2.100000000000 2.100000000000 2.206472073447 2.215519523180 1.050000000000 1.555627288283 1.870896675489 2.099942175049 2.062484716818 2.050599086563 1.785000000000 -3.100000000000 1.050000000000 3.200000000000 3.200000000000 0.803269076043 0.098365461978
2.12000000 2.120000000000 0.892831929513 0.971594077255 1.000000000000 1.000000000000 0.679487179487 2.120000000000 2.120000000000 2.120000000000 2.120000000000 2.120000000000 2.120000000000 2.227486093194 2.233356924651 1.060000000000 1.574503956042 1.892803690569 2.119947179375 2.083953591987 2.071856547125 1.809066666667 -3.120000000000 1.060000000000 3.240000000000 3.240000000000 0.806410474898 0.096794762551
2.14000000 2.140000000000 0.894730610477 0.972692681805 1.000000000000 1.000000000000 0.681528662420 2.140000000000 2.140000000000 2.140000000000 2.140000000000 2.140000000000 2.140000000000 2.248500112941 2.251232599895 1.070000000000 1.593437399871 1.914723506422 2.139951754921 2.105380399584 2.093090397626 1.833266666667 -3.140000000000 1.070000000000 3.280000000000 3.280000000000 0.809513607234 0.095243196383
2.16000000 2.160000000000 0.896599548542 0.973749363326 1.000000000000 1.000000000000 0.683544303797 2.160000000000 2.160000000000 2.160000000000 2.160000000000 2.160000000000 2.160000000000 2.269514132688 2.269145950783 1.080000000000 1.612427004009 1.936655024850 2.159955937971 2.126765516867 2.114300658990 1.857600000000 -3.160000000000 1.080000000000 3.320000000000 3.320000000000 0.812578558724 0.093710720638
2.18000000 2.180000000000 0.898439072102 0.974765678641 1.000000000000 1.000000000000 0.685534591195 2.180000000000 2.180000000000 2.180000000000 2.180000000000 2.180000000000 2.180000000000 2.290528152435 2.287096385740 1.090000000000 1.631472153103 1.958597177183 2.179959761793 2.148109366908 2.135487378618 1.882066666667 -3.180000000000 1.090000000000 3.360000000000 3.360000000000 0.815605428033 0.092197285984
2.20000000 2.200000000000 0.900249510880 0.975743130031 1.000000000000 1.000000000000 0.687500000000 2.200000000000 2.200000000000 2.200000000000 2.200000000000 2.200000000000 2.200000000000 2.311542172182 2.305083319769 1.100000000000 1.650572232309 1.980548923937 2.199963256872 2.169412415470 2.156650628832 1.906666666667 -3.200000000000 1.100000000000 3.400000000000 3.400000000000 0.818594326428 0.090702836786
2.22000000 2.220000000000 0.902031195702 0.976683166890 1.000000000000 1.000000000000 0.689440993789 2.220000000000 2.220000000000 2.220000000000 2.220000000000 2.220000000000 2.220000000000 2.332556191929 2.323106174482 1.110000000000 1.669726627396 2.002509254459 2.219966451148 2.190675167948 2.177790505371 1.931400000000 -3.220000000000 1.110000000000 3.440000000000 3.440000000000 0.821545377402 0.089227311299
2.24000000 2.240000000000 0.903784458289 0.977587187356 1.000000000000 1.000000000000 0.691358024691 2.240000000000 2.240000000000 2.240000000000 2.240000000000 2.240000000000 2.240000000000 2.353570211676 2.341164378115 1.120000000000 1.688934724846 2.024477186568 2.239969370220 2.211898166383 2.198907125934 1.956266666667 -3.240000000000 1.120000000000 3.480000000000 3.480000000000 0.824458716284 0.087770641858
2.26000000 2.260000000000 0.905509631050 0.978456539910 1.000000000000 1.000000000000 0.693251533742 2.260000000000 2.260000000000 2.260000000000 2.260000000000 2.260000000000 2.260000000000 2.374584231423 2.359257365548 1.130000000000 1.708195911954 2.046451766173 2.259972037537 2.233081986554 2.220000628773 1.981266666667 -3.260000000000 1.130000000000 3.520000000000 3.520000000000 0.827334489858 0.086332755071
2.28000000 2.280000000000 0.907207046883 0.979292524938 1.000000000000 1.000000000000 0.695121951220 2.280000000000 2.280000000000 2.280000000000 2.280000000000 2.280000000000 2.280000000000 2.395598251170 2.377384578311 1.140000000000 1.727509576928 2.068432066893 2.279974474580 2.254227235136 2.241071171335 2.006400000000 -3.280000000000 1.140000000000 3.560000000000 3.560000000000 0.830172855979 0.084913572011
2.30000000 2.300000000000 0.908877038985 0.980096396266 1.000000000000 1.000000000000 0.696969696970 2.300000000000 2.300000000000 2.300000000000 2.300000000000 2.300000000000 2.300000000000 2.416612270918 2.395545464598 1.150000000000 1.746875108983 2.090417189666 2.299976701021 2.275334546950 2.262118928948 2.031666666667 -3.300000000000 1.150000000000 3.600000000000 3.600000000000 0.832973983189 0.083513008406
2.32000000 2.320000000000 0.910519940666 0.980869362656 1.000000000000 1.000000000000 0.698795180723 2.320000000000 2.320000000000 2.320000000000 2.320000000000 2.320000000000 2.320000000000 2.437626290665 2.413739479267 1.160000000000 1.766291898436 2.112406262346 2.319978734871 2.296404582289 2.283144093561 2.057066666667 -3.320000000000 1.160000000000 3.640000000000 3.640000000000 0.835738050335 0.082130974832
2.34000000 2.340000000000 0.912136085171 0.981612589265 1.000000000000 1.000000000000 0.700598802395 2.340000000000 2.340000000000 2.340000000000 2.340000000000 2.340000000000 2.340000000000 2.458640310412 2.431966083843 1.170000000000 1.785759336801 2.134398439299 2.339980592624 2.317438024328 2.304146872529 2.082600000000 -3.340000000000 1.170000000000 3.680000000000 3.680000000000 0.838465246192 0.080767376904
2.36000000 2.360000000000 0.913725805504 0.982327199079 1.000000000000 1.000000000000 0.702380952381 2.360000000000 2.360000000000 2.360000000000 2.360000000000 2.360000000000 2.360000000000 2.479654330159 2.450224746513 1.180000000000 1.805276816882 2.156392900990 2.359982289376 2.338435576628 2.325127487442 2.108266666667 -3.360000000000 1.180000000000 3.720000000000 3.720000000000 0.841155769081 0.079422115459
2.38000000 2.380000000000 0.915289434269 0.983014274297 1.000000000000 1.000000000000 0.704142011834 2.380000000000 2.380000000000 2.380000000000 2.380000000000 2.380000000000 2.380000000000 2.500668349906 2.468514942120 1.190000000000 1.824843732864 2.178388853561 2.379983838946 2.359397960719 2.346086173006 2.134066666667 -3.380000000000 1.190000000000 3.760000000000 3.760000000000 0.843809826498 0.078095086751
2.40000000 2.400000000000 0.916827303506 0.983674857694 1.000000000000 1.000000000000 0.705882352941 2.400000000000 2.400000000000 2.400000000000 2.400000000000 2.400000000000 2.400000000000 2.521682369653 2.486836152154 1.200000000000 1.844459480398 2.200385528415 2.399985253981 2.380325913781 2.367023175969 2.160000000000 -3.400000000000 1.200000000000 3.800000000000 3.800000000000 0.846427634738 0.076786182631
2.42000000 2.420000000000 0.918339744538 0.984309953939 1.000000000000 1.000000000000 0.707602339181 2.420000000000 2.420000000000 2.420000000000 2.420000000000 2.420000000000 2.420000000000 2.542696389400 2.505187864739 1.210000000000 1.864123456693 2.222382181783 2.419986546053 2.401220186408 2.387938754088 2.186066666667 -3.420000000000 1.210000000000 3.840000000000 3.840000000000 0.849009418532 0.075495290734
2.44000000 2.440000000000 0.919827087827 0.984920530883 1.000000000000 1.000000000000 0.709302325581 2.440000000000 2.440000000000 2.440000000000 2.440000000000 2.440000000000 2.440000000000 2.563710409147 2.523569574617 1.220000000000 1.883835060601 2.244378094298 2.439987725750 2.422081540469 2.408833175141 2.212266666667 -3.440000000000 1.220000000000 3.880000000000 3.880000000000 0.851555410677 0.074222294662
2.46000000 2.460000000000 0.921289662829 0.985507520808 1.000000000000 1.000000000000 0.710982658960 2.460000000000 2.460000000000 2.460000000000 2.460000000000 2.460000000000 2.460000000000 2.584724428894 2.541980783130 1.230000000000 1.903593692703 2.266372570560 2.459988802760 2.442910747060 2.429706715989 2.238600000000 -3.460000000000 1.230000000000 3.920000000000 3.920000000000 0.854065851678 0.072967074161
2.48000000 2.480000000000 0.922727797863 0.986071821644 1.000000000000 1.000000000000 0.712643678161 2.480000000000 2.480000000000 2.480000000000 2.480000000000 2.480000000000 2.480000000000 2.605738448642 2.560420998198 1.240000000000 1.923398755387 2.288364938701 2.479989785942 2.463708584544 2.450559661674 2.265066666667 -3.480000000000 1.240000000000 3.960000000000 3.960000000000 0.856540989393 0.071729505304
2.50000000 2.500000000000 0.924141819979 0.986614298151 1.000000000000 1.000000000000 0.714285714286 2.500000000000 2.500000000000 2.500000000000 2.500000000000 2.500000000000 2.500000000000 2.626752468389 2.578889734293 1.250000000000 1.943249652937 2.310354549947 2.499990683402 2.484475836686 2.471392304558 2.291666666667 -3.500000000000 1.250000000000 4.000000000000 4.000000000000 0.858981078678 0.070509460661
2.52000000 2.520000000000 0.925532054834 0.987135783066 1.000000000000 1.000000000000 0.715909090909 2.520000000000 2.520000000000 2.520000000000 2.520000000000 2.520000000000 2.520000000000 2.647766488136 2.597386512416 1.260000000000 1.963145791605 2.332340778182 2.519991502550 2.505213290877 2.492204943506 2.318400000000 -3.520000000000 1.260000000000 4.040000000000 4.040000000000 0.861386381044 0.069306809478
2.54000000 2.540000000000 0.926898826578 0.987637078217 1.000000000000 1.000000000000 0.717514124294 2.540000000000 2.540000000000 2.540000000000 2.540000000000 2.540000000000 2.540000000000 2.668780507883 2.615910860066 1.270000000000 1.983086579697 2.354323019507 2.539992250165 2.525921736455 2.512997883111 2.345266666667 -3.540000000000 1.270000000000 4.080000000000 4.080000000000 0.863757164314 0.068121417843
2.56000000 2.560000000000 0.928242457736 0.988118955603 1.000000000000 1.000000000000 0.719101123596 2.560000000000 2.560000000000 2.560000000000 2.560000000000 2.560000000000 2.560000000000 2.689794527630 2.634462311208 1.280000000000 2.003071427643 2.376300691805 2.559992932442 2.546601963101 2.533771432948 2.372266666667 -3.560000000000 1.280000000000 4.120000000000 4.120000000000 0.866093702290 0.066953148855
2.58000000 2.580000000000 0.929563269107 0.988582158446 1.000000000000 1.000000000000 0.720670391061 2.580000000000 2.580000000000 2.580000000000 2.580000000000 2.580000000000 2.580000000000 2.710808547377 2.653040406243 1.290000000000 2.023099748078 2.398273234297 2.579993555046 2.567254759345 2.554525906877 2.399400000000 -3.580000000000 1.290000000000 4.160000000000 4.160000000000 0.868396274418 0.065801862791
2.60000000 2.600000000000 0.930861579657 0.989027402201 1.000000000000 1.000000000000 0.722222222222 2.600000000000 2.600000000000 2.600000000000 2.600000000000 2.600000000000 2.600000000000 2.731822567124 2.671644691968 1.300000000000 2.043170955911 2.420240107107 2.599994123157 2.587880911138 2.575261622371 2.426666666667 -3.600000000000 1.300000000000 4.200000000000 4.200000000000 0.870665165468 0.064667417266
2.62000000 2.620000000000 0.932137706423 0.989455375546 1.000000000000 1.000000000000 0.723756906077 2.620000000000 2.620000000000 2.620000000000 2.620000000000 2.620000000000 2.620000000000 2.752836586871 2.690274721538 1.310000000000 2.063284468399 2.442200790828 2.619994641507 2.608481200528 2.595978899892 2.454066666667 -3.620000000000 1.310000000000 4.240000000000 4.240000000000 0.872900665217 0.063549667392
2.64000000 2.640000000000 0.933391964425 0.989866741333 1.000000000000 1.000000000000 0.725274725275 2.640000000000 2.640000000000 2.640000000000 2.640000000000 2.640000000000 2.640000000000 2.773850606618 2.708930054433 1.320000000000 2.083439705219 2.464154786082 2.639995114422 2.629056404407 2.616678062289 2.481600000000 -3.640000000000 1.320000000000 4.280000000000 4.280000000000 0.875103068131 0.062448465935
2.66000000 2.660000000000 0.934624666574 0.990262137512 1.000000000000 1.000000000000 0.726775956284 2.660000000000 2.660000000000 2.660000000000 2.660000000000 2.660000000000 2.660000000000 2.794864626366 2.727610256410 1.330000000000 2.103636088533 2.486101613088 2.659995545856 2.649607293351 2.637359434236 2.509266666667 -3.660000000000 1.330000000000 4.320000000000 4.320000000000 0.877272673067 0.061363663466
2.68000000 2.680000000000 0.935836123595 0.990642178027 1.000000000000 1.000000000000 0.728260869565 2.680000000000 2.680000000000 2.680000000000 2.680000000000 2.680000000000 2.680000000000 2.815878646113 2.746314899463 1.340000000000 2.123873043060 2.508040811234 2.679995939420 2.670134630535 2.658023341700 2.537066666667 -3.680000000000 1.340000000000 4.360000000000 4.360000000000 0.879409782971 0.060295108515
2.70000000 2.700000000000 0.937026643943 0.991007453678 1.000000000000 1.000000000000 0.729729729730 2.700000000000 2.700000000000 2.700000000000 2.700000000000 2.700000000000 2.700000000000 2.836892665860 2.765043561777 1.350000000000 2.144149996137 2.529971938646 2.699996298416 2.690639170732 2.678670111441 2.565000000000 -3.700000000000 1.350000000000 4.400000000000 4.400000000000 0.881514704582 0.059242647709
2.72000000 2.720000000000 0.938196533736 0.991358532960 1.000000000000 1.000000000000 0.731182795699 2.720000000000 2.720000000000 2.720000000000 2.720000000000 2.720000000000 2.720000000000 2.857906685607 2.783795827684 1.360000000000 2.164466377787 2.551894571763 2.719996625858 2.711121659381 2.699300070542 2.593066666667 -3.720000000000 1.360000000000 4.440000000000 4.440000000000 0.883587748153 0.058206125924
2.74000000 2.740000000000 0.939346096684 0.991695962873 1.000000000000 1.000000000000 0.732620320856 2.740000000000 2.740000000000 2.740000000000 2.740000000000 2.740000000000 2.740000000000 2.878920705354 2.802571287614 1.370000000000 2.184821620779 2.573808304915 2.739996924500 2.731582831741 2.719913545964 2.621266666667 -3.740000000000 1.370000000000 4.480000000000 4.480000000000 0.885629227166 0.057185386417
2.76000000 2.760000000000 0.940475634023 0.992020269702 1.000000000000 1.000000000000 0.734042553191 2.760000000000 2.760000000000 2.760000000000 2.760000000000 2.760000000000 2.760000000000 2.899934725101 2.821369538048 1.380000000000 2.205215160689 2.595712749905 2.759997196860 2.752023412110 2.740510864135 2.649600000000 -3.760000000000 1.380000000000 4.520000000000 4.520000000000 0.887639458066 0.056180270967
2.78000000 2.780000000000 0.941585444458 0.992331959777 1.000000000000 1.000000000000 0.735449735450 2.780000000000 2.780000000000 2.780000000000 2.780000000000 2.780000000000 2.780000000000 2.920948744848 2.840190181463 1.390000000000 2.225646435961 2.617607535592 2.779997445234 2.772444113115 2.761092350558 2.678066666667 -3.780000000000 1.390000000000 4.560000000000 4.560000000000 0.889618759991 0.055190620005
2.80000000 2.800000000000 0.942675824101 0.992631520201 1.000000000000 1.000000000000 0.736842105263 2.800000000000 2.800000000000 2.800000000000 2.800000000000 2.800000000000 2.800000000000 2.941962764595 2.859032826288 1.400000000000 2.246114887964 2.639492307483 2.799997671722 2.792845635075 2.781658329453 2.706666666667 -3.800000000000 1.400000000000 4.600000000000 4.600000000000 0.891567454513 0.054216272744
2.82000000 2.820000000000 0.943747066427 0.992919419558 1.000000000000 1.000000000000 0.738219895288 2.820000000000 2.820000000000 2.820000000000 2.820000000000 2.820000000000 2.820000000000 2.962976784342 2.877897086846 1.410000000000 2.266619961049 2.661366727324 2.819997878238 2.813228665423 2.802209123416 2.735400000000 -3.820000000000 1.410000000000 4.640000000000 4.640000000000 0.893485865392 0.053257067304
2.84000000 2.840000000000 0.944799462217 0.993196108594 1.000000000000 1.000000000000 0.739583333333 2.840000000000 2.840000000000 2.840000000000 2.840000000000 2.840000000000 2.840000000000 2.983990804090 2.896782583302 1.420000000000 2.287161102600 2.683230472696 2.839998066535 2.833593878196 2.822745053108 2.764266666667 -3.840000000000 1.420000000000 4.680000000000 4.680000000000 0.895374318328 0.052312840836
2.86000000 2.860000000000 0.945833299519 0.993462020877 1.000000000000 1.000000000000 0.740932642487 2.860000000000 2.860000000000 2.860000000000 2.860000000000 2.860000000000 2.860000000000 3.005004823837 2.915688941612 1.430000000000 2.307737763093 2.705083236624 2.859998238208 2.853941933584 2.843266436957 2.793266666667 -3.860000000000 1.430000000000 4.720000000000 4.720000000000 0.897233140723 0.051383429638
2.88000000 2.880000000000 0.946848863602 0.993717573430 1.000000000000 1.000000000000 0.742268041237 2.880000000000 2.880000000000 2.880000000000 2.880000000000 2.880000000000 2.880000000000 3.026018843584 2.934615793462 1.440000000000 2.328349396143 2.726924727174 2.879998394717 2.874273477538 2.863773590898 2.822400000000 -3.880000000000 1.440000000000 4.760000000000 4.760000000000 0.899062661453 0.050468669274
2.90000000 2.900000000000 0.947846436922 0.993963167351 1.000000000000 1.000000000000 0.743589743590 2.900000000000 2.900000000000 2.900000000000 2.900000000000 2.900000000000 2.900000000000 3.047032863331 2.953562776218 1.450000000000 2.348995458556 2.748754667073 2.899998537393 2.894589141429 2.884266828113 2.851666666667 -3.900000000000 1.450000000000 4.800000000000 4.800000000000 0.900863210640 0.049568394680
2.92000000 2.920000000000 0.948826299083 0.994199188396 1.000000000000 1.000000000000 0.744897959184 2.920000000000 2.920000000000 2.920000000000 2.920000000000 2.920000000000 2.920000000000 3.068046883078 2.972529532865 1.460000000000 2.369675410376 2.770572793322 2.919998667451 2.914889541768 2.904746458809 2.881066666667 -3.920000000000 1.460000000000 4.840000000000 4.840000000000 0.902635119443 0.048682440278
2.94000000 2.940000000000 0.949788726810 0.994426007562 1.000000000000 1.000000000000 0.746192893401 2.940000000000 2.940000000000 2.940000000000 2.940000000000 2.940000000000 2.940000000000 3.089060902825 2.991515711952 1.470000000000 2.390388714934 2.792378856821 2.939998786001 2.935175279972 2.925212790001 2.910600000000 -3.940000000000 1.470000000000 4.880000000000 4.880000000000 0.904378719840 0.047810640080
2.96000000 2.960000000000 0.950733993916 0.994643981628 1.000000000000 1.000000000000 0.747474747475 2.960000000000 2.960000000000 2.960000000000 2.960000000000 2.960000000000 2.960000000000 3.110074922572 3.010520967534 1.480000000000 2.411134838893 2.814172621991 2.959998894056 2.955446942173 2.945666125327 2.940266666667 -3.960000000000 1.480000000000 4.920000000000 4.920000000000 0.906094344431 0.046952827785
2.98000000 2.980000000000 0.951662371280 0.994853453692 1.000000000000 1.000000000000 0.748743718593 2.980000000000 2.980000000000 2.980000000000 2.980000000000 2.980000000000 2.980000000000 3.131088942319 3.029544959111 1.490000000000 2.431913252290 2.835953866415 2.979998992539 2.975705099086 2.966106764862 2.970066666667 -3.980000000000 1.490000000000 4.960000000000 4.960000000000 0.907782326236 0.046108836882
3.00000000 3.000000000000 0.952574126822 0.995054753687 1.000000000000 1.000000000000 0.750000000000 3.000000000000 3.000000000000 3.000000000000 3.000000000000 3.000000000000 3.000000000000 3.152102962066 3.048587351574 1.500000000000 2.452723428581 2.857722380467 2.999999082293 2.995950305905 2.986535004968 3.000000000000 -4.000000000000 1.500000000000 5.000000000000 5.000000000000 0.909442998513 0.045278500744
3.02000000 3.020000000000 0.953469525485 0.995248198867 1.000000000000 1.000000000000 0.751243781095 3.020000000000 3.020000000000 3.020000000000 3.020000000000 3.020000000000 3.020000000000 3.173116981814 3.067647815139 1.510000000000 2.473564844681 2.879477966966 3.019999164089 3.016183102248 3.006951138142 3.020000000000 -4.020000000000 1.510000000000 5.040000000000 5.040000000000 0.911076694568 0.044461652716
3.04000000 3.040000000000 0.954348829216 0.995434094293 1.000000000000 1.000000000000 0.752475247525 3.040000000000 3.040000000000 3.040000000000 3.040000000000 3.040000000000 3.040000000000 3.194131001561 3.086726025294 1.520000000000 2.494436981002 2.901220440815 3.039999238627 3.036404012141 3.027355452892 3.040000000000 -4.040000000000 1.520000000000 5.080000000000 5.080000000000 0.912683747582 0.043658126209
3.06000000 3.060000000000 0.955212296950 0.995612733287 1.000000000000 1.000000000000 0.753694581281 3.060000000000 3.060000000000 3.060000000000 3.060000000000 3.060000000000 3.060000000000 3.215145021308 3.105821662735 1.530000000000 2.515339321494 2.922949628668 3.059999306549 3.056613544030 3.047748233620 3.060000000000 -4.060000000000 1.530000000000 5.120000000000 5.120000000000 0.914264490443 0.042867754778
3.08000000 3.080000000000 0.956060184604 0.995784397876 1.000000000000 1.000000000000 0.754901960784 3.080000000000 3.080000000000 3.080000000000 3.080000000000 3.080000000000 3.080000000000 3.236159041055 3.124934413306 1.540000000000 2.536271353680 2.944665368580 3.079999368439 3.076812190838 3.068129760516 3.080000000000 -4.080000000000 1.540000000000 5.160000000000 5.160000000000 0.915819255578 0.042090372211
3.10000000 3.100000000000 0.956892745059 0.995949359222 1.000000000000 1.000000000000 0.756097560976 3.100000000000 3.100000000000 3.100000000000 3.100000000000 3.100000000000 3.100000000000 3.257173060802 3.144063967939 1.550000000000 2.557232568691 2.966367509683 3.099999424829 3.097000430039 3.088500309475 3.100000000000 -4.100000000000 1.550000000000 5.200000000000 5.200000000000 0.917348374797 0.041325812602
3.12000000 3.120000000000 0.957710228158 0.996107878030 1.000000000000 1.000000000000 0.757281553398 3.120000000000 3.120000000000 3.120000000000 3.120000000000 3.120000000000 3.120000000000 3.278187080549 3.163210022593 1.560000000000 2.578222461301 2.988055911853 3.119999476206 3.117178723777 3.108860152013 3.120000000000 -4.120000000000 1.560000000000 5.240000000000 5.240000000000 0.918852179145 0.040573910427
3.14000000 3.140000000000 0.958512880698 0.996260204946 1.000000000000 1.000000000000 0.758454106280 3.140000000000 3.140000000000 3.140000000000 3.140000000000 3.140000000000 3.140000000000 3.299201100296 3.182372278195 1.570000000000 2.599240529956 3.009730445393 3.139999523013 3.137347518995 3.129209555203 3.140000000000 -4.140000000000 1.570000000000 5.280000000000 5.280000000000 0.920330998756 0.039834500622
3.16000000 3.160000000000 0.959300946429 0.996406580939 1.000000000000 1.000000000000 0.759615384615 3.160000000000 3.160000000000 3.160000000000 3.160000000000 3.160000000000 3.160000000000 3.320215120043 3.201550440576 1.580000000000 2.620286276809 3.031390990714 3.159999565656 3.157507247606 3.149548781616 3.160000000000 -4.160000000000 1.580000000000 5.320000000000 5.320000000000 0.921785162710 0.039107418645
3.18000000 3.180000000000 0.960074666047 0.996547237669 1.000000000000 1.000000000000 0.760765550239 3.180000000000 3.180000000000 3.180000000000 3.180000000000 3.180000000000 3.180000000000 3.341229139790 3.220744220412 1.590000000000 2.641359207750 3.053037438030 3.179999604502 3.177658326668 3.169878089280 3.180000000000 -4.180000000000 1.590000000000 5.360000000000 5.360000000000 0.923214998906 0.038392500547
3.20000000 3.200000000000 0.960834277203 0.996682397840 1.000000000000 1.000000000000 0.761904761905 3.200000000000 3.200000000000 3.200000000000 3.200000000000 3.200000000000 3.200000000000 3.362243159538 3.239953333162 1.600000000000 2.662458832429 3.074669687050 3.199999639887 3.197801158599 3.190197731637 3.200000000000 -4.200000000000 1.600000000000 5.400000000000 5.400000000000 0.924620833929 0.037689583035
3.22000000 3.220000000000 0.961580014498 0.996812275543 1.000000000000 1.000000000000 0.763033175355 3.220000000000 3.220000000000 3.220000000000 3.220000000000 3.220000000000 3.220000000000 3.383257179285 3.259177499009 1.610000000000 2.683584664287 3.096287646685 3.219999672120 3.217936131393 3.210507957518 3.220000000000 -4.220000000000 1.610000000000 5.440000000000 5.440000000000 0.926002992935 0.036998503532
3.24000000 3.240000000000 0.962312109491 0.996937076586 1.000000000000 1.000000000000 0.764150943396 3.240000000000 3.240000000000 3.240000000000 3.240000000000 3.240000000000 3.240000000000 3.404271199032 3.278416442794 1.620000000000 2.704736220582 3.117891234752 3.239999701479 3.238063618867 3.230809011120 3.240000000000 -4.240000000000 1.620000000000 5.480000000000 5.480000000000 0.927361799529 0.036319100236
3.26000000 3.260000000000 0.963030790703 0.997056998805 1.000000000000 1.000000000000 0.765258215962 3.260000000000 3.260000000000 3.260000000000 3.260000000000 3.260000000000 3.260000000000 3.425285218779 3.297669893964 1.630000000000 2.725913022412 3.139480377693 3.259999728220 3.258183980915 3.251101132000 3.260000000000 -4.260000000000 1.630000000000 5.520000000000 5.520000000000 0.928697575656 0.035651212172
3.28000000 3.280000000000 0.963736283625 0.997172232375 1.000000000000 1.000000000000 0.766355140187 3.280000000000 3.280000000000 3.280000000000 3.280000000000 3.280000000000 3.280000000000 3.446299238526 3.316937586501 1.640000000000 2.747114594735 3.161055010291 3.279999752575 3.278297563779 3.271384555060 3.280000000000 -4.280000000000 1.640000000000 5.560000000000 5.560000000000 0.930010641497 0.034994679252
3.30000000 3.300000000000 0.964428810727 0.997282960099 1.000000000000 1.000000000000 0.767441860465 3.300000000000 3.300000000000 3.300000000000 3.300000000000 3.300000000000 3.300000000000 3.467313258273 3.336219258871 1.650000000000 2.768340466397 3.182615075400 3.299999774755 3.298404700330 3.291659510559 3.300000000000 -4.300000000000 1.650000000000 5.600000000000 5.600000000000 0.931301315369 0.034349342316
3.32000000 3.320000000000 0.965108591468 0.997389357693 1.000000000000 1.000000000000 0.768518518519 3.320000000000 3.320000000000 3.320000000000 3.320000000000 3.320000000000 3.320000000000 3.488327278020 3.355514653955 1.660000000000 2.789590170147 3.204160523675 3.319999794955 3.318505710361 3.311926224114 3.320000000000 -4.320000000000 1.660000000000 5.640000000000 5.640000000000 0.932569913627 0.033715043186
3.34000000 3.340000000000 0.965775842308 0.997491594056 1.000000000000 1.000000000000 0.769585253456 3.340000000000 3.340000000000 3.340000000000 3.340000000000 3.340000000000 3.340000000000 3.509341297767 3.374823518997 1.670000000000 2.810863242658 3.225691313307 3.339999813350 3.338600900889 3.332184916714 3.340000000000 -4.340000000000 1.670000000000 5.680000000000 5.680000000000 0.933816750580 0.033091624710
3.36000000 3.360000000000 0.966430776719 0.997589831532 1.000000000000 1.000000000000 0.770642201835 3.360000000000 3.360000000000 3.360000000000 3.360000000000 3.360000000000 3.360000000000 3.530355317514 3.394145605539 1.680000000000 2.832159224545 3.247207409774 3.359999830101 3.358690566462 3.352435804745 3.360000000000 -4.360000000000 1.680000000000 5.720000000000 5.720000000000 0.935042138397 0.032478930801
3.38000000 3.380000000000 0.967073605202 0.997684226165 1.000000000000 1.000000000000 0.771689497717 3.380000000000 3.380000000000 3.380000000000 3.380000000000 3.380000000000 3.380000000000 3.551369337262 3.413480669361 1.690000000000 2.853477660382 3.268708785582 3.379999845354 3.378774989476 3.372679100008 3.380000000000 -4.380000000000 1.690000000000 5.760000000000 5.760000000000 0.936246387034 0.031876806483
3.40000000 3.400000000000 0.967704535302 0.997774927934 1.000000000000 1.000000000000 0.772727272727 3.400000000000 3.400000000000 3.400000000000 3.400000000000 3.400000000000 3.400000000000 3.572383357009 3.432828470425 1.700000000000 2.874818098716 3.290195420025 3.399999859242 3.398854440497 3.392915009751 3.400000000000 -4.400000000000 1.700000000000 5.800000000000 5.800000000000 0.937429804154 0.031285097923
3.42000000 3.420000000000 0.968323771621 0.997862080995 1.000000000000 1.000000000000 0.773755656109 3.420000000000 3.420000000000 3.420000000000 3.420000000000 3.420000000000 3.420000000000 3.593397376756 3.452188772815 1.710000000000 2.896180092083 3.311667298944 3.419999871888 3.418929178579 3.413143736702 3.420000000000 -4.420000000000 1.710000000000 5.840000000000 5.840000000000 0.938592695057 0.030703652471
3.44000000 3.440000000000 0.968931515840 0.997945823899 1.000000000000 1.000000000000 0.774774774775 3.440000000000 3.440000000000 3.440000000000 3.440000000000 3.440000000000 3.440000000000 3.614411396503 3.471561344676 1.720000000000 2.917563197021 3.333124414491 3.439999883401 3.438999451599 3.433365479105 3.440000000000 -4.440000000000 1.720000000000 5.880000000000 5.880000000000 0.939735362613 0.030132318694
3.46000000 3.460000000000 0.969527966735 0.998026289809 1.000000000000 1.000000000000 0.775784753363 3.460000000000 3.460000000000 3.460000000000 3.460000000000 3.460000000000 3.460000000000 3.635425416250 3.490945958160 1.730000000000 2.938966974079 3.354566764904 3.459999893884 3.459065496579 3.453580430764 3.460000000000 -4.460000000000 1.730000000000 5.920000000000 5.920000000000 0.940858107196 0.029570946402
3.48000000 3.480000000000 0.970113320196 0.998103606711 1.000000000000 1.000000000000 0.776785714286 3.480000000000 3.480000000000 3.480000000000 3.480000000000 3.480000000000 3.480000000000 3.656439435997 3.510342389364 1.740000000000 2.960390987833 3.375994354283 3.479999903427 3.479127540018 3.473788781083 3.480000000000 -4.480000000000 1.740000000000 5.960000000000 5.960000000000 0.941961226629 0.029019386686
3.50000000 3.500000000000 0.970687769249 0.998177897611 1.000000000000 1.000000000000 0.777777777778 3.500000000000 3.500000000000 3.500000000000 3.500000000000 3.500000000000 3.500000000000 3.677453455744 3.529750418273 1.750000000000 2.981834806889 3.397407192370 3.499999912115 3.499185798223 3.493990715118 3.500000000000 -4.500000000000 1.750000000000 6.000000000000 6.000000000000 0.943045016127 0.028477491936
3.52000000 3.520000000000 0.971251504073 0.998249280727 1.000000000000 1.000000000000 0.778761061947 3.520000000000 3.520000000000 3.520000000000 3.520000000000 3.520000000000 3.520000000000 3.698467475491 3.549169828706 1.760000000000 3.003298003899 3.418805294339 3.519999920024 3.519240477634 3.514186413623 3.520000000000 -4.520000000000 1.760000000000 6.040000000000 6.040000000000 0.944109768247 0.027945115877
3.54000000 3.540000000000 0.971804712030 0.998317869675 1.000000000000 1.000000000000 0.779735682819 3.540000000000 3.540000000000 3.540000000000 3.540000000000 3.540000000000 3.540000000000 3.719481495238 3.568600408257 1.770000000000 3.024780155563 3.440188680586 3.539999927224 3.539291775153 3.534376053106 3.540000000000 -4.540000000000 1.770000000000 6.080000000000 6.080000000000 0.945155772838 0.027422113581
3.56000000 3.560000000000 0.972347577677 0.998383773648 1.000000000000 1.000000000000 0.780701754386 3.560000000000 3.560000000000 3.560000000000 3.560000000000 3.560000000000 3.560000000000 3.740495514986 3.588041948239 1.780000000000 3.046280842638 3.461557376531 3.559999933777 3.559339878467 3.554559805882 3.560000000000 -4.560000000000 1.780000000000 6.120000000000 6.120000000000 0.946183317001 0.026908341500
3.58000000 3.580000000000 0.972880282798 0.998447097583 1.000000000000 1.000000000000 0.781659388646 3.580000000000 3.580000000000 3.580000000000 3.580000000000 3.580000000000 3.580000000000 3.761509534733 3.607494243628 1.790000000000 3.067799649941 3.482911412418 3.579999939742 3.579384966369 3.574737840131 3.580000000000 -4.580000000000 1.790000000000 6.160000000000 6.160000000000 0.947192685044 0.026403657478
3.60000000 3.600000000000 0.973403006423 0.998507942332 1.000000000000 1.000000000000 0.782608695652 3.600000000000 3.600000000000 3.600000000000 3.600000000000 3.600000000000 3.600000000000 3.782523554480 3.626957093008 1.800000000000 3.089336166358 3.504250823123 3.599999945172 3.599427209075 3.594910319955 3.600000000000 -4.600000000000 1.800000000000 6.200000000000 6.200000000000 0.948184158451 0.025907920774
3.62000000 3.620000000000 0.973915924854 0.998566404814 1.000000000000 1.000000000000 0.783549783550 3.620000000000 3.620000000000 3.620000000000 3.620000000000 3.620000000000 3.620000000000 3.803537574227 3.646430298517 1.810000000000 3.110889984842 3.525575647970 3.619999950114 3.619466768541 3.615077405442 3.620000000000 -4.620000000000 1.810000000000 6.240000000000 6.240000000000 0.949158015843 0.025420992079
3.64000000 3.640000000000 0.974419211688 0.998622578172 1.000000000000 1.000000000000 0.784482758621 3.640000000000 3.640000000000 3.640000000000 3.640000000000 3.640000000000 3.640000000000 3.824551593974 3.665913665792 1.820000000000 3.132460702420 3.546885930544 3.639999954612 3.639503798766 3.635239252723 3.640000000000 -4.640000000000 1.820000000000 6.280000000000 6.280000000000 0.950114532948 0.024942733526
3.66000000 3.660000000000 0.974913037847 0.998676551915 1.000000000000 1.000000000000 0.785407725322 3.660000000000 3.660000000000 3.660000000000 3.660000000000 3.660000000000 3.660000000000 3.845565613721 3.685407003914 1.830000000000 3.154047920189 3.568181718518 3.659999958706 3.659538446096 3.655396014040 3.660000000000 -4.660000000000 1.830000000000 6.320000000000 6.320000000000 0.951053982580 0.024473008710
3.68000000 3.680000000000 0.975397571597 0.998728412063 1.000000000000 1.000000000000 0.786324786325 3.680000000000 3.680000000000 3.680000000000 3.680000000000 3.680000000000 3.680000000000 3.866579633468 3.704910125357 1.840000000000 3.175651243322 3.589463063478 3.679999962431 3.679570849525 3.675547837805 3.680000000000 -4.680000000000 1.840000000000 6.360000000000 6.360000000000 0.951976634603 0.024011682698
3.70000000 3.700000000000 0.975872978582 0.998778241281 1.000000000000 1.000000000000 0.787234042553 3.700000000000 3.700000000000 3.700000000000 3.700000000000 3.700000000000 3.700000000000 3.887593653215 3.724422845934 1.850000000000 3.197270281066 3.610730020755 3.699999965821 3.699601140986 3.695694868671 3.700000000000 -4.700000000000 1.850000000000 6.400000000000 6.400000000000 0.952882755922 0.023558622039
3.72000000 3.720000000000 0.976339421845 0.998826119008 1.000000000000 1.000000000000 0.788135593220 3.720000000000 3.720000000000 3.720000000000 3.720000000000 3.720000000000 3.720000000000 3.908607672962 3.743944984743 1.860000000000 3.218904646738 3.631982649262 3.719999968907 3.719629445633 3.715837247592 3.720000000000 -4.720000000000 1.860000000000 6.440000000000 6.440000000000 0.953772610452 0.023113694774
3.74000000 3.740000000000 0.976797061854 0.998872121583 1.000000000000 1.000000000000 0.789029535865 3.740000000000 3.740000000000 3.740000000000 3.740000000000 3.740000000000 3.740000000000 3.929621692709 3.763476364120 1.870000000000 3.240553957726 3.653221011335 3.739999971714 3.739655882123 3.735975111892 3.740000000000 -4.740000000000 1.870000000000 6.480000000000 6.480000000000 0.954646459113 0.022676770444
3.76000000 3.760000000000 0.977246056537 0.998916322365 1.000000000000 1.000000000000 0.789915966387 3.760000000000 3.760000000000 3.760000000000 3.760000000000 3.760000000000 3.760000000000 3.950635712457 3.783016809582 1.880000000000 3.262217835482 3.674445172580 3.759999974269 3.759680562889 3.756108595331 3.760000000000 -4.760000000000 1.880000000000 6.520000000000 6.520000000000 0.955504559805 0.022247720098
3.78000000 3.780000000000 0.977686561301 0.998958791852 1.000000000000 1.000000000000 0.790794979079 3.780000000000 3.780000000000 3.780000000000 3.780000000000 3.780000000000 3.780000000000 3.971649732204 3.802566149782 1.890000000000 3.283895905522 3.695655201718 3.779999976594 3.779703594402 3.776237828174 3.780000000000 -4.780000000000 1.890000000000 6.560000000000 6.560000000000 0.956347167406 0.021826416297
3.80000000 3.800000000000 0.978118729064 0.998999597786 1.000000000000 1.000000000000 0.791666666667 3.800000000000 3.800000000000 3.800000000000 3.800000000000 3.800000000000 3.800000000000 3.992663751951 3.822124216455 1.900000000000 3.305587797421 3.716851170443 3.799999978709 3.799725077433 3.796362937254 3.800000000000 -4.800000000000 1.900000000000 6.600000000000 6.600000000000 0.957174533758 0.021412733121
3.82000000 3.820000000000 0.978542710282 0.999038805266 1.000000000000 1.000000000000 0.792531120332 3.820000000000 3.820000000000 3.820000000000 3.820000000000 3.820000000000 3.820000000000 4.013677771698 3.841690844368 1.910000000000 3.327293144801 3.738033153279 3.819999980634 3.819745107303 3.816484046044 3.820000000000 -4.820000000000 1.910000000000 6.640000000000 6.640000000000 0.957986907659 0.021006546170
3.84000000 3.840000000000 0.978958652980 0.999076476847 1.000000000000 1.000000000000 0.793388429752 3.840000000000 3.840000000000 3.840000000000 3.840000000000 3.840000000000 3.840000000000 4.034691791445 3.861265871277 1.920000000000 3.349011585335 3.759201227441 3.839999982385 3.839763774124 3.836601274721 3.840000000000 -4.840000000000 1.920000000000 6.680000000000 6.680000000000 0.958784534864 0.020607732568
3.86000000 3.860000000000 0.979366702773 0.999112672642 1.000000000000 1.000000000000 0.794238683128 3.860000000000 3.860000000000 3.860000000000 3.860000000000 3.860000000000 3.860000000000 4.055705811192 3.880849137869 1.930000000000 3.370742760729 3.780355472704 3.859999983978 3.859781163042 3.856714740235 3.860000000000 -4.860000000000 1.930000000000 6.720000000000 6.720000000000 0.959567658075 0.020216170963
3.88000000 3.880000000000 0.979767002904 0.999147450414 1.000000000000 1.000000000000 0.795081967213 3.880000000000 3.880000000000 3.880000000000 3.880000000000 3.880000000000 3.880000000000 4.076719830939 3.900440487724 1.940000000000 3.392486316720 3.801495971268 3.879999985428 3.879797354458 3.876824556374 3.880000000000 -4.880000000000 1.940000000000 6.760000000000 6.760000000000 0.960336516946 0.019831741527
3.90000000 3.900000000000 0.980159694266 0.999180865670 1.000000000000 1.000000000000 0.795918367347 3.900000000000 3.900000000000 3.900000000000 3.900000000000 3.900000000000 3.900000000000 4.097733850686 3.920039767260 1.950000000000 3.414241903069 3.822622807637 3.899999986747 3.899812424258 3.896930833833 3.900000000000 -4.900000000000 1.950000000000 6.800000000000 6.800000000000 0.961091348082 0.019454325959
3.92000000 3.920000000000 0.980544915432 0.999212971747 1.000000000000 1.000000000000 0.796747967480 3.920000000000 3.920000000000 3.920000000000 3.920000000000 3.920000000000 3.920000000000 4.118747870433 3.939646825693 1.960000000000 3.436009173544 3.843736068493 3.919999987946 3.919826444021 3.917033680279 3.920000000000 -4.920000000000 1.960000000000 6.840000000000 6.840000000000 0.961832385040 0.019083807480
3.94000000 3.940000000000 0.980922802685 0.999243819899 1.000000000000 1.000000000000 0.797570850202 3.940000000000 3.940000000000 3.940000000000 3.940000000000 3.940000000000 3.940000000000 4.139761890181 3.959261514985 1.970000000000 3.457787785917 3.864835842578 3.939999989038 3.939839481230 3.937133200417 3.940000000000 -4.940000000000 1.970000000000 6.880000000000 6.880000000000 0.962559858339 0.018720070830
3.96000000 3.960000000000 0.981293490046 0.999273459374 1.000000000000 1.000000000000 0.798387096774 3.960000000000 3.960000000000 3.960000000000 3.960000000000 3.960000000000 3.960000000000 4.160775909928 3.978883689802 1.980000000000 3.479577401949 3.885922220581 3.959999990031 3.959851599469 3.957229496056 3.960000000000 -4.960000000000 1.980000000000 6.920000000000 6.920000000000 0.963273995461 0.018363002270
3.98000000 3.980000000000 0.981657109302 0.999301937496 1.000000000000 1.000000000000 0.799196787149 3.980000000000 3.980000000000 3.980000000000 3.980000000000 3.980000000000 3.980000000000 4.181789929675 3.998513207467 1.990000000000 3.501377687378 3.906995295023 3.979999990934 3.979862858616 3.977322666172 3.980000000000 -4.980000000000 1.990000000000 6.960000000000 6.960000000000 0.963975020859 0.018012489570
4.00000000 4.000000000000 0.982013790038 0.999329299739 1.000000000000 1.000000000000 0.800000000000 4.000000000000 4.000000000000 4.000000000000 4.000000000000 4.000000000000 4.000000000000 4.202803949422 4.018149927918 2.000000000000 3.523188311912 3.928055160152 3.999999991755 3.999873315033 3.997412806976 4.000000000000 -5.000000000000 2.000000000000 7.000000000000 7.000000000000 0.964663155972 0.017668422014
4.02000000 4.020000000000 0.982363659660 0.999355589799 1.000000000000 1.000000000000 0.800796812749 4.020000000000 4.020000000000 4.020000000000 4.020000000000 4.020000000000 4.020000000000 4.223817969169 4.037793713662 2.010000000000 3.545008949207 3.949101911834 4.019999992503 4.019883021736 4.017500011973 4.020000000000 -5.020000000000 2.010000000000 7.040000000000 7.040000000000 0.965338619228 0.017330690386
4.04000000 4.040000000000 0.982706843430 0.999380849662 1.000000000000 1.000000000000 0.801587301587 4.040000000000 4.040000000000 4.040000000000 4.040000000000 4.040000000000 4.040000000000 4.244831988916 4.057444429732 2.020000000000 3.566839276862 3.970135647458 4.039999993182 4.039892028573 4.037584372027 4.040000000000 -5.040000000000 2.020000000000 7.080000000000 7.080000000000 0.966001626064 0.016999186968
4.06000000 4.060000000000 0.983043464490 0.999405119673 1.000000000000 1.000000000000 0.802371541502 4.060000000000 4.060000000000 4.060000000000 4.060000000000 4.060000000000 4.060000000000 4.265846008663 4.077101943648 2.030000000000 3.588678976400 3.991156465829 4.059999993801 4.059900382387 4.057665975425 4.060000000000 -5.060000000000 2.030000000000 7.120000000000 7.120000000000 0.966652388931 0.016673805535
4.08000000 4.080000000000 0.983373643892 0.999428438598 1.000000000000 1.000000000000 0.803149606299 4.080000000000 4.080000000000 4.080000000000 4.080000000000 4.080000000000 4.080000000000 4.286860028410 4.096766125368 2.040000000000 3.610527733254 4.012164467080 4.079999994363 4.079908127170 4.077744907934 4.080000000000 -5.080000000000 2.040000000000 7.160000000000 7.160000000000 0.967291117316 0.016354441342
4.10000000 4.100000000000 0.983697500629 0.999450843688 1.000000000000 1.000000000000 0.803921568627 4.100000000000 4.100000000000 4.100000000000 4.100000000000 4.100000000000 4.100000000000 4.307874048157 4.116436847253 2.050000000000 3.632385236753 4.033159752577 4.099999994874 4.099915304222 4.097821252866 4.100000000000 -5.100000000000 2.050000000000 7.200000000000 7.200000000000 0.967918017753 0.016040991124
4.12000000 4.120000000000 0.984015151658 0.999472370734 1.000000000000 1.000000000000 0.804687500000 4.120000000000 4.120000000000 4.120000000000 4.120000000000 4.120000000000 4.120000000000 4.328888067905 4.136113984022 2.060000000000 3.654251180103 4.054142424830 4.119999995340 4.119921952286 4.117895091134 4.120000000000 -5.120000000000 2.060000000000 7.240000000000 7.240000000000 0.968533293841 0.015733353079
4.14000000 4.140000000000 0.984326711934 0.999493054130 1.000000000000 1.000000000000 0.805447470817 4.140000000000 4.140000000000 4.140000000000 4.140000000000 4.140000000000 4.140000000000 4.349902087652 4.155797412715 2.070000000000 3.676125260374 4.075112587407 4.139999995763 4.139928107695 4.137966501314 4.140000000000 -5.140000000000 2.070000000000 7.280000000000 7.280000000000 0.969137146265 0.015431426867
4.16000000 4.160000000000 0.984632294435 0.999512926921 1.000000000000 1.000000000000 0.806201550388 4.160000000000 4.160000000000 4.160000000000 4.160000000000 4.160000000000 4.160000000000 4.370916107399 4.175487012648 2.080000000000 3.698007178481 4.096070344848 4.159999996147 4.159933804500 4.158035559700 4.160000000000 -5.160000000000 2.080000000000 7.320000000000 7.320000000000 0.969729772808 0.015135113596
4.18000000 4.180000000000 0.984932010189 0.999532020860 1.000000000000 1.000000000000 0.806949806950 4.180000000000 4.180000000000 4.180000000000 4.180000000000 4.180000000000 4.180000000000 4.391930127146 4.195182665381 2.090000000000 3.719896639165 4.117015802592 4.179999996497 4.179939074599 4.178102340363 4.180000000000 -5.180000000000 2.090000000000 7.360000000000 7.360000000000 0.970311368378 0.014844315811
4.20000000 4.200000000000 0.985225968307 0.999550366460 1.000000000000 1.000000000000 0.807692307692 4.200000000000 4.200000000000 4.200000000000 4.200000000000 4.200000000000 4.200000000000 4.412944146893 4.214884254672 2.100000000000 3.741793350978 4.137949066888 4.199999996815 4.199943947854 4.198166915206 4.200000000000 -5.200000000000 2.100000000000 7.400000000000 7.400000000000 0.970882125021 0.014558937489
4.22000000 4.220000000000 0.985514276003 0.999567993035 1.000000000000 1.000000000000 0.808429118774 4.220000000000 4.220000000000 4.220000000000 4.220000000000 4.220000000000 4.220000000000 4.433958166640 4.234591666444 2.110000000000 3.763697026264 4.158870244731 4.219999997105 4.219948452211 4.218229354020 4.220000000000 -5.220000000000 2.110000000000 7.440000000000 7.440000000000 0.971442231951 0.014278884024
4.24000000 4.240000000000 0.985797038627 0.999584928755 1.000000000000 1.000000000000 0.809160305344 4.240000000000 4.240000000000 4.240000000000 4.240000000000 4.240000000000 4.240000000000 4.454972186387 4.254304788745 2.120000000000 3.785607381137 4.179779443780 4.239999997368 4.239952613805 4.238289724536 4.240000000000 -5.240000000000 2.120000000000 7.480000000000 7.480000000000 0.971991875564 0.014004062218
4.26000000 4.260000000000 0.986074359693 0.999601200686 1.000000000000 1.000000000000 0.809885931559 4.260000000000 4.260000000000 4.260000000000 4.260000000000 4.260000000000 4.260000000000 4.475986206134 4.274023511712 2.130000000000 3.807524135464 4.200676772294 4.259999997607 4.259956457070 4.258348092482 4.260000000000 -5.260000000000 2.130000000000 7.520000000000 7.520000000000 0.972531239466 0.013734380267
4.28000000 4.280000000000 0.986346340903 0.999616834835 1.000000000000 1.000000000000 0.810606060606 4.280000000000 4.280000000000 4.280000000000 4.280000000000 4.280000000000 4.280000000000 4.497000225881 4.293747727534 2.140000000000 3.829447012844 4.221562339063 4.279999997825 4.279960004831 4.278404521631 4.280000000000 -5.280000000000 2.140000000000 7.560000000000 7.560000000000 0.973060504493 0.013469747753
4.30000000 4.300000000000 0.986613082172 0.999631856190 1.000000000000 1.000000000000 0.811320754717 4.300000000000 4.300000000000 4.300000000000 4.300000000000 4.300000000000 4.300000000000 4.518014245629 4.313477330416 2.150000000000 3.851375740588 4.242436253341 4.299999998022 4.299963278406 4.298459073856 4.300000000000 -5.300000000000 2.150000000000 7.600000000000 7.600000000000 0.973579848739 0.013210075631
4.32000000 4.320000000000 0.986874681663 0.999646288762 1.000000000000 1.000000000000 0.812030075188 4.320000000000 4.320000000000 4.320000000000 4.320000000000 4.320000000000 4.320000000000 4.539028265376 4.333212216543 2.160000000000 3.873310049700 4.263298624784 4.319999998202 4.319966297693 4.318511809177 4.320000000000 -5.320000000000 2.160000000000 7.640000000000 7.640000000000 0.974089447575 0.012955276213
4.34000000 4.340000000000 0.987131235804 0.999660155622 1.000000000000 1.000000000000 0.812734082397 4.340000000000 4.340000000000 4.340000000000 4.340000000000 4.340000000000 4.340000000000 4.560042285123 4.352952284047 2.170000000000 3.895249674853 4.284149563389 4.339999998366 4.339969081251 4.338562785812 4.340000000000 -5.340000000000 2.170000000000 7.680000000000 7.680000000000 0.974589473679 0.012705263160
4.36000000 4.360000000000 0.987382839321 0.999673478935 1.000000000000 1.000000000000 0.813432835821 4.360000000000 4.360000000000 4.360000000000 4.360000000000 4.360000000000 4.360000000000 4.581056304870 4.372697432971 2.180000000000 3.917194354366 4.304989179438 4.359999998515 4.359971646387 4.358612060226 4.360000000000 -5.360000000000 2.180000000000 7.720000000000 7.720000000000 0.975080097061 0.012459951470
4.38000000 4.380000000000 0.987629585260 0.999686280001 1.000000000000 1.000000000000 0.814126394052 4.380000000000 4.380000000000 4.380000000000 4.380000000000 4.380000000000 4.380000000000 4.602070324617 4.392447565237 2.190000000000 3.939143830189 4.325817583438 4.379999998650 4.379974009231 4.378659687175 4.380000000000 -5.380000000000 2.190000000000 7.760000000000 7.760000000000 0.975561485085 0.012219257458
4.40000000 4.400000000000 0.987871565016 0.999698579284 1.000000000000 1.000000000000 0.814814814815 4.400000000000 4.400000000000 4.400000000000 4.400000000000 4.400000000000 4.400000000000 4.623084344364 4.412202584608 2.200000000000 3.961097847873 4.346634886069 4.399999998773 4.399976184807 4.398705719758 4.400000000000 -5.400000000000 2.200000000000 7.800000000000 7.800000000000 0.976033802500 0.011983098750
4.42000000 4.420000000000 0.988108868356 0.999710396448 1.000000000000 1.000000000000 0.815498154982 4.420000000000 4.420000000000 4.420000000000 4.420000000000 4.420000000000 4.420000000000 4.644098364111 4.431962396661 2.210000000000 3.983056156552 4.367441198132 4.419999998884 4.419978187101 4.418750209455 4.420000000000 -5.420000000000 2.210000000000 7.840000000000 7.840000000000 0.976497211464 0.011751394268
4.44000000 4.440000000000 0.988341583445 0.999721750386 1.000000000000 1.000000000000 0.816176470588 4.440000000000 4.440000000000 4.440000000000 4.440000000000 4.440000000000 4.440000000000 4.665112383858 4.451726908754 2.220000000000 4.005018508919 4.388236630497 4.439999998986 4.439980029129 4.438793206178 4.440000000000 -5.440000000000 2.220000000000 7.880000000000 7.880000000000 0.976951871572 0.011524064214
4.46000000 4.460000000000 0.988569796874 0.999732659251 1.000000000000 1.000000000000 0.816849816850 4.460000000000 4.460000000000 4.460000000000 4.460000000000 4.460000000000 4.460000000000 4.686126403605 4.471496029989 2.230000000000 4.026984661200 4.409021294056 4.459999999078 4.459981722997 4.458834758310 4.460000000000 -5.460000000000 2.230000000000 7.920000000000 7.920000000000 0.977397939885 0.011301030057
4.48000000 4.480000000000 0.988793593678 0.999743140485 1.000000000000 1.000000000000 0.817518248175 4.480000000000 4.480000000000 4.480000000000 4.480000000000 4.480000000000 4.480000000000 4.707140423353 4.491269671185 2.240000000000 4.048954373136 4.429795299678 4.479999999162 4.479983279959 4.478874912750 4.480000000000 -5.480000000000 2.240000000000 7.960000000000 7.960000000000 0.977835570954 0.011082214523
4.50000000 4.500000000000 0.989013057369 0.999753210848 1.000000000000 1.000000000000 0.818181818182 4.500000000000 4.500000000000 4.500000000000 4.500000000000 4.500000000000 4.500000000000 4.728154443100 4.511047744849 2.250000000000 4.070927407954 4.450558758162 4.499999999239 4.499984710471 4.498913714953 4.500000000000 -5.500000000000 2.250000000000 8.000000000000 8.000000000000 0.978264916850 0.010867541575
4.52000000 4.520000000000 0.989228269955 0.999762886442 1.000000000000 1.000000000000 0.818840579710 4.520000000000 4.520000000000 4.520000000000 4.520000000000 4.520000000000 4.520000000000 4.749168462847 4.530830165139 2.260000000000 4.092903532345 4.471311780196 4.519999999308 4.519986024243 4.518951208971 4.520000000000 -5.520000000000 2.260000000000 8.040000000000 8.040000000000 0.978686127194 0.010656936403
4.54000000 4.540000000000 0.989439311963 0.999772182738 1.000000000000 1.000000000000 0.819494584838 4.540000000000 4.540000000000 4.540000000000 4.540000000000 4.540000000000 4.540000000000 4.770182482594 4.550616847843 2.270000000000 4.114882516441 4.492054476314 4.539999999371 4.539987230290 4.538987437492 4.540000000000 -5.540000000000 2.270000000000 8.080000000000 8.080000000000 0.979099349180 0.010450325410
4.56000000 4.560000000000 0.989646262469 0.999781114603 1.000000000000 1.000000000000 0.820143884892 4.560000000000 4.560000000000 4.560000000000 4.560000000000 4.560000000000 4.560000000000 4.791196502341 4.570407710342 2.280000000000 4.136864133786 4.512786956858 4.559999999428 4.559988336974 4.559022441881 4.560000000000 -5.560000000000 2.280000000000 8.120000000000 8.120000000000 0.979504727609 0.010247636196
4.58000000 4.580000000000 0.989849199114 0.999789696320 1.000000000000 1.000000000000 0.820788530466 4.580000000000 4.580000000000 4.580000000000 4.580000000000 4.580000000000 4.580000000000 4.812210522088 4.590202671583 2.290000000000 4.158848161316 4.533509331942 4.579999999481 4.579989352051 4.579056262213 4.580000000000 -5.580000000000 2.290000000000 8.160000000000 8.160000000000 0.979902404914 0.010048797543
4.60000000 4.600000000000 0.990048198133 0.999797941612 1.000000000000 1.000000000000 0.821428571429 4.600000000000 4.600000000000 4.600000000000 4.600000000000 4.600000000000 4.600000000000 4.833224541835 4.610001652056 2.300000000000 4.180834379332 4.554221711412 4.599999999528 4.599990282708 4.599088937314 4.600000000000 -5.600000000000 2.300000000000 8.200000000000 8.200000000000 0.980292521191 0.009853739405
4.62000000 4.620000000000 0.990243334375 0.999805863666 1.000000000000 1.000000000000 0.822064056940 4.620000000000 4.620000000000 4.620000000000 4.620000000000 4.620000000000 4.620000000000 4.854238561582 4.629804573757 2.310000000000 4.202822571473 4.574924204815 4.619999999571 4.619991135605 4.619120504799 4.620000000000 -5.620000000000 2.310000000000 8.240000000000 8.240000000000 0.980675214224 0.009662392888
4.64000000 4.640000000000 0.990434681328 0.999813475150 1.000000000000 1.000000000000 0.822695035461 4.640000000000 4.640000000000 4.640000000000 4.640000000000 4.640000000000 4.640000000000 4.875252581329 4.649611360169 2.320000000000 4.224812524692 4.595616921361 4.639999999610 4.639991916907 4.639151001098 4.640000000000 -5.640000000000 2.320000000000 8.280000000000 8.280000000000 0.981050619519 0.009474690241
4.66000000 4.660000000000 0.990622311137 0.999820788239 1.000000000000 1.000000000000 0.823321554770 4.660000000000 4.660000000000 4.660000000000 4.660000000000 4.660000000000 4.660000000000 4.896266601077 4.669421936230 2.330000000000 4.246804029233 4.616299969900 4.659999999646 4.659992632321 4.659180461500 4.660000000000 -5.660000000000 2.330000000000 8.320000000000 8.320000000000 0.981418870327 0.009290564836
4.68000000 4.680000000000 0.990806294633 0.999827814628 1.000000000000 1.000000000000 0.823943661972 4.680000000000 4.680000000000 4.680000000000 4.680000000000 4.680000000000 4.680000000000 4.917280620824 4.689236228306 2.340000000000 4.268796878599 4.636973458881 4.679999999678 4.679993287127 4.679208920181 4.680000000000 -5.680000000000 2.340000000000 8.360000000000 8.360000000000 0.981780097679 0.009109951160
4.70000000 4.700000000000 0.990986701347 0.999834565554 1.000000000000 1.000000000000 0.824561403509 4.700000000000 4.700000000000 4.700000000000 4.700000000000 4.700000000000 4.700000000000 4.938294640571 4.709054164170 2.350000000000 4.290790869531 4.657637496332 4.699999999707 4.699993886205 4.699236410239 4.700000000000 -5.700000000000 2.350000000000 8.400000000000 8.400000000000 0.982134430409 0.008932784796
4.72000000 4.720000000000 0.991163599539 0.999841051816 1.000000000000 1.000000000000 0.825174825175 4.720000000000 4.720000000000 4.720000000000 4.720000000000 4.720000000000 4.720000000000 4.959308660318 4.728875672970 2.360000000000 4.312785801979 4.678292189826 4.719999999734 4.719994434066 4.719262963723 4.720000000000 -5.720000000000 2.360000000000 8.440000000000 8.440000000000 0.982481995185 0.008759002408
4.74000000 4.740000000000 0.991337056215 0.999847283788 1.000000000000 1.000000000000 0.825783972125 4.740000000000 4.740000000000 4.740000000000 4.740000000000 4.740000000000 4.740000000000 4.980322680065 4.748700685208 2.370000000000 4.334781479079 4.698937646460 4.739999999758 4.739994934878 4.739288611666 4.740000000000 -5.740000000000 2.370000000000 8.480000000000 8.480000000000 0.982822916539 0.008588541731
4.76000000 4.760000000000 0.991507137148 0.999853271437 1.000000000000 1.000000000000 0.826388888889 4.760000000000 4.760000000000 4.760000000000 4.760000000000 4.760000000000 4.760000000000 5.001336699812 4.768529132714 2.380000000000 4.356777707122 4.719573972826 4.759999999781 4.759995392488 4.759313384116 4.760000000000 -5.760000000000 2.380000000000 8.520000000000 8.520000000000 0.983157316894 0.008421341553
4.78000000 4.780000000000 0.991673906902 0.999859024340 1.000000000000 1.000000000000 0.826989619377 4.780000000000 4.780000000000 4.780000000000 4.780000000000 4.780000000000 4.780000000000 5.022350719559 4.788360948620 2.390000000000 4.378774295530 4.740201274989 4.779999999801 4.779995810445 4.779337310161 4.780000000000 -5.780000000000 2.390000000000 8.560000000000 8.560000000000 0.983485316595 0.008257341703
4.80000000 4.800000000000 0.991837428847 0.999864551701 1.000000000000 1.000000000000 0.827586206897 4.800000000000 4.800000000000 4.800000000000 4.800000000000 4.800000000000 4.800000000000 5.043364739306 4.808196067338 2.400000000000 4.400771056829 4.760819658465 4.799999999819 4.799996192025 4.799360417963 4.800000000000 -5.800000000000 2.400000000000 8.600000000000 8.600000000000 0.983807033931 0.008096483034
4.82000000 4.820000000000 0.991997765186 0.999869862359 1.000000000000 1.000000000000 0.828178694158 4.820000000000 4.820000000000 4.820000000000 4.820000000000 4.820000000000 4.820000000000 5.064378759053 4.828034424537 2.410000000000 4.422767806623 4.781429228195 4.819999999835 4.819996540247 4.819382734781 4.820000000000 -5.820000000000 2.410000000000 8.640000000000 8.640000000000 0.984122585173 0.007938707413
4.84000000 4.840000000000 0.992154976970 0.999874964810 1.000000000000 1.000000000000 0.828767123288 4.840000000000 4.840000000000 4.840000000000 4.840000000000 4.840000000000 4.840000000000 5.085392778801 4.847875957116 2.420000000000 4.444764363566 4.802030088533 4.839999999850 4.839996857893 4.839404287003 4.840000000000 -5.840000000000 2.420000000000 8.680000000000 8.680000000000 0.984432084594 0.007783957703
4.86000000 4.860000000000 0.992309124118 0.999879867215 1.000000000000 1.000000000000 0.829351535836 4.860000000000 4.860000000000 4.860000000000 4.860000000000 4.860000000000 4.860000000000 5.106406798548 4.867720603185 2.430000000000 4.466760549333 4.822622343216 4.859999999864 4.859997147526 4.859425100167 4.860000000000 -5.860000000000 2.430000000000 8.720000000000 8.720000000000 0.984735644501 0.007632177750
4.88000000 4.880000000000 0.992460265442 0.999884577417 1.000000000000 1.000000000000 0.829931972789 4.880000000000 4.880000000000 4.880000000000 4.880000000000 4.880000000000 4.880000000000 5.127420818295 4.887568302042 2.440000000000 4.488756188597 4.843206095355 4.879999999877 4.879997411505 4.879445198990 4.880000000000 -5.880000000000 2.440000000000 8.760000000000 8.760000000000 0.985033375261 0.007483312369
4.90000000 4.900000000000 0.992608458656 0.999889102951 1.000000000000 1.000000000000 0.830508474576 4.900000000000 4.900000000000 4.900000000000 4.900000000000 4.900000000000 4.900000000000 5.148434838042 4.907418994149 2.450000000000 4.510751108999 4.863781447413 4.899999999888 4.899997652002 4.899464607393 4.900000000000 -5.900000000000 2.450000000000 8.800000000000 8.800000000000 0.985325385332 0.007337307334
4.92000000 4.920000000000 0.992753760404 0.999893451054 1.000000000000 1.000000000000 0.831081081081 4.920000000000 4.920000000000 4.920000000000 4.920000000000 4.920000000000 4.920000000000 5.169448857789 4.927272621112 2.460000000000 4.532745141121 4.884348501189 4.919999999898 4.919997871012 4.919483348524 4.920000000000 -5.920000000000 2.460000000000 8.840000000000 8.840000000000 0.985611781288 0.007194109356
4.94000000 4.940000000000 0.992896226276 0.999897628684 1.000000000000 1.000000000000 0.831649831650 4.940000000000 4.940000000000 4.940000000000 4.940000000000 4.940000000000 4.940000000000 5.190462877536 4.947129125659 2.470000000000 4.554738118461 4.904907357802 4.939999999907 4.939998070372 4.939501444780 4.940000000000 -5.940000000000 2.470000000000 8.880000000000 8.880000000000 0.985892667847 0.007053666077
4.96000000 4.960000000000 0.993035910822 0.999901642524 1.000000000000 1.000000000000 0.832214765101 4.960000000000 4.960000000000 4.960000000000 4.960000000000 4.960000000000 4.960000000000 5.211476897283 4.966988451621 2.480000000000 4.576729877402 4.925458117678 4.959999999916 4.959998251769 4.959518917834 4.960000000000 -5.960000000000 2.480000000000 8.920000000000 8.920000000000 0.986168147896 0.006915926052
4.98000000 4.980000000000 0.993172867578 0.999905498993 1.000000000000 1.000000000000 0.832775919732 4.980000000000 4.980000000000 4.980000000000 4.980000000000 4.980000000000 4.980000000000 5.232490917030 4.986850543907 2.490000000000 4.598720257188 4.946000880538 4.979999999924 4.979998416752 4.979535788655 4.980000000000 -5.980000000000 2.490000000000 8.960000000000 8.960000000000 0.986438322524 0.006780838738
5.00000000 5.000000000000 0.993307149076 0.999909204263 1.000000000000 1.000000000000 0.833333333333 5.000000000000 5.000000000000 5.000000000000 5.000000000000 5.000000000000 5.000000000000 5.253504936777 5.006715348489 2.500000000000 4.620709099894 4.966535745379 4.999999999931 4.999998566742 4.999552077529 5.000000000000 -6.000000000000 2.500000000000 9.000000000000 9.000000000000 0.986703291042 0.006648354479
5.02000000 5.020000000000 0.993438806866 0.999912764259 1.000000000000 1.000000000000 0.833887043189 5.020000000000 5.020000000000 5.020000000000 5.020000000000 5.020000000000 5.020000000000 5.274518956525 5.026582812379 2.510000000000 4.642696250400 4.987062810467 5.019999999937 5.019998703046 5.019567804082 5.020000000000 -6.020000000000 2.510000000000 9.040000000000 9.040000000000 0.986963151016 0.006518424492
5.04000000 5.040000000000 0.993567891533 0.999916184678 1.000000000000 1.000000000000 0.834437086093 5.040000000000 5.040000000000 5.040000000000 5.040000000000 5.040000000000 5.040000000000 5.295532976272 5.046452883610 2.520000000000 4.664681556363 5.007582173327 5.039999999943 5.039998826860 5.039582987298 5.040000000000 -6.040000000000 2.520000000000 9.080000000000 9.080000000000 0.987217998288 0.006391000856
5.06000000 5.060000000000 0.993694452713 0.999919470992 1.000000000000 1.000000000000 0.834983498350 5.060000000000 5.060000000000 5.060000000000 5.060000000000 5.060000000000 5.060000000000 5.316546996019 5.066325511217 2.530000000000 4.686664868192 5.028093930726 5.059999999948 5.059998939281 5.059597645540 5.060000000000 -6.060000000000 2.530000000000 9.120000000000 9.120000000000 0.987467927004 0.006266036498
5.08000000 5.080000000000 0.993818539108 0.999922628457 1.000000000000 1.000000000000 0.835526315789 5.080000000000 5.080000000000 5.080000000000 5.080000000000 5.080000000000 5.080000000000 5.337561015766 5.086200645220 2.540000000000 4.708646039014 5.048598178671 5.079999999953 5.079999041315 5.079611796572 5.080000000000 -6.080000000000 2.540000000000 9.160000000000 9.160000000000 0.987713029644 0.006143485178
5.10000000 5.100000000000 0.993940198508 0.999925662126 1.000000000000 1.000000000000 0.836065573770 5.100000000000 5.100000000000 5.100000000000 5.100000000000 5.100000000000 5.100000000000 5.358575035513 5.106078236602 2.550000000000 4.730624924656 5.069095012393 5.099999999957 5.099999133884 5.099625457574 5.100000000000 -6.100000000000 2.550000000000 9.200000000000 9.200000000000 0.987953397039 0.006023301480
5.12000000 5.120000000000 0.994059477802 0.999928576851 1.000000000000 1.000000000000 0.836601307190 5.120000000000 5.120000000000 5.120000000000 5.120000000000 5.120000000000 5.120000000000 5.379589055260 5.125958237293 2.560000000000 4.752601383610 5.089584526344 5.119999999961 5.119999217829 5.119638645159 5.120000000000 -6.120000000000 2.560000000000 9.240000000000 9.240000000000 0.988189118408 0.005905440796
5.14000000 5.140000000000 0.994176422994 0.999931377297 1.000000000000 1.000000000000 0.837133550489 5.140000000000 5.140000000000 5.140000000000 5.140000000000 5.140000000000 5.140000000000 5.400603075007 5.145840600153 2.570000000000 4.774575277007 5.110066814188 5.139999999965 5.139999293922 5.139651375398 5.140000000000 -6.140000000000 2.570000000000 9.280000000000 9.280000000000 0.988420281371 0.005789859315
5.16000000 5.160000000000 0.994291079223 0.999934067943 1.000000000000 1.000000000000 0.837662337662 5.160000000000 5.160000000000 5.160000000000 5.160000000000 5.160000000000 5.160000000000 5.421617094754 5.165725278953 2.580000000000 4.796546468593 5.130541968791 5.159999999968 5.159999362869 5.159663663829 5.160000000000 -6.160000000000 2.580000000000 9.320000000000 9.320000000000 0.988646971983 0.005676514008
5.18000000 5.180000000000 0.994403490775 0.999936653094 1.000000000000 1.000000000000 0.838187702265 5.180000000000 5.180000000000 5.180000000000 5.180000000000 5.180000000000 5.180000000000 5.442631114501 5.185612228358 2.590000000000 4.818514824699 5.151010082217 5.179999999971 5.179999425316 5.179675525478 5.180000000000 -6.180000000000 2.590000000000 9.360000000000 9.360000000000 0.988869274757 0.005565362621
5.20000000 5.200000000000 0.994513701101 0.999939136886 1.000000000000 1.000000000000 0.838709677419 5.200000000000 5.200000000000 5.200000000000 5.200000000000 5.200000000000 5.200000000000 5.463645134248 5.205501403910 2.600000000000 4.840480214215 5.171471245723 5.199999999973 5.199999481850 5.199686974876 5.200000000000 -6.200000000000 2.600000000000 9.400000000000 9.400000000000 0.989087272685 0.005456363658
5.22000000 5.220000000000 0.994621752826 0.999941523293 1.000000000000 1.000000000000 0.839228295820 5.220000000000 5.220000000000 5.220000000000 5.220000000000 5.220000000000 5.220000000000 5.484659153996 5.225392762011 2.610000000000 4.862442508559 5.191925549753 5.219999999976 5.219999533011 5.219698026069 5.220000000000 -6.220000000000 2.610000000000 9.440000000000 9.440000000000 0.989301047265 0.005349476368
5.24000000 5.240000000000 0.994727687773 0.999943816133 1.000000000000 1.000000000000 0.839743589744 5.240000000000 5.240000000000 5.240000000000 5.240000000000 5.240000000000 5.240000000000 5.505673173743 5.245286259911 2.620000000000 4.884401581657 5.212373083931 5.239999999978 5.239999579289 5.239708692643 5.240000000000 -6.240000000000 2.620000000000 9.480000000000 9.480000000000 0.989510678524 0.005244660738
5.26000000 5.260000000000 0.994831546970 0.999946019075 1.000000000000 1.000000000000 0.840255591054 5.260000000000 5.260000000000 5.260000000000 5.260000000000 5.260000000000 5.260000000000 5.526687193490 5.265181855684 2.630000000000 4.906357309908 5.232813937061 5.259999999980 5.259999621134 5.259718987728 5.260000000000 -6.260000000000 2.630000000000 9.520000000000 9.520000000000 0.989716245044 0.005141877478
5.28000000 5.280000000000 0.994933370667 0.999948135642 1.000000000000 1.000000000000 0.840764331210 5.280000000000 5.280000000000 5.280000000000 5.280000000000 5.280000000000 5.280000000000 5.547701213237 5.285079508220 2.640000000000 4.928309572164 5.253248197119 5.279999999982 5.279999658955 5.279728924020 5.280000000000 -6.280000000000 2.640000000000 9.560000000000 9.560000000000 0.989917823982 0.005041088009
5.30000000 5.300000000000 0.995033198350 0.999950169222 1.000000000000 1.000000000000 0.841269841270 5.300000000000 5.300000000000 5.300000000000 5.300000000000 5.300000000000 5.300000000000 5.568715232984 5.304979177204 2.650000000000 4.950258249697 5.273675951255 5.299999999984 5.299999693123 5.299738513793 5.300000000000 -6.300000000000 2.650000000000 9.600000000000 9.600000000000 0.990115491095 0.004942254452
5.32000000 5.320000000000 0.995131068756 0.999952123068 1.000000000000 1.000000000000 0.841772151899 5.320000000000 5.320000000000 5.320000000000 5.320000000000 5.320000000000 5.320000000000 5.589729252731 5.324880823106 2.660000000000 4.972203226176 5.294097285783 5.319999999985 5.319999723979 5.319747768910 5.320000000000 -6.320000000000 2.660000000000 9.640000000000 9.640000000000 0.990309320763 0.004845339618
5.34000000 5.340000000000 0.995227019885 0.999954000306 1.000000000000 1.000000000000 0.842271293375 5.340000000000 5.340000000000 5.340000000000 5.340000000000 5.340000000000 5.340000000000 5.610743272478 5.344784407160 2.670000000000 4.994144387640 5.314512286187 5.339999999986 5.339999751833 5.339756700840 5.340000000000 -6.340000000000 2.670000000000 9.680000000000 9.680000000000 0.990499386012 0.004750306994
5.36000000 5.360000000000 0.995321089014 0.999955803940 1.000000000000 1.000000000000 0.842767295597 5.360000000000 5.360000000000 5.360000000000 5.360000000000 5.360000000000 5.360000000000 5.631757292225 5.364689891355 2.680000000000 5.016081622468 5.334921037113 5.359999999988 5.359999776965 5.359765320668 5.360000000000 -6.360000000000 2.680000000000 9.720000000000 9.720000000000 0.990685758534 0.004657120733
5.38000000 5.380000000000 0.995413312708 0.999957536856 1.000000000000 1.000000000000 0.843260188088 5.380000000000 5.380000000000 5.380000000000 5.380000000000 5.380000000000 5.380000000000 5.652771311972 5.384597238417 2.690000000000 5.038014821357 5.355323622371 5.379999999989 5.379999799633 5.379773639107 5.380000000000 -6.380000000000 2.690000000000 9.760000000000 9.760000000000 0.990868508712 0.004565745644
5.40000000 5.400000000000 0.995503726839 0.999959201825 1.000000000000 1.000000000000 0.843750000000 5.400000000000 5.400000000000 5.400000000000 5.400000000000 5.400000000000 5.400000000000 5.673785331720 5.404506411799 2.700000000000 5.059943877292 5.375720124931 5.399999999990 5.399999820070 5.399781666513 5.400000000000 -6.400000000000 2.700000000000 9.800000000000 9.800000000000 0.991047705639 0.004476147181
5.42000000 5.420000000000 0.995592366592 0.999960801513 1.000000000000 1.000000000000 0.844236760125 5.420000000000 5.420000000000 5.420000000000 5.420000000000 5.420000000000 5.420000000000 5.694799351467 5.424417375662 2.710000000000 5.081868685520 5.396110626927 5.419999999991 5.419999838487 5.419789412893 5.420000000000 -6.420000000000 2.710000000000 9.840000000000 9.840000000000 0.991223417143 0.004388291428
5.44000000 5.440000000000 0.995679266480 0.999962338479 1.000000000000 1.000000000000 0.844720496894 5.440000000000 5.440000000000 5.440000000000 5.440000000000 5.440000000000 5.440000000000 5.715813371214 5.444330094864 2.720000000000 5.103789143526 5.416495209652 5.439999999992 5.439999855077 5.439796887921 5.440000000000 -6.440000000000 2.720000000000 9.880000000000 9.880000000000 0.991395709805 0.004302145097
5.46000000 5.460000000000 0.995764460359 0.999963815182 1.000000000000 1.000000000000 0.845201238390 5.460000000000 5.460000000000 5.460000000000 5.460000000000 5.460000000000 5.460000000000 5.736827390961 5.464244534948 2.730000000000 5.125705151003 5.436873953561 5.459999999992 5.459999870015 5.459804100942 5.460000000000 -6.460000000000 2.730000000000 9.920000000000 9.920000000000 0.991564648982 0.004217675509
5.48000000 5.480000000000 0.995847981436 0.999965233984 1.000000000000 1.000000000000 0.845679012346 5.480000000000 5.480000000000 5.480000000000 5.480000000000 5.480000000000 5.480000000000 5.757841410708 5.484160662126 2.740000000000 5.147616609830 5.457246938271 5.479999999993 5.479999883461 5.479811060988 5.480000000000 -6.480000000000 2.740000000000 9.960000000000 9.960000000000 0.991730298826 0.004134850587
5.50000000 5.500000000000 0.995929862284 0.999966597156 1.000000000000 1.000000000000 0.846153846154 5.500000000000 5.500000000000 5.500000000000 5.500000000000 5.500000000000 5.500000000000 5.778855430455 5.504078443271 2.750000000000 5.169523424043 5.477614242563 5.499999999994 5.499999895557 5.499817776787 5.500000000000 -6.500000000000 2.750000000000 10.000000000000 10.000000000000 0.991892722305 0.004053638848
5.52000000 5.520000000000 0.996010134851 0.999967906880 1.000000000000 1.000000000000 0.846625766871 5.520000000000 5.520000000000 5.520000000000 5.520000000000 5.520000000000 5.520000000000 5.799869450202 5.523997845896 2.760000000000 5.191425499810 5.497975944378 5.519999999994 5.519999906436 5.519824256774 5.520000000000 -6.520000000000 2.760000000000 10.040000000000 10.040000000000 0.992051981225 0.003974009387
5.54000000 5.540000000000 0.996088830474 0.999969165249 1.000000000000 1.000000000000 0.847094801223 5.540000000000 5.540000000000 5.540000000000 5.540000000000 5.540000000000 5.540000000000 5.820883469949 5.543918838152 2.770000000000 5.213322745405 5.518332120825 5.539999999995 5.539999916215 5.539830509095 5.540000000000 -6.540000000000 2.770000000000 10.080000000000 10.080000000000 0.992208136248 0.003895931876
5.56000000 5.560000000000 0.996165979889 0.999970374279 1.000000000000 1.000000000000 0.847560975610 5.560000000000 5.560000000000 5.560000000000 5.560000000000 5.560000000000 5.560000000000 5.841897489696 5.563841388807 2.780000000000 5.235215071184 5.538682848180 5.559999999995 5.559999925003 5.559836541625 5.560000000000 -6.560000000000 2.780000000000 10.120000000000 10.120000000000 0.992361246910 0.003819376545
5.58000000 5.580000000000 0.996241613241 0.999971535904 1.000000000000 1.000000000000 0.848024316109 5.580000000000 5.580000000000 5.580000000000 5.580000000000 5.580000000000 5.580000000000 5.862911509444 5.583765467240 2.790000000000 5.257102389558 5.559028201888 5.579999999996 5.579999932895 5.579842361970 5.580000000000 -6.580000000000 2.790000000000 10.160000000000 10.160000000000 0.992511371645 0.003744314178
5.60000000 5.600000000000 0.996315760101 0.999972651982 1.000000000000 1.000000000000 0.848484848485 5.600000000000 5.600000000000 5.600000000000 5.600000000000 5.600000000000 5.600000000000 5.883925529191 5.603691043427 2.800000000000 5.278984614966 5.579368256563 5.599999999996 5.599999939981 5.599847977479 5.600000000000 -6.600000000000 2.800000000000 10.200000000000 10.200000000000 0.992658567799 0.003670716101
5.62000000 5.620000000000 0.996388449466 0.999973724299 1.000000000000 1.000000000000 0.848942598187 5.620000000000 5.620000000000 5.620000000000 5.620000000000 5.620000000000 5.620000000000 5.904939548938 5.623618087928 2.810000000000 5.300861663855 5.599703085996 5.619999999996 5.619999946341 5.619853395251 5.620000000000 -6.620000000000 2.810000000000 10.240000000000 10.240000000000 0.992802891652 0.003598554174
5.64000000 5.640000000000 0.996459709779 0.999974754571 1.000000000000 1.000000000000 0.849397590361 5.640000000000 5.640000000000 5.640000000000 5.640000000000 5.640000000000 5.640000000000 5.925953568685 5.643546571879 2.820000000000 5.322733454647 5.620032763154 5.639999999997 5.639999952046 5.639858622145 5.640000000000 -6.640000000000 2.820000000000 10.280000000000 10.280000000000 0.992944398435 0.003527800782
5.66000000 5.660000000000 0.996529568937 0.999975744446 1.000000000000 1.000000000000 0.849849849850 5.660000000000 5.660000000000 5.660000000000 5.660000000000 5.660000000000 5.660000000000 5.946967588432 5.663476466978 2.830000000000 5.344599907724 5.640357360181 5.659999999997 5.659999957161 5.659863664787 5.660000000000 -6.660000000000 2.830000000000 10.320000000000 10.320000000000 0.993083142351 0.003458428825
5.68000000 5.680000000000 0.996598054297 0.999976695509 1.000000000000 1.000000000000 0.850299401198 5.680000000000 5.680000000000 5.680000000000 5.680000000000 5.680000000000 5.680000000000 5.967981608179 5.683407745478 2.840000000000 5.366460945393 5.660676948407 5.679999999997 5.679999961747 5.679868529577 5.680000000000 -6.680000000000 2.840000000000 10.360000000000 10.360000000000 0.993219176587 0.003390411706
5.70000000 5.700000000000 0.996665192693 0.999977609281 1.000000000000 1.000000000000 0.850746268657 5.700000000000 5.700000000000 5.700000000000 5.700000000000 5.700000000000 5.700000000000 5.988995627926 5.703340380170 2.850000000000 5.388316491869 5.680991598348 5.699999999998 5.699999965855 5.699873222696 5.700000000000 -6.700000000000 2.850000000000 10.400000000000 10.400000000000 0.993352553339 0.003323723331
5.72000000 5.720000000000 0.996731010438 0.999978487224 1.000000000000 1.000000000000 0.851190476190 5.720000000000 5.720000000000 5.720000000000 5.720000000000 5.720000000000 5.720000000000 6.010009647673 5.723274344381 2.860000000000 5.410166473247 5.701301379707 5.719999999998 5.719999969534 5.719877750117 5.720000000000 -6.720000000000 2.860000000000 10.440000000000 10.440000000000 0.993483323823 0.003258338088
5.74000000 5.740000000000 0.996795533342 0.999979330743 1.000000000000 1.000000000000 0.851632047478 5.740000000000 5.740000000000 5.740000000000 5.740000000000 5.740000000000 5.740000000000 6.031023667420 5.743209611956 2.870000000000 5.432010817479 5.721606361386 5.739999999998 5.739999972828 5.739882117607 5.740000000000 -6.740000000000 2.870000000000 10.480000000000 10.480000000000 0.993611538297 0.003194230851
5.76000000 5.760000000000 0.996858786715 0.999980141189 1.000000000000 1.000000000000 0.852071005917 5.760000000000 5.760000000000 5.760000000000 5.760000000000 5.760000000000 5.760000000000 6.052037687168 5.763146157251 2.880000000000 5.453849454347 5.741906611479 5.759999999998 5.759999975775 5.759886330737 5.760000000000 -6.760000000000 2.880000000000 10.520000000000 10.520000000000 0.993737246076 0.003131376962
5.78000000 5.780000000000 0.996920795379 0.999980919856 1.000000000000 1.000000000000 0.852507374631 5.780000000000 5.780000000000 5.780000000000 5.780000000000 5.780000000000 5.780000000000 6.073051706915 5.783083955126 2.890000000000 5.475682315444 5.762202197288 5.779999999998 5.779999978412 5.779890394886 5.780000000000 -6.780000000000 2.890000000000 10.560000000000 10.560000000000 0.993860495548 0.003069752226
5.80000000 5.800000000000 0.996981583675 0.999981667993 1.000000000000 1.000000000000 0.852941176471 5.800000000000 5.800000000000 5.800000000000 5.800000000000 5.800000000000 5.800000000000 6.094065726662 5.803022980931 2.900000000000 5.497509334145 5.782493185317 5.799999999999 5.799999980769 5.799894315252 5.800000000000 -6.800000000000 2.900000000000 10.600000000000 10.600000000000 0.993981334190 0.003009332905
5.82000000 5.820000000000 0.997041175478 0.999982386795 1.000000000000 1.000000000000 0.853372434018 5.820000000000 5.820000000000 5.820000000000 5.820000000000 5.820000000000 5.820000000000 6.115079746409 5.822963210497 2.910000000000 5.519330445587 5.802779641283 5.819999999999 5.819999982875 5.819898096853 5.820000000000 -6.820000000000 2.910000000000 10.640000000000 10.640000000000 0.994099808587 0.002950095706
5.84000000 5.840000000000 0.997099594198 0.999983077412 1.000000000000 1.000000000000 0.853801169591 5.840000000000 5.840000000000 5.840000000000 5.840000000000 5.840000000000 5.840000000000 6.136093766156 5.842904620130 2.920000000000 5.541145586644 5.823061630118 5.839999999999 5.839999984757 5.839901744534 5.840000000000 -6.840000000000 2.920000000000 10.680000000000 10.680000000000 0.994215964447 0.002892017777
5.86000000 5.860000000000 0.997156862794 0.999983740951 1.000000000000 1.000000000000 0.854227405248 5.860000000000 5.860000000000 5.860000000000 5.860000000000 5.860000000000 5.860000000000 6.157107785903 5.862847186597 2.930000000000 5.562954695903 5.843339215975 5.859999999999 5.859999986438 5.859905262976 5.860000000000 -6.860000000000 2.930000000000 10.720000000000 10.720000000000 0.994329846613 0.002835076694
5.88000000 5.880000000000 0.997213003781 0.999984378473 1.000000000000 1.000000000000 0.854651162791 5.880000000000 5.880000000000 5.880000000000 5.880000000000 5.880000000000 5.880000000000 6.178121805650 5.882790887124 2.940000000000 5.584757713641 5.863612462232 5.879999999999 5.879999987938 5.879908656698 5.880000000000 -6.880000000000 2.940000000000 10.760000000000 10.760000000000 0.994441499083 0.002779250459
5.90000000 5.900000000000 0.997268039237 0.999984990997 1.000000000000 1.000000000000 0.855072463768 5.900000000000 5.900000000000 5.900000000000 5.900000000000 5.900000000000 5.900000000000 6.199135825397 5.902735699379 2.950000000000 5.606554581805 5.883881431498 5.899999999999 5.899999989277 5.899911930064 5.900000000000 -6.900000000000 2.950000000000 10.800000000000 10.800000000000 0.994550965024 0.002724517488
5.92000000 5.920000000000 0.997321990814 0.999985579504 1.000000000000 1.000000000000 0.855491329480 5.920000000000 5.920000000000 5.920000000000 5.920000000000 5.920000000000 5.920000000000 6.220149845144 5.922681601468 2.960000000000 5.628345243983 5.904146185618 5.919999999999 5.919999990471 5.919915087288 5.920000000000 -6.920000000000 2.960000000000 10.840000000000 10.840000000000 0.994658286785 0.002670856608
5.94000000 5.940000000000 0.997374879743 0.999986144936 1.000000000000 1.000000000000 0.855907780980 5.940000000000 5.940000000000 5.940000000000 5.940000000000 5.940000000000 5.940000000000 6.241163864892 5.942628571927 2.970000000000 5.650129645387 5.924406785675 5.939999999999 5.939999991535 5.939918132439 5.940000000000 -6.940000000000 2.970000000000 10.880000000000 10.880000000000 0.994763505913 0.002618247043
5.96000000 5.960000000000 0.997426726846 0.999986688197 1.000000000000 1.000000000000 0.856321839080 5.960000000000 5.960000000000 5.960000000000 5.960000000000 5.960000000000 5.960000000000 6.262177884639 5.962576589712 2.980000000000 5.671907732829 5.944663292003 5.959999999999 5.959999992483 5.959921069445 5.960000000000 -6.960000000000 2.980000000000 10.920000000000 10.920000000000 0.994866663170 0.002566668415
5.98000000 5.980000000000 0.997477552539 0.999987210157 1.000000000000 1.000000000000 0.856733524355 5.980000000000 5.980000000000 5.980000000000 5.980000000000 5.980000000000 5.980000000000 6.283191904386 5.982525634191 2.990000000000 5.693679454697 5.964915764185 5.979999999999 5.979999993328 5.979923902100 5.980000000000 -6.980000000000 2.990000000000 10.960000000000 10.960000000000 0.994967798542 0.002516100729
6.00000000 6.000000000000 0.997527376843 0.999987711651 1.000000000000 1.000000000000 0.857142857143 6.000000000000 6.000000000000 6.000000000000 6.000000000000 6.000000000000 6.000000000000 6.304205924133 6.002475685138 3.000000000000 5.715444760935 5.985164261060 5.999999999999 5.999999994080 5.999926634065 6.000000000000 -7.000000000000 3.000000000000 11.000000000000 11.000000000000 0.995066951257 0.002466524371
6.02000000 6.020000000000 0.997576219391 0.999988193481 1.000000000000 1.000000000000 0.857549857550 6.020000000000 6.020000000000 6.020000000000 6.020000000000 6.000000000000 6.020000000000 6.325219943880 6.022426722720 3.010000000000 5.737203603017 6.005408840734 6.019999999999 6.019999994750 6.019929268878 6.020000000000 -7.020000000000 3.010000000000 11.040000000000 11.040000000000 0.995164159798 0.002417920101
6.04000000 6.040000000000 0.997624099434 0.999988656419 1.000000000000 1.000000000000 0.857954545455 6.040000000000 6.040000000000 6.040000000000 6.040000000000 6.000000000000 6.040000000000 6.346233963627 6.042378727497 3.020000000000 5.758955933931 6.025649560579 6.040000000000 6.039999995346 6.039931809951 6.040000000000 -7.040000000000 3.020000000000 11.080000000000 11.080000000000 0.995259461914 0.002370269043
6.06000000 6.060000000000 0.997671035848 0.999989101204 1.000000000000 1.000000000000 0.858356940510 6.060000000000 6.060000000000 6.060000000000 6.060000000000 6.000000000000 6.060000000000 6.367247983374 6.062331680407 3.030000000000 5.780701708154 6.045886477242 6.060000000000 6.059999995876 6.059934260579 6.060000000000 -7.060000000000 3.030000000000 11.120000000000 11.120000000000 0.995352894639 0.002323552681
6.08000000 6.080000000000 0.997717047146 0.999989528550 1.000000000000 1.000000000000 0.858757062147 6.080000000000 6.080000000000 6.080000000000 6.080000000000 6.000000000000 6.080000000000 6.388262003121 6.082285562763 3.040000000000 5.802440881631 6.066119646651 6.080000000000 6.079999996346 6.079936623946 6.080000000000 -7.080000000000 3.040000000000 11.160000000000 11.160000000000 0.995444494298 0.002277752851
6.10000000 6.100000000000 0.997762151479 0.999989939139 1.000000000000 1.000000000000 0.859154929577 6.100000000000 6.100000000000 6.100000000000 6.100000000000 6.000000000000 6.100000000000 6.409276022868 6.102240356246 3.050000000000 5.824173411752 6.086349124020 6.100000000000 6.099999996765 6.099938903121 6.100000000000 -7.100000000000 3.050000000000 11.200000000000 11.200000000000 0.995534296525 0.002232851737
6.12000000 6.120000000000 0.997806366643 0.999990333629 1.000000000000 1.000000000000 0.859550561798 6.120000000000 6.120000000000 6.120000000000 6.120000000000 6.000000000000 6.120000000000 6.430290042616 6.122196042895 3.060000000000 5.845899257335 6.106574963857 6.120000000000 6.119999997137 6.119941101069 6.120000000000 -7.120000000000 3.060000000000 11.240000000000 11.240000000000 0.995622336276 0.002188831862
6.14000000 6.140000000000 0.997849710092 0.999990712652 1.000000000000 1.000000000000 0.859943977591 6.140000000000 6.140000000000 6.140000000000 6.140000000000 6.000000000000 6.140000000000 6.451304062363 6.142152605101 3.070000000000 5.867618378603 6.126797219966 6.140000000000 6.139999997467 6.139943220653 6.140000000000 -7.140000000000 3.070000000000 11.280000000000 11.280000000000 0.995708647836 0.002145676082
6.16000000 6.160000000000 0.997892198938 0.999991076812 1.000000000000 1.000000000000 0.860335195531 6.160000000000 6.160000000000 6.160000000000 6.160000000000 6.000000000000 6.160000000000 6.472318082110 6.162110025601 3.080000000000 5.889330737160 6.147015945458 6.160000000000 6.159999997759 6.159945264635 6.160000000000 -7.160000000000 3.080000000000 11.320000000000 11.320000000000 0.995793264837 0.002103367582
6.18000000 6.180000000000 0.997933849960 0.999991426694 1.000000000000 1.000000000000 0.860724233983 6.180000000000 6.180000000000 6.180000000000 6.180000000000 6.000000000000 6.180000000000 6.493332101857 6.182068287473 3.090000000000 5.911036295976 6.167231192753 6.180000000000 6.179999998019 6.179947235682 6.180000000000 -7.180000000000 3.090000000000 11.360000000000 11.360000000000 0.995876220268 0.002061889866
6.20000000 6.200000000000 0.997974679611 0.999991762857 1.000000000000 1.000000000000 0.861111111111 6.200000000000 6.200000000000 6.200000000000 6.200000000000 6.000000000000 6.200000000000 6.514346121604 6.202027374124 3.100000000000 5.932735019365 6.187443013588 6.200000000000 6.199999998250 6.199949136367 6.200000000000 -7.200000000000 3.100000000000 11.400000000000 11.400000000000 0.995957546485 0.002021226757
6.22000000 6.220000000000 0.998014704023 0.999992085838 1.000000000000 1.000000000000 0.861495844875 6.220000000000 6.220000000000 6.220000000000 6.220000000000 6.000000000000 6.220000000000 6.535360141351 6.221987269289 3.110000000000 5.954426872962 6.207651459025 6.220000000000 6.219999998454 6.219950969176 6.220000000000 -7.220000000000 3.110000000000 11.440000000000 11.440000000000 0.996037275228 0.001981362386
6.24000000 6.240000000000 0.998053939015 0.999992396156 1.000000000000 1.000000000000 0.861878453039 6.240000000000 6.240000000000 6.240000000000 6.240000000000 6.000000000000 6.240000000000 6.556374161098 6.241947957022 3.120000000000 5.976111823706 6.227856579453 6.240000000000 6.239999998635 6.239952736505 6.240000000000 -7.240000000000 3.120000000000 11.480000000000 11.480000000000 0.996115437625 0.001942281187
6.26000000 6.260000000000 0.998092400096 0.999992694306 1.000000000000 1.000000000000 0.862258953168 6.260000000000 6.260000000000 6.260000000000 6.260000000000 6.000000000000 6.260000000000 6.577388180845 6.261909421690 3.130000000000 5.997789839818 6.248058424599 6.260000000000 6.259999998795 6.259954440670 6.260000000000 -7.260000000000 3.130000000000 11.520000000000 11.520000000000 0.996192064209 0.001903967895
6.28000000 6.280000000000 0.998130102473 0.999992980765 1.000000000000 1.000000000000 0.862637362637 6.280000000000 6.280000000000 6.280000000000 6.280000000000 6.000000000000 6.280000000000 6.598402200592 6.281871647968 3.140000000000 6.019460890785 6.268257043530 6.280000000000 6.279999998937 6.279956083903 6.280000000000 -7.280000000000 3.140000000000 11.560000000000 11.560000000000 0.996267184928 0.001866407536
6.30000000 6.300000000000 0.998167061058 0.999993255992 1.000000000000 1.000000000000 0.863013698630 6.300000000000 6.300000000000 6.300000000000 6.300000000000 6.000000000000 6.300000000000 6.619416220340 6.301834620831 3.150000000000 6.041124947337 6.288452484662 6.300000000000 6.299999999062 6.299957668361 6.300000000000 -7.300000000000 3.150000000000 11.600000000000 11.600000000000 0.996340829152 0.001829585424
6.32000000 6.320000000000 0.998203290469 0.999993520428 1.000000000000 1.000000000000 0.863387978142 6.320000000000 6.320000000000 6.320000000000 6.320000000000 6.000000000000 6.320000000000 6.640430240087 6.321798325549 3.160000000000 6.062781981428 6.308644795767 6.320000000000 6.319999999173 6.319959196124 6.320000000000 -7.320000000000 3.160000000000 11.640000000000 11.640000000000 0.996413025690 0.001793487155
6.34000000 6.340000000000 0.998238805043 0.999993774495 1.000000000000 1.000000000000 0.863760217984 6.340000000000 6.340000000000 6.340000000000 6.340000000000 6.000000000000 6.340000000000 6.661444259834 6.341762747684 3.170000000000 6.084431966220 6.328834023975 6.340000000000 6.339999999272 6.339960669201 6.340000000000 -7.340000000000 3.170000000000 11.680000000000 11.680000000000 0.996483802796 0.001758098602
6.36000000 6.360000000000 0.998273618834 0.999994018599 1.000000000000 1.000000000000 0.864130434783 6.360000000000 6.360000000000 6.360000000000 6.360000000000 6.000000000000 6.360000000000 6.682458279581 6.361727873079 3.180000000000 6.106074876060 6.349020215786 6.360000000000 6.359999999358 6.359962089528 6.360000000000 -7.360000000000 3.180000000000 11.720000000000 11.720000000000 0.996553188180 0.001723405910
6.38000000 6.380000000000 0.998307745623 0.999994253133 1.000000000000 1.000000000000 0.864498644986 6.380000000000 6.380000000000 6.380000000000 6.380000000000 6.000000000000 6.380000000000 6.703472299328 6.381693687857 3.190000000000 6.127710686465 6.369203417072 6.380000000000 6.379999999435 6.379963458975 6.380000000000 -7.380000000000 3.190000000000 11.760000000000 11.760000000000 0.996621209019 0.001689395490
6.40000000 6.400000000000 0.998341198920 0.999994478470 1.000000000000 1.000000000000 0.864864864865 6.400000000000 6.400000000000 6.400000000000 6.400000000000 6.000000000000 6.400000000000 6.724486319075 6.401660178414 3.200000000000 6.149339374101 6.389383673087 6.400000000000 6.399999999503 6.399964779348 6.400000000000 -7.400000000000 3.200000000000 11.800000000000 11.800000000000 0.996687891968 0.001656054016
6.42000000 6.420000000000 0.998373991973 0.999994694972 1.000000000000 1.000000000000 0.865229110512 6.420000000000 6.420000000000 6.420000000000 6.420000000000 6.000000000000 6.420000000000 6.745500338822 6.421627331412 3.210000000000 6.170960916765 6.409561028469 6.420000000000 6.419999999563 6.419966052387 6.420000000000 -7.420000000000 3.210000000000 11.840000000000 11.840000000000 0.996753263167 0.001623368417
6.44000000 6.440000000000 0.998406137772 0.999994902984 1.000000000000 1.000000000000 0.865591397849 6.440000000000 6.440000000000 6.440000000000 6.440000000000 6.000000000000 6.440000000000 6.766514358569 6.441595133778 3.220000000000 6.192575293370 6.429735527250 6.440000000000 6.439999999615 6.439967279772 6.440000000000 -7.440000000000 3.220000000000 11.880000000000 11.880000000000 0.996817348252 0.001591325874
6.46000000 6.460000000000 0.998437649050 0.999995102841 1.000000000000 1.000000000000 0.865951742627 6.460000000000 6.460000000000 6.460000000000 6.460000000000 6.000000000000 6.460000000000 6.787528378316 6.461563572693 3.230000000000 6.214182483921 6.449907212861 6.460000000000 6.459999999662 6.459968463126 6.460000000000 -7.460000000000 3.230000000000 11.920000000000 11.920000000000 0.996880172365 0.001559913817
6.48000000 6.480000000000 0.998468538293 0.999995294861 1.000000000000 1.000000000000 0.866310160428 6.480000000000 6.480000000000 6.480000000000 6.480000000000 6.000000000000 6.480000000000 6.808542398064 6.481532635593 3.240000000000 6.235782469504 6.470076128139 6.480000000000 6.479999999703 6.479969604012 6.480000000000 -7.480000000000 3.240000000000 11.960000000000 11.960000000000 0.996941760163 0.001529119918
6.50000000 6.500000000000 0.998498817743 0.999995479351 1.000000000000 1.000000000000 0.866666666667 6.500000000000 6.500000000000 6.500000000000 6.500000000000 6.000000000000 6.500000000000 6.829556417811 6.501502310160 3.250000000000 6.257375232263 6.490242315331 6.500000000000 6.499999999739 6.499970703940 6.500000000000 -7.500000000000 3.250000000000 12.000000000000 12.000000000000 0.997002135827 0.001498932086
6.52000000 6.520000000000 0.998528499403 0.999995656608 1.000000000000 1.000000000000 0.867021276596 6.520000000000 6.520000000000 6.520000000000 6.520000000000 6.000000000000 6.520000000000 6.850570437558 6.521472584318 3.260000000000 6.278960755386 6.510405816105 6.520000000000 6.519999999771 6.519971764366 6.520000000000 -7.520000000000 3.260000000000 12.040000000000 12.040000000000 0.997061323070 0.001469338465
6.54000000 6.540000000000 0.998557595038 0.999995826915 1.000000000000 1.000000000000 0.867374005305 6.540000000000 6.540000000000 6.540000000000 6.540000000000 6.000000000000 6.540000000000 6.871584457305 6.541443446229 3.270000000000 6.300539023085 6.530566671551 6.540000000000 6.539999999799 6.539972786697 6.540000000000 -7.540000000000 3.270000000000 12.080000000000 12.080000000000 0.997119345148 0.001440327426
6.56000000 6.560000000000 0.998586116188 0.999995990543 1.000000000000 1.000000000000 0.867724867725 6.560000000000 6.560000000000 6.560000000000 6.560000000000 6.000000000000 6.560000000000 6.892598477052 6.561414884289 3.280000000000 6.322110020582 6.550724922190 6.560000000000 6.559999999824 6.559973772288 6.560000000000 -7.560000000000 3.280000000000 12.120000000000 12.120000000000 0.997176224865 0.001411887567
6.58000000 6.580000000000 0.998614074161 0.999996147756 1.000000000000 1.000000000000 0.868073878628 6.580000000000 6.580000000000 6.580000000000 6.580000000000 6.000000000000 6.580000000000 6.913612496799 6.581386887122 3.290000000000 6.343673734091 6.570880607982 6.580000000000 6.579999999845 6.579974722446 6.580000000000 -7.580000000000 3.290000000000 12.160000000000 12.160000000000 0.997231984587 0.001384007707
6.60000000 6.600000000000 0.998641480050 0.999996298804 1.000000000000 1.000000000000 0.868421052632 6.600000000000 6.600000000000 6.600000000000 6.600000000000 6.000000000000 6.600000000000 6.934626516546 6.601359443575 3.300000000000 6.365230150801 6.591033768327 6.600000000000 6.599999999864 6.599975638436 6.600000000000 -7.600000000000 3.300000000000 12.200000000000 12.200000000000 0.997286646244 0.001356676878
6.62000000 6.620000000000 0.998668344725 0.999996443930 1.000000000000 1.000000000000 0.868766404199 6.620000000000 6.620000000000 6.620000000000 6.620000000000 6.000000000000 6.620000000000 6.955640536293 6.621332542716 3.310000000000 6.386779258857 6.611184442078 6.620000000000 6.619999999881 6.619976521473 6.620000000000 -7.620000000000 3.310000000000 12.240000000000 12.240000000000 0.997340231344 0.001329884328
6.64000000 6.640000000000 0.998694678846 0.999996583365 1.000000000000 1.000000000000 0.869109947644 6.640000000000 6.640000000000 6.640000000000 6.640000000000 6.000000000000 6.640000000000 6.976654556040 6.641306173827 3.320000000000 6.408321047349 6.631332667541 6.640000000000 6.639999999896 6.639977372734 6.640000000000 -7.640000000000 3.320000000000 12.280000000000 12.280000000000 0.997392760977 0.001303619511
6.66000000 6.660000000000 0.998720492866 0.999996717333 1.000000000000 1.000000000000 0.869451697128 6.660000000000 6.660000000000 6.660000000000 6.660000000000 6.000000000000 6.660000000000 6.997668575788 6.661280326403 3.330000000000 6.429855506293 6.651478482484 6.660000000000 6.659999999909 6.659978193351 6.660000000000 -7.660000000000 3.330000000000 12.320000000000 12.320000000000 0.997444255824 0.001277872088
6.68000000 6.680000000000 0.998745797028 0.999996846048 1.000000000000 1.000000000000 0.869791666667 6.680000000000 6.680000000000 6.680000000000 6.680000000000 6.000000000000 6.680000000000 7.018682595535 6.681254990143 3.340000000000 6.451382626615 6.671621924146 6.680000000000 6.679999999920 6.679978984418 6.680000000000 -7.680000000000 3.340000000000 12.360000000000 12.360000000000 0.997494736165 0.001252631917
6.70000000 6.700000000000 0.998770601379 0.999996969716 1.000000000000 1.000000000000 0.870129870130 6.700000000000 6.700000000000 6.700000000000 6.700000000000 6.000000000000 6.700000000000 7.039696615282 6.701230154952 3.350000000000 6.472902400134 6.691763029237 6.700000000000 6.699999999930 6.699979746990 6.700000000000 -7.700000000000 3.350000000000 12.400000000000 12.400000000000 0.997544221888 0.001227889056
6.72000000 6.720000000000 0.998794915766 0.999997088535 1.000000000000 1.000000000000 0.870466321244 6.720000000000 6.720000000000 6.720000000000 6.720000000000 6.000000000000 6.720000000000 7.060710635029 6.721205810932 3.360000000000 6.494414819548 6.711901833949 6.720000000000 6.719999999939 6.719980482084 6.720000000000 -7.720000000000 3.360000000000 12.440000000000 12.440000000000 0.997592732493 0.001203633754
6.74000000 6.740000000000 0.998818749846 0.999997202695 1.000000000000 1.000000000000 0.870801033592 6.740000000000 6.740000000000 6.740000000000 6.740000000000 6.000000000000 6.740000000000 7.081724654776 6.741181948380 3.370000000000 6.515919878422 6.732038373959 6.740000000000 6.739999999947 6.739981190682 6.740000000000 -7.740000000000 3.370000000000 12.480000000000 12.480000000000 0.997640287102 0.001179856449
6.76000000 6.760000000000 0.998842113082 0.999997312379 1.000000000000 1.000000000000 0.871134020619 6.760000000000 6.760000000000 6.760000000000 6.760000000000 6.000000000000 6.760000000000 7.102738674523 6.761158557787 3.380000000000 6.537417571165 6.752172684437 6.760000000000 6.759999999953 6.759981873732 6.760000000000 -7.760000000000 3.380000000000 12.520000000000 12.520000000000 0.997686904468 0.001156547766
6.78000000 6.780000000000 0.998865014757 0.999997417762 1.000000000000 1.000000000000 0.871465295630 6.780000000000 6.780000000000 6.780000000000 6.780000000000 6.000000000000 6.780000000000 7.123752694270 6.781135629827 3.390000000000 6.558907893020 6.772304800052 6.780000000000 6.779999999959 6.779982532146 6.780000000000 -7.780000000000 3.390000000000 12.560000000000 12.560000000000 0.997732602976 0.001133698512
6.80000000 6.800000000000 0.998887463967 0.999997519013 1.000000000000 1.000000000000 0.871794871795 6.800000000000 6.800000000000 6.800000000000 6.800000000000 6.000000000000 6.800000000000 7.144766714017 6.801113155360 3.400000000000 6.580390840051 6.792434754977 6.800000000000 6.799999999964 6.799983166805 6.800000000000 -7.800000000000 3.400000000000 12.600000000000 12.600000000000 0.997777400656 0.001111299672
6.82000000 6.820000000000 0.998909469633 0.999997616294 1.000000000000 1.000000000000 0.872122762148 6.820000000000 6.820000000000 6.820000000000 6.820000000000 6.000000000000 6.820000000000 7.165780733764 6.821091125428 3.410000000000 6.601866409121 6.812562582894 6.820000000000 6.819999999969 6.819983778561 6.820000000000 -7.820000000000 3.410000000000 12.640000000000 12.640000000000 0.997821315187 0.001089342406
6.84000000 6.840000000000 0.998931040498 0.999997709760 1.000000000000 1.000000000000 0.872448979592 6.840000000000 6.840000000000 6.840000000000 6.840000000000 6.000000000000 6.840000000000 7.186794753511 6.841069531247 3.420000000000 6.623334597887 6.832688317003 6.840000000000 6.839999999973 6.839984368232 6.840000000000 -7.840000000000 3.420000000000 12.680000000000 12.680000000000 0.997864363904 0.001067818048
6.86000000 6.860000000000 0.998952185135 0.999997799562 1.000000000000 1.000000000000 0.872773536896 6.860000000000 6.860000000000 6.860000000000 6.860000000000 6.000000000000 6.860000000000 7.207808773259 6.861048364207 3.430000000000 6.644795404777 6.852811990026 6.860000000000 6.859999999976 6.859984936609 6.860000000000 -7.860000000000 3.430000000000 12.720000000000 12.720000000000 0.997906563804 0.001046718098
6.88000000 6.880000000000 0.998972911949 0.999997885842 1.000000000000 1.000000000000 0.873096446701 6.880000000000 6.880000000000 6.880000000000 6.880000000000 6.000000000000 6.880000000000 7.228822793006 6.881027615867 3.440000000000 6.666248828981 6.872933634211 6.880000000000 6.879999999979 6.879985484456 6.880000000000 -7.880000000000 3.440000000000 12.760000000000 12.760000000000 0.997947931554 0.001026034223
6.90000000 6.900000000000 0.998993229180 0.999997968739 1.000000000000 1.000000000000 0.873417721519 6.900000000000 6.900000000000 6.900000000000 6.900000000000 6.000000000000 6.900000000000 7.249836812753 6.901007277954 3.450000000000 6.687694870436 6.893053281341 6.900000000000 6.899999999982 6.899986012507 6.900000000000 -7.900000000000 3.450000000000 12.800000000000 12.800000000000 0.997988483496 0.001005758252
6.92000000 6.920000000000 0.999013144904 0.999998048386 1.000000000000 1.000000000000 0.873737373737 6.920000000000 6.920000000000 6.920000000000 6.920000000000 6.000000000000 6.920000000000 7.270850832500 6.920987342358 3.460000000000 6.709133529809 6.913170962739 6.920000000000 6.919999999984 6.919986521473 6.920000000000 -7.920000000000 3.460000000000 12.840000000000 12.840000000000 0.998028235655 0.000985882173
6.94000000 6.940000000000 0.999032667042 0.999998124910 1.000000000000 1.000000000000 0.874055415617 6.940000000000 6.940000000000 6.940000000000 6.940000000000 6.000000000000 6.940000000000 7.291864852247 6.940967801127 3.470000000000 6.730564808488 6.933286709271 6.940000000000 6.939999999986 6.939987012037 6.940000000000 -7.940000000000 3.470000000000 12.880000000000 12.880000000000 0.998067203741 0.000966398129
6.96000000 6.960000000000 0.999051803356 0.999998198433 1.000000000000 1.000000000000 0.874371859296 6.960000000000 6.960000000000 6.960000000000 6.960000000000 6.000000000000 6.960000000000 7.312878871994 6.960948646467 3.480000000000 6.751988708567 6.953400551355 6.960000000000 6.959999999988 6.959987484861 6.960000000000 -7.960000000000 3.480000000000 12.920000000000 12.920000000000 0.998105403162 0.000947298419
6.98000000 6.980000000000 0.999070561456 0.999998269073 1.000000000000 1.000000000000 0.874686716792 6.980000000000 6.980000000000 6.980000000000 6.980000000000 6.000000000000 6.980000000000 7.333892891741 6.980929870739 3.490000000000 6.773405232830 6.973512518966 6.980000000000 6.979999999990 6.979987940581 6.980000000000 -7.980000000000 3.490000000000 12.960000000000 12.960000000000 0.998142849021 0.000928575490
7.00000000 7.000000000000 0.999088948806 0.999998336944 1.000000000000 1.000000000000 0.875000000000 7.000000000000 7.000000000000 7.000000000000 7.000000000000 6.000000000000 7.000000000000 7.354906911488 7.000911466454 3.500000000000 6.794814384741 6.993622641639 7.000000000000 6.999999999991 6.999988379810 7.000000000000 -8.000000000000 3.500000000000 13.000000000000 13.000000000000 0.998179556129 0.000910221936
7.02000000 7.020000000000 0.999106972718 0.999998402153 1.000000000000 1.000000000000 0.875311720698 7.020000000000 7.020000000000 7.020000000000 7.020000000000 6.000000000000 7.020000000000 7.375920931235 7.020893426269 3.510000000000 6.816216168429 7.013730948478 7.020000000000 7.019999999992 7.019988803141 7.020000000000 -8.020000000000 3.510000000000 13.040000000000 13.040000000000 0.998215539008 0.000892230496
7.04000000 7.040000000000 0.999124640364 0.999998464806 1.000000000000 1.000000000000 0.875621890547 7.040000000000 7.040000000000 7.040000000000 7.040000000000 6.000000000000 7.040000000000 7.396934950983 7.040875742987 3.520000000000 6.837610588677 7.033837468160 7.040000000000 7.039999999993 7.039989211145 7.040000000000 -8.040000000000 3.520000000000 13.080000000000 13.080000000000 0.998250811896 0.000874594052
7.06000000 7.060000000000 0.999141958773 0.999998525001 1.000000000000 1.000000000000 0.875930521092 7.060000000000 7.060000000000 7.060000000000 7.060000000000 6.000000000000 7.060000000000 7.417948970730 7.060858409555 3.530000000000 6.858997650908 7.053942228938 7.060000000000 7.059999999994 7.059989604373 7.060000000000 -8.060000000000 3.530000000000 13.120000000000 13.120000000000 0.998285388753 0.000857305623
7.08000000 7.080000000000 0.999158934838 0.999998582837 1.000000000000 1.000000000000 0.876237623762 7.080000000000 7.080000000000 7.080000000000 7.080000000000 6.000000000000 7.080000000000 7.438962990477 7.080841419056 3.540000000000 6.880377361171 7.074045258651 7.080000000000 7.079999999995 7.079989983356 7.080000000000 -8.080000000000 3.540000000000 13.160000000000 13.160000000000 0.998319283268 0.000840358366
7.10000000 7.100000000000 0.999175575314 0.999998638405 1.000000000000 1.000000000000 0.876543209877 7.100000000000 7.100000000000 7.100000000000 7.100000000000 6.000000000000 7.100000000000 7.459977010224 7.100824764711 3.550000000000 6.901749726133 7.094146584727 7.100000000000 7.099999999996 7.099990348606 7.100000000000 -8.100000000000 3.550000000000 13.200000000000 13.200000000000 0.998352508860 0.000823745570
7.12000000 7.120000000000 0.999191886824 0.999998691794 1.000000000000 1.000000000000 0.876847290640 7.120000000000 7.120000000000 7.120000000000 7.120000000000 6.000000000000 7.120000000000 7.480991029971 7.120808439876 3.560000000000 6.923114753061 7.114246234186 7.120000000000 7.119999999996 7.119990700618 7.120000000000 -8.120000000000 3.560000000000 13.240000000000 13.240000000000 0.998385078687 0.000807460656
7.14000000 7.140000000000 0.999207875862 0.999998743089 1.000000000000 1.000000000000 0.877149877150 7.140000000000 7.140000000000 7.140000000000 7.140000000000 6.000000000000 7.140000000000 7.502005049718 7.140792438034 3.570000000000 6.944472449816 7.134344233652 7.140000000000 7.139999999997 7.139991039868 7.140000000000 -8.140000000000 3.570000000000 13.280000000000 13.280000000000 0.998417005651 0.000791497174
7.16000000 7.160000000000 0.999223548792 0.999998792373 1.000000000000 1.000000000000 0.877450980392 7.160000000000 7.160000000000 7.160000000000 7.160000000000 6.000000000000 7.160000000000 7.523019069465 7.160776752803 3.580000000000 6.965822824835 7.154440609349 7.160000000000 7.159999999997 7.159991366814 7.160000000000 -8.160000000000 3.580000000000 13.320000000000 13.320000000000 0.998448302401 0.000775848800
7.18000000 7.180000000000 0.999238911854 0.999998839725 1.000000000000 1.000000000000 0.877750611247 7.180000000000 7.180000000000 7.180000000000 7.180000000000 6.000000000000 7.180000000000 7.544033089212 7.180761377920 3.590000000000 6.987165887125 7.174535387113 7.180000000000 7.179999999997 7.179991681901 7.180000000000 -8.180000000000 3.590000000000 13.360000000000 13.360000000000 0.998478981338 0.000760509331
7.20000000 7.200000000000 0.999253971166 0.999998885220 1.000000000000 1.000000000000 0.878048780488 7.200000000000 7.200000000000 7.200000000000 7.200000000000 6.000000000000 7.200000000000 7.565047108959 7.200746307252 3.600000000000 7.008501646247 7.194628592396 7.200000000000 7.199999999998 7.199991985555 7.200000000000 -8.200000000000 3.600000000000 13.400000000000 13.400000000000 0.998509054621 0.000745472690
7.22000000 7.220000000000 0.999268732724 0.999998928931 1.000000000000 1.000000000000 0.878345498783 7.220000000000 7.220000000000 7.220000000000 7.220000000000 6.000000000000 7.220000000000 7.586061128707 7.220731534782 3.610000000000 7.029830112305 7.214720250269 7.220000000000 7.219999999998 7.219992278188 7.220000000000 -8.220000000000 3.610000000000 13.440000000000 13.440000000000 0.998538534171 0.000730732915
7.24000000 7.240000000000 0.999283202407 0.999998970928 1.000000000000 1.000000000000 0.878640776699 7.240000000000 7.240000000000 7.240000000000 7.240000000000 6.000000000000 7.240000000000 7.607075148454 7.240717054615 3.620000000000 7.051151295940 7.234810385428 7.240000000000 7.239999999998 7.239992560197 7.240000000000 -8.240000000000 3.620000000000 13.480000000000 13.480000000000 0.998567431676 0.000716284162
7.26000000 7.260000000000 0.999297385978 0.999999011279 1.000000000000 1.000000000000 0.878934624697 7.260000000000 7.260000000000 7.260000000000 7.260000000000 6.000000000000 7.260000000000 7.628089168201 7.260702860971 3.630000000000 7.072465208311 7.254899022200 7.260000000000 7.259999999999 7.259992831966 7.260000000000 -8.260000000000 3.630000000000 13.520000000000 13.520000000000 0.998595758596 0.000702120702
7.28000000 7.280000000000 0.999311289086 0.999999050047 1.000000000000 1.000000000000 0.879227053140 7.280000000000 7.280000000000 7.280000000000 7.280000000000 6.000000000000 7.280000000000 7.649103187948 7.280688948184 3.640000000000 7.093771861089 7.274986184546 7.280000000000 7.279999999999 7.279993093864 7.280000000000 -8.280000000000 3.640000000000 13.560000000000 13.560000000000 0.998623526164 0.000688236918
7.30000000 7.300000000000 0.999324917269 0.999999087295 1.000000000000 1.000000000000 0.879518072289 7.300000000000 7.300000000000 7.300000000000 7.300000000000 6.000000000000 7.300000000000 7.670117207695 7.300675310702 3.650000000000 7.115071266444 7.295071896066 7.300000000000 7.299999999999 7.299993346247 7.300000000000 -8.300000000000 3.650000000000 13.600000000000 13.600000000000 0.998650745397 0.000674627301
7.32000000 7.320000000000 0.999338275957 0.999999123083 1.000000000000 1.000000000000 0.879807692308 7.320000000000 7.320000000000 7.320000000000 7.320000000000 6.000000000000 7.320000000000 7.691131227442 7.320661943079 3.660000000000 7.136363437037 7.315156180008 7.320000000000 7.319999999999 7.319993589459 7.320000000000 -8.320000000000 3.660000000000 13.640000000000 13.640000000000 0.998677427093 0.000661286453
7.34000000 7.340000000000 0.999351370472 0.999999157467 1.000000000000 1.000000000000 0.880095923261 7.340000000000 7.340000000000 7.340000000000 7.340000000000 6.000000000000 7.340000000000 7.712145247189 7.340648839979 3.670000000000 7.157648386005 7.335239059267 7.340000000000 7.339999999999 7.339993823829 7.340000000000 -8.340000000000 3.670000000000 13.680000000000 13.680000000000 0.998703581840 0.000648209080
7.36000000 7.360000000000 0.999364206032 0.999999190503 1.000000000000 1.000000000000 0.880382775120 7.360000000000 7.360000000000 7.360000000000 7.360000000000 6.000000000000 7.360000000000 7.733159266936 7.360635996171 3.680000000000 7.178926126956 7.355320556393 7.360000000000 7.359999999999 7.359994049678 7.360000000000 -8.360000000000 3.680000000000 13.720000000000 13.720000000000 0.998729220017 0.000635389991
7.38000000 7.380000000000 0.999376787750 0.999999222244 1.000000000000 1.000000000000 0.880668257757 7.380000000000 7.380000000000 7.380000000000 7.380000000000 6.000000000000 7.380000000000 7.754173286683 7.380623406528 3.690000000000 7.200196673953 7.375400693593 7.380000000000 7.379999999999 7.379994267314 7.380000000000 -8.380000000000 3.690000000000 13.760000000000 13.760000000000 0.998754351803 0.000622824099
7.40000000 7.400000000000 0.999389120641 0.999999252740 1.000000000000 1.000000000000 0.880952380952 7.400000000000 7.400000000000 7.400000000000 7.400000000000 6.000000000000 7.400000000000 7.775187306431 7.400611066022 3.700000000000 7.221460041509 7.395479492740 7.400000000000 7.399999999999 7.399994477033 7.400000000000 -8.400000000000 3.700000000000 13.800000000000 13.800000000000 0.998778987173 0.000610506414
7.42000000 7.420000000000 0.999401209619 0.999999282041 1.000000000000 1.000000000000 0.881235154394 7.420000000000 7.420000000000 7.420000000000 7.420000000000 6.000000000000 7.420000000000 7.796201326178 7.420598969727 3.710000000000 7.242716244573 7.415556975375 7.420000000000 7.420000000000 7.419994679121 7.420000000000 -8.420000000000 3.710000000000 13.840000000000 13.840000000000 0.998803135909 0.000598432045
7.44000000 7.440000000000 0.999413059504 0.999999310192 1.000000000000 1.000000000000 0.881516587678 7.440000000000 7.440000000000 7.440000000000 7.440000000000 6.000000000000 7.440000000000 7.817215345925 7.440587112813 3.720000000000 7.263965298523 7.435633162709 7.440000000000 7.440000000000 7.439994873854 7.440000000000 -8.440000000000 3.720000000000 13.880000000000 13.880000000000 0.998826807602 0.000586596199
7.46000000 7.460000000000 0.999424675018 0.999999337240 1.000000000000 1.000000000000 0.881796690307 7.460000000000 7.460000000000 7.460000000000 7.460000000000 6.000000000000 7.460000000000 7.838229365672 7.460575490545 3.730000000000 7.285207219154 7.455708075633 7.460000000000 7.460000000000 7.459995061499 7.460000000000 -8.460000000000 3.730000000000 13.920000000000 13.920000000000 0.998850011653 0.000574994174
7.48000000 7.480000000000 0.999436060791 0.999999363227 1.000000000000 1.000000000000 0.882075471698 7.480000000000 7.480000000000 7.480000000000 7.480000000000 6.000000000000 7.480000000000 7.859243385419 7.480564098282 3.740000000000 7.306442022671 7.475781734719 7.480000000000 7.480000000000 7.479995242311 7.480000000000 -8.480000000000 3.740000000000 13.960000000000 13.960000000000 0.998872757279 0.000563621361
7.50000000 7.500000000000 0.999447221363 0.999999388196 1.000000000000 1.000000000000 0.882352941176 7.500000000000 7.500000000000 7.500000000000 7.500000000000 6.000000000000 7.500000000000 7.880257405166 7.500552931475 3.750000000000 7.327669725675 7.495854160223 7.500000000000 7.500000000000 7.499995416538 7.500000000000 -8.500000000000 3.750000000000 14.000000000000 14.000000000000 0.998895053517 0.000552473242
7.52000000 7.520000000000 0.999458161183 0.999999412185 1.000000000000 1.000000000000 0.882629107981 7.520000000000 7.520000000000 7.520000000000 7.520000000000 6.000000000000 7.520000000000 7.901271424913 7.520541985665 3.760000000000 7.348890345160 7.515925372093 7.520000000000 7.520000000000 7.519995584418 7.520000000000 -8.520000000000 3.760000000000 14.040000000000 14.040000000000 0.998916909226 0.000541545387
7.54000000 7.540000000000 0.999468884612 0.999999435233 1.000000000000 1.000000000000 0.882903981265 7.540000000000 7.540000000000 7.540000000000 7.540000000000 6.000000000000 7.540000000000 7.922285444660 7.540531256480 3.770000000000 7.370103898498 7.535995389972 7.540000000000 7.540000000000 7.539995746181 7.540000000000 -8.540000000000 3.770000000000 14.080000000000 14.080000000000 0.998938333091 0.000530833455
7.56000000 7.560000000000 0.999479395926 0.999999457378 1.000000000000 1.000000000000 0.883177570093 7.560000000000 7.560000000000 7.560000000000 7.560000000000 6.000000000000 7.560000000000 7.943299464407 7.560520739635 3.780000000000 7.391310403435 7.556064233200 7.560000000000 7.560000000000 7.559995902049 7.560000000000 -8.560000000000 3.780000000000 14.120000000000 14.120000000000 0.998959333627 0.000520333187
7.58000000 7.580000000000 0.999489699317 0.999999478655 1.000000000000 1.000000000000 0.883449883450 7.580000000000 7.580000000000 7.580000000000 7.580000000000 6.000000000000 7.580000000000 7.964313484155 7.580510430931 3.790000000000 7.412509878077 7.576131920821 7.580000000000 7.580000000000 7.579996052234 7.580000000000 -8.580000000000 3.790000000000 14.160000000000 14.160000000000 0.998979919181 0.000510040409
7.60000000 7.600000000000 0.999499798893 0.999999499097 1.000000000000 1.000000000000 0.883720930233 7.600000000000 7.600000000000 7.600000000000 7.600000000000 6.000000000000 7.600000000000 7.985327503902 7.600500326249 3.800000000000 7.433702340885 7.596198471586 7.600000000000 7.600000000000 7.599996196944 7.600000000000 -8.600000000000 3.800000000000 14.200000000000 14.200000000000 0.999000097938 0.000499951031
7.62000000 7.620000000000 0.999509698682 0.999999518738 1.000000000000 1.000000000000 0.883990719258 7.620000000000 7.620000000000 7.620000000000 7.620000000000 6.000000000000 7.620000000000 8.006341523649 7.620490421555 3.810000000000 7.454887810665 7.616263903958 7.620000000000 7.620000000000 7.619996336375 7.620000000000 -8.620000000000 3.810000000000 14.240000000000 14.240000000000 0.999019877920 0.000490061040
7.64000000 7.640000000000 0.999519402633 0.999999537608 1.000000000000 1.000000000000 0.884259259259 7.640000000000 7.640000000000 7.640000000000 7.640000000000 6.000000000000 7.640000000000 8.027355543396 7.640480712891 3.820000000000 7.476066306558 7.636328236115 7.640000000000 7.640000000000 7.639996470721 7.640000000000 -8.640000000000 3.820000000000 14.280000000000 14.280000000000 0.999039266991 0.000480366504
7.66000000 7.660000000000 0.999528914615 0.999999555739 1.000000000000 1.000000000000 0.884526558891 7.660000000000 7.660000000000 7.660000000000 7.660000000000 6.000000000000 7.660000000000 8.048369563143 7.660471196380 3.830000000000 7.497237848034 7.656391485953 7.660000000000 7.660000000000 7.659996600164 7.660000000000 -8.660000000000 3.830000000000 14.320000000000 14.320000000000 0.999058272864 0.000470863568
7.68000000 7.680000000000 0.999538238423 0.999999573158 1.000000000000 1.000000000000 0.884792626728 7.680000000000 7.680000000000 7.680000000000 7.680000000000 6.000000000000 7.680000000000 8.069383582890 7.680461868221 3.840000000000 7.518402454883 7.676453671092 7.680000000000 7.680000000000 7.679996724884 7.680000000000 -8.680000000000 3.840000000000 14.360000000000 14.360000000000 0.999076903098 0.000461548451
7.70000000 7.700000000000 0.999547377777 0.999999589895 1.000000000000 1.000000000000 0.885057471264 7.700000000000 7.700000000000 7.700000000000 7.700000000000 6.000000000000 7.700000000000 8.090397602637 7.700452724688 3.850000000000 7.539560147206 7.696514808881 7.700000000000 7.700000000000 7.699996845051 7.700000000000 -8.700000000000 3.850000000000 14.400000000000 14.400000000000 0.999095165102 0.000452417449
7.72000000 7.720000000000 0.999556336321 0.999999605976 1.000000000000 1.000000000000 0.885321100917 7.720000000000 7.720000000000 7.720000000000 7.720000000000 6.000000000000 7.720000000000 8.111411622384 7.720443762127 3.860000000000 7.560710945408 7.716574916398 7.720000000000 7.720000000000 7.719996960830 7.720000000000 -8.720000000000 3.860000000000 14.440000000000 14.440000000000 0.999113066142 0.000443466929
7.74000000 7.740000000000 0.999565117630 0.999999621426 1.000000000000 1.000000000000 0.885583524027 7.740000000000 7.740000000000 7.740000000000 7.740000000000 6.000000000000 7.740000000000 8.132425642131 7.740434976959 3.870000000000 7.581854870189 7.736634010455 7.740000000000 7.740000000000 7.739997072382 7.740000000000 -8.740000000000 3.870000000000 14.480000000000 14.480000000000 0.999130613341 0.000434693330
7.76000000 7.760000000000 0.999573725207 0.999999636270 1.000000000000 1.000000000000 0.885844748858 7.760000000000 7.760000000000 7.760000000000 7.760000000000 6.000000000000 7.760000000000 8.153439661879 7.760426365674 3.880000000000 7.602991942537 7.756692107606 7.760000000000 7.760000000000 7.759997179858 7.760000000000 -8.760000000000 3.880000000000 14.520000000000 14.520000000000 0.999147813680 0.000426093160
7.78000000 7.780000000000 0.999582162487 0.999999650532 1.000000000000 1.000000000000 0.886104783599 7.780000000000 7.780000000000 7.780000000000 7.780000000000 6.000000000000 7.780000000000 8.174453681626 7.780417924832 3.890000000000 7.624122183718 7.776749224145 7.780000000000 7.780000000000 7.779997283408 7.780000000000 -8.780000000000 3.890000000000 14.560000000000 14.560000000000 0.999164674004 0.000417662998
7.80000000 7.800000000000 0.999590432835 0.999999664235 1.000000000000 1.000000000000 0.886363636364 7.800000000000 7.800000000000 7.800000000000 7.800000000000 6.000000000000 7.800000000000 8.195467701373 7.800409651061 3.900000000000 7.645245615274 7.796805376113 7.800000000000 7.800000000000 7.799997383174 7.800000000000 -8.800000000000 3.900000000000 14.600000000000 14.600000000000 0.999181201023 0.000409399488
7.82000000 7.820000000000 0.999598539552 0.999999677400 1.000000000000 1.000000000000 0.886621315193 7.820000000000 7.820000000000 7.820000000000 7.820000000000 6.000000000000 7.820000000000 8.216481721120 7.820401541054 3.910000000000 7.666362259009 7.816860579300 7.820000000000 7.820000000000 7.819997479294 7.820000000000 -8.820000000000 3.910000000000 14.640000000000 14.640000000000 0.999197401316 0.000401299342
7.84000000 7.840000000000 0.999606485874 0.999999690049 1.000000000000 1.000000000000 0.886877828054 7.840000000000 7.840000000000 7.840000000000 7.840000000000 6.000000000000 7.840000000000 8.237495740867 7.840393591573 3.920000000000 7.687472136985 7.836914849250 7.840000000000 7.840000000000 7.839997571900 7.840000000000 -8.840000000000 3.920000000000 14.680000000000 14.680000000000 0.999213281332 0.000393359334
7.86000000 7.860000000000 0.999614274970 0.999999702203 1.000000000000 1.000000000000 0.887133182844 7.860000000000 7.860000000000 7.860000000000 7.860000000000 6.000000000000 7.860000000000 8.258509760614 7.860385799441 3.930000000000 7.708575271516 7.856968201263 7.860000000000 7.860000000000 7.859997661119 7.860000000000 -8.860000000000 3.930000000000 14.720000000000 14.720000000000 0.999228847393 0.000385576304
7.88000000 7.880000000000 0.999621909949 0.999999713880 1.000000000000 1.000000000000 0.887387387387 7.880000000000 7.880000000000 7.880000000000 7.880000000000 6.000000000000 7.880000000000 8.279523780361 7.880378161545 3.940000000000 7.729671685156 7.877020650401 7.880000000000 7.880000000000 7.879997747075 7.880000000000 -8.880000000000 3.940000000000 14.760000000000 14.760000000000 0.999244105695 0.000377947153
7.90000000 7.900000000000 0.999629393859 0.999999725098 1.000000000000 1.000000000000 0.887640449438 7.900000000000 7.900000000000 7.900000000000 7.900000000000 6.000000000000 7.900000000000 8.300537800108 7.900370674832 3.950000000000 7.750761400697 7.897072211489 7.900000000000 7.900000000000 7.899997829887 7.900000000000 -8.900000000000 3.950000000000 14.800000000000 14.800000000000 0.999259062315 0.000370468843
7.92000000 7.920000000000 0.999636729687 0.999999735878 1.000000000000 1.000000000000 0.887892376682 7.920000000000 7.920000000000 7.920000000000 7.920000000000 6.000000000000 7.920000000000 8.321551819855 7.920363336312 3.960000000000 7.771844441162 7.917122899119 7.920000000000 7.920000000000 7.919997909670 7.920000000000 -8.920000000000 3.960000000000 14.840000000000 14.840000000000 0.999273723208 0.000363138396
7.94000000 7.940000000000 0.999643920360 0.999999746234 1.000000000000 1.000000000000 0.888143176734 7.940000000000 7.940000000000 7.940000000000 7.940000000000 6.000000000000 7.940000000000 8.342565839603 7.940356143052 3.970000000000 7.792920829791 7.937172727655 7.940000000000 7.940000000000 7.939997986532 7.940000000000 -8.940000000000 3.970000000000 14.880000000000 14.880000000000 0.999288094214 0.000355952893
7.96000000 7.960000000000 0.999650968748 0.999999756184 1.000000000000 1.000000000000 0.888392857143 7.960000000000 7.960000000000 7.960000000000 7.960000000000 6.000000000000 7.960000000000 8.363579859350 7.960349092178 3.980000000000 7.813990590046 7.957221711233 7.960000000000 7.960000000000 7.959998060581 7.960000000000 -8.960000000000 3.980000000000 14.920000000000 14.920000000000 0.999302181056 0.000348909472
7.98000000 7.980000000000 0.999657877665 0.999999765744 1.000000000000 1.000000000000 0.888641425390 7.980000000000 7.980000000000 7.980000000000 7.980000000000 6.000000000000 7.980000000000 8.384593879097 7.980342180872 3.990000000000 7.835053745593 7.977269863769 7.980000000000 7.980000000000 7.979998131919 7.980000000000 -8.980000000000 3.990000000000 14.960000000000 14.960000000000 0.999315989346 0.000342005327
8.00000000 8.000000000000 0.999664649870 0.999999774930 1.000000000000 1.000000000000 0.888888888889 8.000000000000 8.000000000000 8.000000000000 8.000000000000 6.000000000000 8.000000000000 8.405607898844 8.000335406373 4.000000000000 7.856110320303 7.997317198956 8.000000000000 8.000000000000 7.999998200645 8.000000000000 -9.000000000000 4.000000000000 15.000000000000 15.000000000000 0.999329524583 0.000335237708
