z,H(z),psi(z)
-2.000000000000000000e+00,0.000000000000000000e+00,1.111111111111111049e-01
-1.999000000000000110e+00,0.000000000000000000e+00,1.111852222386899847e-01
-1.997999999999999998e+00,0.000000000000000000e+00,1.112594075392044496e-01
-1.997000000000000108e+00,0.000000000000000000e+00,1.113336671116673393e-01
-1.995999999999999996e+00,0.000000000000000000e+00,1.114080010552565975e-01
-1.995000000000000107e+00,0.000000000000000000e+00,1.114824094693158407e-01
-1.993999999999999995e+00,0.000000000000000000e+00,1.115568924533547335e-01
-1.993000000000000105e+00,0.000000000000000000e+00,1.116314501070489462e-01
-1.991999999999999993e+00,0.000000000000000000e+00,1.117060825302410715e-01
-1.991000000000000103e+00,0.000000000000000000e+00,1.117807898229403324e-01
-1.989999999999999991e+00,0.000000000000000000e+00,1.118555720853234153e-01
-1.989000000000000101e+00,0.000000000000000000e+00,1.119304294177345532e-01
-1.987999999999999989e+00,0.000000000000000000e+00,1.120053619206858725e-01
-1.987000000000000099e+00,0.000000000000000000e+00,1.120803696948578232e-01
-1.985999999999999988e+00,0.000000000000000000e+00,1.121554528410995122e-01
-1.985000000000000098e+00,0.000000000000000000e+00,1.122306114604288557e-01
-1.983999999999999986e+00,0.000000000000000000e+00,1.123058456540333011e-01
-1.983000000000000096e+00,0.000000000000000000e+00,1.123811555232697018e-01
-1.981999999999999984e+00,0.000000000000000000e+00,1.124565411696649558e-01
-1.981000000000000094e+00,0.000000000000000000e+00,1.125320026949164082e-01
-1.979999999999999982e+00,0.000000000000000000e+00,1.126075402008918508e-01
-1.979000000000000092e+00,0.000000000000000000e+00,1.126831537896302304e-01
-1.977999999999999980e+00,0.000000000000000000e+00,1.127588435633418429e-01
-1.977000000000000091e+00,0.000000000000000000e+00,1.128346096244085411e-01
-1.975999999999999979e+00,0.000000000000000000e+00,1.129104520753844293e-01
-1.975000000000000089e+00,0.000000000000000000e+00,1.129863710189958209e-01
-1.973999999999999977e+00,0.000000000000000000e+00,1.130623665581418497e-01
-1.973000000000000087e+00,0.000000000000000000e+00,1.131384387958947607e-01
-1.971999999999999975e+00,0.000000000000000000e+00,1.132145878355001051e-01
-1.971000000000000085e+00,0.000000000000000000e+00,1.132908137803773779e-01
-1.969999999999999973e+00,0.000000000000000000e+00,1.133671167341201297e-01
-1.969000000000000083e+00,0.000000000000000000e+00,1.134434968004963129e-01
-1.967999999999999972e+00,0.000000000000000000e+00,1.135199540834489901e-01
-1.967000000000000082e+00,0.000000000000000000e+00,1.135964886870960838e-01
-1.965999999999999970e+00,0.000000000000000000e+00,1.136731007157312928e-01
-1.965000000000000080e+00,0.000000000000000000e+00,1.137497902738242028e-01
-1.963999999999999968e+00,0.000000000000000000e+00,1.138265574660204810e-01
-1.963000000000000078e+00,0.000000000000000000e+00,1.139034023971426529e-01
-1.961999999999999966e+00,0.000000000000000000e+00,1.139803251721901028e-01
-1.961000000000000076e+00,0.000000000000000000e+00,1.140573258963394343e-01
-1.959999999999999964e+00,0.000000000000000000e+00,1.141344046749452196e-01
-1.959000000000000075e+00,0.000000000000000000e+00,1.142115616135398193e-01
-1.957999999999999963e+00,0.000000000000000000e+00,1.142887968178341596e-01
-1.957000000000000073e+00,0.000000000000000000e+00,1.143661103937179263e-01
-1.955999999999999961e+00,0.000000000000000000e+00,1.144435024472598567e-01
-1.955000000000000071e+00,0.000000000000000000e+00,1.145209730847082941e-01
-1.953999999999999959e+00,0.000000000000000000e+00,1.145985224124914381e-01
-1.953000000000000069e+00,0.000000000000000000e+00,1.146761505372175943e-01
-1.951999999999999957e+00,0.000000000000000000e+00,1.147538575656759235e-01
-1.951000000000000068e+00,0.000000000000000000e+00,1.148316436048362893e-01
-1.949999999999999956e+00,0.000000000000000000e+00,1.149095087618500349e-01
-1.949000000000000066e+00,0.000000000000000000e+00,1.149874531440501918e-01
-1.947999999999999954e+00,0.000000000000000000e+00,1.150654768589518123e-01
-1.947000000000000064e+00,0.000000000000000000e+00,1.151435800142524835e-01
-1.945999999999999952e+00,0.000000000000000000e+00,1.152217627178325210e-01
-1.945000000000000062e+00,0.000000000000000000e+00,1.153000250777554414e-01
-1.943999999999999950e+00,0.000000000000000000e+00,1.153783672022684337e-01
-1.943000000000000060e+00,0.000000000000000000e+00,1.154567891998024842e-01
-1.941999999999999948e+00,0.000000000000000000e+00,1.155352911789729459e-01
-1.941000000000000059e+00,0.000000000000000000e+00,1.156138732485798848e-01
-1.939999999999999947e+00,0.000000000000000000e+00,1.156925355176084136e-01
-1.939000000000000057e+00,0.000000000000000000e+00,1.157712780952290382e-01
-1.937999999999999945e+00,0.000000000000000000e+00,1.158501010907982270e-01
-1.937000000000000055e+00,0.000000000000000000e+00,1.159290046138584385e-01
-1.935999999999999943e+00,0.000000000000000000e+00,1.160079887741389398e-01
-1.935000000000000053e+00,0.000000000000000000e+00,1.160870536815557796e-01
-1.933999999999999941e+00,0.000000000000000000e+00,1.161661994462124814e-01
-1.933000000000000052e+00,0.000000000000000000e+00,1.162454261784002518e-01
-1.931999999999999940e+00,0.000000000000000000e+00,1.163247339885983139e-01
-1.931000000000000050e+00,0.000000000000000000e+00,1.164041229874745592e-01
-1.929999999999999938e+00,0.000000000000000000e+00,1.164835932858857143e-01
-1.929000000000000048e+00,0.000000000000000000e+00,1.165631449948776044e-01
-1.927999999999999936e+00,0.000000000000000000e+00,1.166427782256860557e-01
-1.927000000000000046e+00,0.000000000000000000e+00,1.167224930897365898e-01
-1.925999999999999934e+00,0.000000000000000000e+00,1.168022896986454090e-01
-1.925000000000000044e+00,0.000000000000000000e+00,1.168821681642194521e-01
-1.923999999999999932e+00,0.000000000000000000e+00,1.169621285984568521e-01
-1.923000000000000043e+00,0.000000000000000000e+00,1.170421711135474080e-01
-1.921999999999999931e+00,0.000000000000000000e+00,1.171222958218729460e-01
-1.921000000000000041e+00,0.000000000000000000e+00,1.172025028360075549e-01
-1.919999999999999929e+00,0.000000000000000000e+00,1.172827922687183499e-01
-1.919000000000000039e+00,0.000000000000000000e+00,1.173631642329654029e-01
-1.917999999999999927e+00,0.000000000000000000e+00,1.174436188419025473e-01
-1.917000000000000037e+00,0.000000000000000000e+00,1.175241562088775865e-01
-1.915999999999999925e+00,0.000000000000000000e+00,1.176047764474325574e-01
-1.915000000000000036e+00,0.000000000000000000e+00,1.176854796713044521e-01
-1.913999999999999924e+00,0.000000000000000000e+00,1.177662659944254397e-01
-1.913000000000000034e+00,0.000000000000000000e+00,1.178471355309231305e-01
-1.911999999999999922e+00,0.000000000000000000e+00,1.179280883951213665e-01
-1.911000000000000032e+00,0.000000000000000000e+00,1.180091247015401662e-01
-1.909999999999999920e+00,0.000000000000000000e+00,1.180902445648964738e-01
-1.909000000000000030e+00,0.000000000000000000e+00,1.181714481001044648e-01
-1.907999999999999918e+00,0.000000000000000000e+00,1.182527354222758093e-01
-1.907000000000000028e+00,0.000000000000000000e+00,1.183341066467202690e-01
-1.905999999999999917e+00,0.000000000000000000e+00,1.184155618889461137e-01
-1.905000000000000027e+00,0.000000000000000000e+00,1.184971012646603011e-01
-1.903999999999999915e+00,0.000000000000000000e+00,1.185787248897692131e-01
-1.903000000000000025e+00,0.000000000000000000e+00,1.186604328803787661e-01
-1.901999999999999913e+00,0.000000000000000000e+00,1.187422253527950222e-01
-1.901000000000000023e+00,0.000000000000000000e+00,1.188241024235245358e-01
-1.899999999999999911e+00,0.000000000000000000e+00,1.189060642092746728e-01
-1.899000000000000021e+00,0.000000000000000000e+00,1.189881108269542770e-01
-1.897999999999999909e+00,0.000000000000000000e+00,1.190702423936738780e-01
-1.897000000000000020e+00,0.000000000000000000e+00,1.191524590267460104e-01
-1.895999999999999908e+00,0.000000000000000000e+00,1.192347608436861023e-01
-1.895000000000000018e+00,0.000000000000000000e+00,1.193171479622122666e-01
-1.893999999999999906e+00,0.000000000000000000e+00,1.193996205002461897e-01
-1.893000000000000016e+00,0.000000000000000000e+00,1.194821785759134225e-01
-1.891999999999999904e+00,0.000000000000000000e+00,1.195648223075436861e-01
-1.891000000000000014e+00,0.000000000000000000e+00,1.196475518136714267e-01
-1.889999999999999902e+00,0.000000000000000000e+00,1.197303672130362734e-01
-1.889000000000000012e+00,0.000000000000000000e+00,1.198132686245831913e-01
-1.887999999999999901e+00,0.000000000000000000e+00,1.198962561674634247e-01
-1.887000000000000011e+00,0.000000000000000000e+00,1.199793299610343172e-01
-1.885999999999999899e+00,0.000000000000000000e+00,1.200624901248601856e-01
-1.885000000000000009e+00,0.000000000000000000e+00,1.201457367787125974e-01
-1.883999999999999897e+00,0.000000000000000000e+00,1.202290700425707043e-01
-1.883000000000000007e+00,0.000000000000000000e+00,1.203124900366219219e-01
-1.881999999999999895e+00,0.000000000000000000e+00,1.203959968812621378e-01
-1.881000000000000005e+00,0.000000000000000000e+00,1.204795906970961006e-01
-1.879999999999999893e+00,0.000000000000000000e+00,1.205632716049382797e-01
-1.879000000000000004e+00,0.000000000000000000e+00,1.206470397258127131e-01
-1.878000000000000114e+00,0.000000000000000000e+00,1.207308951809538677e-01
-1.877000000000000002e+00,0.000000000000000000e+00,1.208148380918069725e-01
-1.875999999999999890e+00,0.000000000000000000e+00,1.208988685800282820e-01
-1.875000000000000000e+00,0.000000000000000000e+00,1.209829867674858256e-01
-1.874000000000000110e+00,0.000000000000000000e+00,1.210671927762595884e-01
-1.872999999999999998e+00,0.000000000000000000e+00,1.211514867286421077e-01
-1.871999999999999886e+00,0.000000000000000000e+00,1.212358687471388335e-01
-1.870999999999999996e+00,0.000000000000000000e+00,1.213203389544685873e-01
-1.870000000000000107e+00,0.000000000000000000e+00,1.214048974735640746e-01
-1.868999999999999995e+00,0.000000000000000000e+00,1.214895444275722741e-01
-1.867999999999999883e+00,0.000000000000000000e+00,1.215742799398547985e-01
-1.866999999999999993e+00,0.000000000000000000e+00,1.216591041339885187e-01
-1.866000000000000103e+00,0.000000000000000000e+00,1.217440171337659804e-01
-1.864999999999999991e+00,0.000000000000000000e+00,1.218290190631957509e-01
-1.863999999999999879e+00,0.000000000000000000e+00,1.219141100465029187e-01
-1.862999999999999989e+00,0.000000000000000000e+00,1.219992902081295794e-01
-1.862000000000000099e+00,0.000000000000000000e+00,1.220845596727352517e-01
-1.860999999999999988e+00,0.000000000000000000e+00,1.221699185651974051e-01
-1.859999999999999876e+00,0.000000000000000000e+00,1.222553670106117790e-01
-1.858999999999999986e+00,0.000000000000000000e+00,1.223409051342930071e-01
-1.858000000000000096e+00,0.000000000000000000e+00,1.224265330617749503e-01
-1.856999999999999984e+00,0.000000000000000000e+00,1.225122509188112524e-01
-1.855999999999999872e+00,0.000000000000000000e+00,1.225980588313757141e-01
-1.854999999999999982e+00,0.000000000000000000e+00,1.226839569256627099e-01
-1.854000000000000092e+00,0.000000000000000000e+00,1.227699453280879233e-01
-1.852999999999999980e+00,0.000000000000000000e+00,1.228560241652885549e-01
-1.852000000000000091e+00,0.000000000000000000e+00,1.229421935641236835e-01
-1.850999999999999979e+00,0.000000000000000000e+00,1.230284536516751820e-01
-1.850000000000000089e+00,0.000000000000000000e+00,1.231148045552477588e-01
-1.848999999999999977e+00,0.000000000000000000e+00,1.232012464023695963e-01
-1.848000000000000087e+00,0.000000000000000000e+00,1.232877793207928369e-01
-1.846999999999999975e+00,0.000000000000000000e+00,1.233744034384939708e-01
-1.846000000000000085e+00,0.000000000000000000e+00,1.234611188836744339e-01
-1.844999999999999973e+00,0.000000000000000000e+00,1.235479257847610091e-01
-1.844000000000000083e+00,0.000000000000000000e+00,1.236348242704061462e-01
-1.842999999999999972e+00,0.000000000000000000e+00,1.237218144694889055e-01
-1.842000000000000082e+00,0.000000000000000000e+00,1.238088965111148188e-01
-1.840999999999999970e+00,0.000000000000000000e+00,1.238960705246168331e-01
-1.840000000000000080e+00,0.000000000000000000e+00,1.239833366395556441e-01
-1.838999999999999968e+00,0.000000000000000000e+00,1.240706949857200980e-01
-1.838000000000000078e+00,0.000000000000000000e+00,1.241581456931277333e-01
-1.836999999999999966e+00,0.000000000000000000e+00,1.242456888920254188e-01
-1.836000000000000076e+00,0.000000000000000000e+00,1.243333247128894509e-01
-1.834999999999999964e+00,0.000000000000000000e+00,1.244210532864266083e-01
-1.834000000000000075e+00,0.000000000000000000e+00,1.245088747435739718e-01
-1.832999999999999963e+00,0.000000000000000000e+00,1.245967892154999784e-01
-1.832000000000000073e+00,0.000000000000000000e+00,1.246847968336046580e-01
-1.830999999999999961e+00,0.000000000000000000e+00,1.247728977295200492e-01
-1.830000000000000071e+00,0.000000000000000000e+00,1.248610920351109349e-01
-1.828999999999999959e+00,0.000000000000000000e+00,1.249493798824751201e-01
-1.828000000000000069e+00,0.000000000000000000e+00,1.250377614039439589e-01
-1.826999999999999957e+00,0.000000000000000000e+00,1.251262367320830904e-01
-1.826000000000000068e+00,0.000000000000000000e+00,1.252148059996924800e-01
-1.824999999999999956e+00,0.000000000000000000e+00,1.253034693398073218e-01
-1.824000000000000066e+00,0.000000000000000000e+00,1.253922268856984823e-01
-1.822999999999999954e+00,0.000000000000000000e+00,1.254810787708726671e-01
-1.822000000000000064e+00,0.000000000000000000e+00,1.255700251290734204e-01
-1.820999999999999952e+00,0.000000000000000000e+00,1.256590660942812632e-01
-1.820000000000000062e+00,0.000000000000000000e+00,1.257482018007142210e-01
-1.818999999999999950e+00,0.000000000000000000e+00,1.258374323828286845e-01
-1.818000000000000060e+00,0.000000000000000000e+00,1.259267579753193533e-01
-1.816999999999999948e+00,0.000000000000000000e+00,1.260161787131202360e-01
-1.816000000000000059e+00,0.000000000000000000e+00,1.261056947314049825e-01
-1.814999999999999947e+00,0.000000000000000000e+00,1.261953061655871622e-01
-1.814000000000000057e+00,0.000000000000000000e+00,1.262850131513212626e-01
-1.812999999999999945e+00,0.000000000000000000e+00,1.263748158245028008e-01
-1.812000000000000055e+00,0.000000000000000000e+00,1.264647143212689062e-01
-1.810999999999999943e+00,0.000000000000000000e+00,1.265547087779991253e-01
-1.810000000000000053e+00,0.000000000000000000e+00,1.266447993313154496e-01
-1.808999999999999941e+00,0.000000000000000000e+00,1.267349861180832871e-01
-1.808000000000000052e+00,0.000000000000000000e+00,1.268252692754117394e-01
-1.806999999999999940e+00,0.000000000000000000e+00,1.269156489406541299e-01
-1.806000000000000050e+00,0.000000000000000000e+00,1.270061252514086136e-01
-1.804999999999999938e+00,0.000000000000000000e+00,1.270966983455187604e-01
-1.804000000000000048e+00,0.000000000000000000e+00,1.271873683610737216e-01
-1.802999999999999936e+00,0.000000000000000000e+00,1.272781354364093676e-01
-1.802000000000000046e+00,0.000000000000000000e+00,1.273689997101081495e-01
-1.800999999999999934e+00,0.000000000000000000e+00,1.274599613210001259e-01
-1.800000000000000044e+00,0.000000000000000000e+00,1.275510204081632959e-01
-1.798999999999999932e+00,0.000000000000000000e+00,1.276421771109239878e-01
-1.798000000000000043e+00,0.000000000000000000e+00,1.277334315688577748e-01
-1.796999999999999931e+00,0.000000000000000000e+00,1.278247839217896697e-01
-1.796000000000000041e+00,0.000000000000000000e+00,1.279162343097946797e-01
-1.794999999999999929e+00,0.000000000000000000e+00,1.280077828731986944e-01
-1.794000000000000039e+00,0.000000000000000000e+00,1.280994297525785142e-01
-1.792999999999999927e+00,0.000000000000000000e+00,1.281911750887627655e-01
-1.792000000000000037e+00,0.000000000000000000e+00,1.282830190228323453e-01
-1.790999999999999925e+00,0.000000000000000000e+00,1.283749616961208095e-01
-1.790000000000000036e+00,0.000000000000000000e+00,1.284670032502151782e-01
-1.788999999999999924e+00,0.000000000000000000e+00,1.285591438269563236e-01
-1.788000000000000034e+00,0.000000000000000000e+00,1.286513835684394147e-01
-1.786999999999999922e+00,0.000000000000000000e+00,1.287437226170148608e-01
-1.786000000000000032e+00,0.000000000000000000e+00,1.288361611152882558e-01
-1.784999999999999920e+00,0.000000000000000000e+00,1.289286992061215165e-01
-1.784000000000000030e+00,0.000000000000000000e+00,1.290213370326331321e-01
-1.782999999999999918e+00,0.000000000000000000e+00,1.291140747381986364e-01
-1.782000000000000028e+00,0.000000000000000000e+00,1.292069124664514124e-01
-1.780999999999999917e+00,0.000000000000000000e+00,1.292998503612832195e-01
-1.780000000000000027e+00,0.000000000000000000e+00,1.293928885668443329e-01
-1.778999999999999915e+00,0.000000000000000000e+00,1.294860272275449031e-01
-1.778000000000000025e+00,0.000000000000000000e+00,1.295792664880545952e-01
-1.776999999999999913e+00,0.000000000000000000e+00,1.296726064933038935e-01
-1.776000000000000023e+00,0.000000000000000000e+00,1.297660473884842680e-01
-1.774999999999999911e+00,0.000000000000000000e+00,1.298595893190487849e-01
-1.774000000000000021e+00,0.000000000000000000e+00,1.299532324307128284e-01
-1.772999999999999909e+00,0.000000000000000000e+00,1.300469768694545725e-01
-1.772000000000000020e+00,0.000000000000000000e+00,1.301408227815153973e-01
-1.770999999999999908e+00,0.000000000000000000e+00,1.302347703134008605e-01
-1.770000000000000018e+00,0.000000000000000000e+00,1.303288196118807807e-01
-1.768999999999999906e+00,0.000000000000000000e+00,1.304229708239901531e-01
-1.768000000000000016e+00,0.000000000000000000e+00,1.305172240970296493e-01
-1.766999999999999904e+00,0.000000000000000000e+00,1.306115795785660894e-01
-1.766000000000000014e+00,0.000000000000000000e+00,1.307060374164330796e-01
-1.764999999999999902e+00,0.000000000000000000e+00,1.308005977587317903e-01
-1.764000000000000012e+00,0.000000000000000000e+00,1.308952607538310109e-01
-1.762999999999999901e+00,0.000000000000000000e+00,1.309900265503685102e-01
-1.762000000000000011e+00,0.000000000000000000e+00,1.310848952972507309e-01
-1.760999999999999899e+00,0.000000000000000000e+00,1.311798671436541497e-01
-1.760000000000000009e+00,0.000000000000000000e+00,1.312749422390254439e-01
-1.758999999999999897e+00,0.000000000000000000e+00,1.313701207330820464e-01
-1.758000000000000007e+00,0.000000000000000000e+00,1.314654027758131172e-01
-1.757000000000000117e+00,0.000000000000000000e+00,1.315607885174796265e-01
-1.756000000000000005e+00,0.000000000000000000e+00,1.316562781086153544e-01
-1.754999999999999893e+00,0.000000000000000000e+00,1.317518717000273343e-01
-1.754000000000000004e+00,0.000000000000000000e+00,1.318475694427963529e-01
-1.753000000000000114e+00,0.000000000000000000e+00,1.319433714882776720e-01
-1.752000000000000002e+00,0.000000000000000000e+00,1.320392779881016943e-01
-1.750999999999999890e+00,0.000000000000000000e+00,1.321352890941742686e-01
-1.750000000000000000e+00,0.000000000000000000e+00,1.322314049586776896e-01
-1.749000000000000110e+00,0.000000000000000000e+00,1.323276257340709472e-01
-1.747999999999999998e+00,0.000000000000000000e+00,1.324239515730905870e-01
-1.746999999999999886e+00,0.000000000000000000e+00,1.325203826287511821e-01
-1.745999999999999996e+00,0.000000000000000000e+00,1.326169190543458887e-01
-1.745000000000000107e+00,0.000000000000000000e+00,1.327135610034472224e-01
-1.743999999999999995e+00,0.000000000000000000e+00,1.328103086299076419e-01
-1.742999999999999883e+00,0.000000000000000000e+00,1.329071620878598814e-01
-1.741999999999999993e+00,0.000000000000000000e+00,1.330041215317180336e-01
-1.741000000000000103e+00,0.000000000000000000e+00,1.331011871161777715e-01
-1.739999999999999991e+00,0.000000000000000000e+00,1.331983589962171532e-01
-1.738999999999999879e+00,0.000000000000000000e+00,1.332956373270972605e-01
-1.737999999999999989e+00,0.000000000000000000e+00,1.333930222643625596e-01
-1.737000000000000099e+00,0.000000000000000000e+00,1.334905139638419558e-01
-1.735999999999999988e+00,0.000000000000000000e+00,1.335881125816490711e-01
-1.734999999999999876e+00,0.000000000000000000e+00,1.336858182741829382e-01
-1.733999999999999986e+00,0.000000000000000000e+00,1.337836311981287496e-01
-1.733000000000000096e+00,0.000000000000000000e+00,1.338815515104583576e-01
-1.731999999999999984e+00,0.000000000000000000e+00,1.339795793684309400e-01
-1.730999999999999872e+00,0.000000000000000000e+00,1.340777149295938053e-01
-1.729999999999999982e+00,0.000000000000000000e+00,1.341759583517825316e-01
-1.729000000000000092e+00,0.000000000000000000e+00,1.342743097931222152e-01
-1.727999999999999980e+00,0.000000000000000000e+00,1.343727694120277760e-01
-1.726999999999999869e+00,0.000000000000000000e+00,1.344713373672045131e-01
-1.725999999999999979e+00,0.000000000000000000e+00,1.345700138176490201e-01
-1.725000000000000089e+00,0.000000000000000000e+00,1.346687989226496018e-01
-1.723999999999999977e+00,0.000000000000000000e+00,1.347676928417870235e-01
-1.722999999999999865e+00,0.000000000000000000e+00,1.348666957349351769e-01
-1.721999999999999975e+00,0.000000000000000000e+00,1.349658077622615249e-01
-1.721000000000000085e+00,0.000000000000000000e+00,1.350650290842280166e-01
-1.719999999999999973e+00,0.000000000000000000e+00,1.351643598615917263e-01
-1.718999999999999861e+00,0.000000000000000000e+00,1.352638002554051033e-01
-1.717999999999999972e+00,0.000000000000000000e+00,1.353633504270172205e-01
-1.717000000000000082e+00,0.000000000000000000e+00,1.354630105380739691e-01
-1.715999999999999970e+00,0.000000000000000000e+00,1.355627807505189186e-01
-1.714999999999999858e+00,0.000000000000000000e+00,1.356626612265939558e-01
-1.713999999999999968e+00,0.000000000000000000e+00,1.357626521288398391e-01
-1.713000000000000078e+00,0.000000000000000000e+00,1.358627536200970320e-01
-1.711999999999999966e+00,0.000000000000000000e+00,1.359629658635062577e-01
-1.711000000000000076e+00,0.000000000000000000e+00,1.360632890225090541e-01
-1.709999999999999964e+00,0.000000000000000000e+00,1.361637232608488568e-01
-1.709000000000000075e+00,0.000000000000000000e+00,1.362642687425710264e-01
-1.707999999999999963e+00,0.000000000000000000e+00,1.363649256320241532e-01
-1.707000000000000073e+00,0.000000000000000000e+00,1.364656940938602792e-01
-1.705999999999999961e+00,0.000000000000000000e+00,1.365665742930358140e-01
-1.705000000000000071e+00,0.000000000000000000e+00,1.366675663948120900e-01
-1.703999999999999959e+00,0.000000000000000000e+00,1.367686705647561674e-01
-1.703000000000000069e+00,0.000000000000000000e+00,1.368698869687412223e-01
-1.701999999999999957e+00,0.000000000000000000e+00,1.369712157729477686e-01
-1.701000000000000068e+00,0.000000000000000000e+00,1.370726571438636576e-01
-1.699999999999999956e+00,0.000000000000000000e+00,1.371742112482852993e-01
-1.699000000000000066e+00,0.000000000000000000e+00,1.372758782533182176e-01
-1.697999999999999954e+00,0.000000000000000000e+00,1.373776583263774387e-01
-1.697000000000000064e+00,0.000000000000000000e+00,1.374795516351886571e-01
-1.695999999999999952e+00,0.000000000000000000e+00,1.375815583477885962e-01
-1.695000000000000062e+00,0.000000000000000000e+00,1.376836786325256745e-01
-1.693999999999999950e+00,0.000000000000000000e+00,1.377859126580611160e-01
-1.693000000000000060e+00,0.000000000000000000e+00,1.378882605933690331e-01
-1.691999999999999948e+00,0.000000000000000000e+00,1.379907226077376203e-01
-1.691000000000000059e+00,0.000000000000000000e+00,1.380932988707696818e-01
-1.689999999999999947e+00,0.000000000000000000e+00,1.381959895523831860e-01
-1.689000000000000057e+00,0.000000000000000000e+00,1.382987948228122654e-01
-1.687999999999999945e+00,0.000000000000000000e+00,1.384017148526077434e-01
-1.687000000000000055e+00,0.000000000000000000e+00,1.385047498126376619e-01
-1.685999999999999943e+00,0.000000000000000000e+00,1.386078998740885859e-01
-1.685000000000000053e+00,0.000000000000000000e+00,1.387111652084655478e-01
-1.683999999999999941e+00,0.000000000000000000e+00,1.388145459875932963e-01
-1.683000000000000052e+00,0.000000000000000000e+00,1.389180423836169076e-01
-1.681999999999999940e+00,0.000000000000000000e+00,1.390216545690022842e-01
-1.681000000000000050e+00,0.000000000000000000e+00,1.391253827165371826e-01
-1.679999999999999938e+00,0.000000000000000000e+00,1.392292269993317400e-01
-1.679000000000000048e+00,0.000000000000000000e+00,1.393331875908190853e-01
-1.677999999999999936e+00,0.000000000000000000e+00,1.394372646647565606e-01
-1.677000000000000046e+00,0.000000000000000000e+00,1.395414583952257759e-01
-1.675999999999999934e+00,0.000000000000000000e+00,1.396457689566338312e-01
-1.675000000000000044e+00,0.000000000000000000e+00,1.397501965237138988e-01
-1.673999999999999932e+00,0.000000000000000000e+00,1.398547412715257510e-01
-1.673000000000000043e+00,0.000000000000000000e+00,1.399594033754568978e-01
-1.671999999999999931e+00,0.000000000000000000e+00,1.400641830112230868e-01
-1.671000000000000041e+00,0.000000000000000000e+00,1.401690803548688302e-01
-1.669999999999999929e+00,0.000000000000000000e+00,1.402740955827687375e-01
-1.669000000000000039e+00,0.000000000000000000e+00,1.403792288716275427e-01
-1.667999999999999927e+00,0.000000000000000000e+00,1.404844803984814094e-01
-1.667000000000000037e+00,0.000000000000000000e+00,1.405898503406984301e-01
-1.665999999999999925e+00,0.000000000000000000e+00,1.406953388759793200e-01
-1.665000000000000036e+00,0.000000000000000000e+00,1.408009461823583608e-01
-1.663999999999999924e+00,0.000000000000000000e+00,1.409066724382040114e-01
-1.663000000000000034e+00,0.000000000000000000e+00,1.410125178222195741e-01
-1.661999999999999922e+00,0.000000000000000000e+00,1.411184825134443599e-01
-1.661000000000000032e+00,0.000000000000000000e+00,1.412245666912538555e-01
-1.659999999999999920e+00,0.000000000000000000e+00,1.413307705353609445e-01
-1.659000000000000030e+00,0.000000000000000000e+00,1.414370942258165176e-01
-1.657999999999999918e+00,0.000000000000000000e+00,1.415435379430100560e-01
-1.657000000000000028e+00,0.000000000000000000e+00,1.416501018676707413e-01
-1.655999999999999917e+00,0.000000000000000000e+00,1.417567861808680940e-01
-1.655000000000000027e+00,0.000000000000000000e+00,1.418635910640123621e-01
-1.653999999999999915e+00,0.000000000000000000e+00,1.419705166988561307e-01
-1.653000000000000025e+00,0.000000000000000000e+00,1.420775632674941280e-01
-1.651999999999999913e+00,0.000000000000000000e+00,1.421847309523646963e-01
-1.651000000000000023e+00,0.000000000000000000e+00,1.422920199362503468e-01
-1.649999999999999911e+00,0.000000000000000000e+00,1.423994304022783985e-01
-1.649000000000000021e+00,0.000000000000000000e+00,1.425069625339220047e-01
-1.648000000000000131e+00,0.000000000000000000e+00,1.426146165150007639e-01
-1.647000000000000020e+00,0.000000000000000000e+00,1.427223925296816076e-01
-1.645999999999999908e+00,0.000000000000000000e+00,1.428302907624795226e-01
-1.645000000000000018e+00,0.000000000000000000e+00,1.429383113982582998e-01
-1.644000000000000128e+00,0.000000000000000000e+00,1.430464546222314504e-01
-1.643000000000000016e+00,0.000000000000000000e+00,1.431547206199630384e-01
-1.641999999999999904e+00,0.000000000000000000e+00,1.432631095773680974e-01
-1.641000000000000014e+00,0.000000000000000000e+00,1.433716216807139898e-01
-1.640000000000000124e+00,0.000000000000000000e+00,1.434802571166207408e-01
-1.639000000000000012e+00,0.000000000000000000e+00,1.435890160720621478e-01
-1.637999999999999901e+00,0.000000000000000000e+00,1.436978987343663916e-01
-1.637000000000000011e+00,0.000000000000000000e+00,1.438069052912168966e-01
-1.636000000000000121e+00,0.000000000000000000e+00,1.439160359306531911e-01
-1.635000000000000009e+00,0.000000000000000000e+00,1.440252908410717125e-01
-1.633999999999999897e+00,0.000000000000000000e+00,1.441346702112264733e-01
-1.633000000000000007e+00,0.000000000000000000e+00,1.442441742302301433e-01
-1.632000000000000117e+00,0.000000000000000000e+00,1.443538030875546052e-01
-1.631000000000000005e+00,0.000000000000000000e+00,1.444635569730319535e-01
-1.629999999999999893e+00,0.000000000000000000e+00,1.445734360768552440e-01
-1.629000000000000004e+00,0.000000000000000000e+00,1.446834405895792153e-01
-1.628000000000000114e+00,0.000000000000000000e+00,1.447935707021213714e-01
-1.627000000000000002e+00,0.000000000000000000e+00,1.449038266057626478e-01
-1.625999999999999890e+00,0.000000000000000000e+00,1.450142084921480778e-01
-1.625000000000000000e+00,0.000000000000000000e+00,1.451247165532879857e-01
-1.624000000000000110e+00,0.000000000000000000e+00,1.452353509815585697e-01
-1.622999999999999998e+00,0.000000000000000000e+00,1.453461119697028736e-01
-1.621999999999999886e+00,0.000000000000000000e+00,1.454569997108314805e-01
-1.620999999999999996e+00,0.000000000000000000e+00,1.455680143984234565e-01
-1.620000000000000107e+00,0.000000000000000000e+00,1.456791562263271278e-01
-1.618999999999999995e+00,0.000000000000000000e+00,1.457904253887611357e-01
-1.617999999999999883e+00,0.000000000000000000e+00,1.459018220803148802e-01
-1.616999999999999993e+00,0.000000000000000000e+00,1.460133464959497973e-01
-1.616000000000000103e+00,0.000000000000000000e+00,1.461249988309999970e-01
-1.614999999999999991e+00,0.000000000000000000e+00,1.462367792811730960e-01
-1.613999999999999879e+00,0.000000000000000000e+00,1.463486880425511893e-01
-1.612999999999999989e+00,0.000000000000000000e+00,1.464607253115915442e-01
-1.612000000000000099e+00,0.000000000000000000e+00,1.465728912851276544e-01
-1.610999999999999988e+00,0.000000000000000000e+00,1.466851861603700458e-01
-1.609999999999999876e+00,0.000000000000000000e+00,1.467976101349070250e-01
-1.608999999999999986e+00,0.000000000000000000e+00,1.469101634067056517e-01
-1.608000000000000096e+00,0.000000000000000000e+00,1.470228461741126813e-01
-1.606999999999999984e+00,0.000000000000000000e+00,1.471356586358552598e-01
-1.605999999999999872e+00,0.000000000000000000e+00,1.472486009910420057e-01
-1.604999999999999982e+00,0.000000000000000000e+00,1.473616734391635930e-01
-1.604000000000000092e+00,0.000000000000000000e+00,1.474748761800939445e-01
-1.602999999999999980e+00,0.000000000000000000e+00,1.475882094140910650e-01
-1.601999999999999869e+00,0.000000000000000000e+00,1.477016733417976513e-01
-1.600999999999999979e+00,0.000000000000000000e+00,1.478152681642422583e-01
-1.600000000000000089e+00,0.000000000000000000e+00,1.479289940828402150e-01
-1.598999999999999977e+00,0.000000000000000000e+00,1.480428512993942902e-01
-1.597999999999999865e+00,0.000000000000000000e+00,1.481568400160957755e-01
-1.596999999999999975e+00,0.000000000000000000e+00,1.482709604355251787e-01
-1.596000000000000085e+00,0.000000000000000000e+00,1.483852127606534455e-01
-1.594999999999999973e+00,0.000000000000000000e+00,1.484995971948426252e-01
-1.593999999999999861e+00,0.000000000000000000e+00,1.486141139418467039e-01
-1.592999999999999972e+00,0.000000000000000000e+00,1.487287632058127973e-01
-1.592000000000000082e+00,0.000000000000000000e+00,1.488435451912818175e-01
-1.590999999999999970e+00,0.000000000000000000e+00,1.489584601031894440e-01
-1.589999999999999858e+00,0.000000000000000000e+00,1.490735081468672341e-01
-1.588999999999999968e+00,0.000000000000000000e+00,1.491886895280430669e-01
-1.588000000000000078e+00,0.000000000000000000e+00,1.493040044528426147e-01
-1.586999999999999966e+00,0.000000000000000000e+00,1.494194531277899529e-01
-1.585999999999999854e+00,0.000000000000000000e+00,1.495350357598084490e-01
-1.584999999999999964e+00,0.000000000000000000e+00,1.496507525562219276e-01
-1.584000000000000075e+00,0.000000000000000000e+00,1.497666037247553372e-01
-1.582999999999999963e+00,0.000000000000000000e+00,1.498825894735358877e-01
-1.582000000000000073e+00,0.000000000000000000e+00,1.499987100110939109e-01
-1.580999999999999961e+00,0.000000000000000000e+00,1.501149655463636934e-01
-1.580000000000000071e+00,0.000000000000000000e+00,1.502313562886845588e-01
-1.578999999999999959e+00,0.000000000000000000e+00,1.503478824478018672e-01
-1.578000000000000069e+00,0.000000000000000000e+00,1.504645442338675976e-01
-1.576999999999999957e+00,0.000000000000000000e+00,1.505813418574419305e-01
-1.576000000000000068e+00,0.000000000000000000e+00,1.506982755294934417e-01
-1.574999999999999956e+00,0.000000000000000000e+00,1.508153454614006850e-01
-1.574000000000000066e+00,0.000000000000000000e+00,1.509325518649528297e-01
-1.572999999999999954e+00,0.000000000000000000e+00,1.510498949523505496e-01
-1.572000000000000064e+00,0.000000000000000000e+00,1.511673749362073549e-01
-1.570999999999999952e+00,0.000000000000000000e+00,1.512849920295502304e-01
-1.570000000000000062e+00,0.000000000000000000e+00,1.514027464458204963e-01
-1.568999999999999950e+00,0.000000000000000000e+00,1.515206383988753625e-01
-1.568000000000000060e+00,0.000000000000000000e+00,1.516386681029881223e-01
-1.566999999999999948e+00,0.000000000000000000e+00,1.517568357728497352e-01
-1.566000000000000059e+00,0.000000000000000000e+00,1.518751416235696039e-01
-1.564999999999999947e+00,0.000000000000000000e+00,1.519935858706762677e-01
-1.564000000000000057e+00,0.000000000000000000e+00,1.521121687301189296e-01
-1.562999999999999945e+00,0.000000000000000000e+00,1.522308904182681222e-01
-1.562000000000000055e+00,0.000000000000000000e+00,1.523497511519164294e-01
-1.560999999999999943e+00,0.000000000000000000e+00,1.524687511482802904e-01
-1.560000000000000053e+00,0.000000000000000000e+00,1.525878906250000000e-01
-1.558999999999999941e+00,0.000000000000000000e+00,1.527071698001414291e-01
-1.558000000000000052e+00,0.000000000000000000e+00,1.528265888921967464e-01
-1.556999999999999940e+00,0.000000000000000000e+00,1.529461481200853623e-01
-1.556000000000000050e+00,0.000000000000000000e+00,1.530658477031551223e-01
-1.554999999999999938e+00,0.000000000000000000e+00,1.531856878611831674e-01
-1.554000000000000048e+00,0.000000000000000000e+00,1.533056688143768498e-01
-1.552999999999999936e+00,0.000000000000000000e+00,1.534257907833752044e-01
-1.552000000000000046e+00,0.000000000000000000e+00,1.535460539892493093e-01
-1.550999999999999934e+00,0.000000000000000000e+00,1.536664586535037846e-01
-1.550000000000000044e+00,0.000000000000000000e+00,1.537870049980776810e-01
-1.548999999999999932e+00,0.000000000000000000e+00,1.539076932453453395e-01
-1.548000000000000043e+00,0.000000000000000000e+00,1.540285236181176964e-01
-1.546999999999999931e+00,0.000000000000000000e+00,1.541494963396431717e-01
-1.546000000000000041e+00,0.000000000000000000e+00,1.542706116336085009e-01
-1.544999999999999929e+00,0.000000000000000000e+00,1.543918697241403459e-01
-1.544000000000000039e+00,0.000000000000000000e+00,1.545132708358055440e-01
-1.542999999999999927e+00,0.000000000000000000e+00,1.546348151936128290e-01
-1.542000000000000037e+00,0.000000000000000000e+00,1.547565030230135530e-01
-1.540999999999999925e+00,0.000000000000000000e+00,1.548783345499026576e-01
-1.540000000000000036e+00,0.000000000000000000e+00,1.550003100006200063e-01
-1.538999999999999924e+00,0.000000000000000000e+00,1.551224296019512172e-01
-1.538000000000000034e+00,0.000000000000000000e+00,1.552446935811286621e-01
-1.536999999999999922e+00,0.000000000000000000e+00,1.553671021658329376e-01
-1.536000000000000032e+00,0.000000000000000000e+00,1.554896555841932815e-01
-1.534999999999999920e+00,0.000000000000000000e+00,1.556123540647891823e-01
-1.534000000000000030e+00,0.000000000000000000e+00,1.557351978366512402e-01
-1.532999999999999918e+00,0.000000000000000000e+00,1.558581871292620824e-01
-1.532000000000000028e+00,0.000000000000000000e+00,1.559813221725577514e-01
-1.530999999999999917e+00,0.000000000000000000e+00,1.561046031969286485e-01
-1.530000000000000027e+00,0.000000000000000000e+00,1.562280304332203107e-01
-1.528999999999999915e+00,0.000000000000000000e+00,1.563516041127351319e-01
-1.528000000000000025e+00,0.000000000000000000e+00,1.564753244672328070e-01
-1.526999999999999913e+00,0.000000000000000000e+00,1.565991917289318025e-01
-1.526000000000000023e+00,0.000000000000000000e+00,1.567232061305103286e-01
-1.524999999999999911e+00,0.000000000000000000e+00,1.568473679051073655e-01
-1.524000000000000021e+00,0.000000000000000000e+00,1.569716772863238852e-01
-1.522999999999999909e+00,0.000000000000000000e+00,1.570961345082239335e-01
-1.522000000000000020e+00,0.000000000000000000e+00,1.572207398053355465e-01
-1.520999999999999908e+00,0.000000000000000000e+00,1.573454934126522486e-01
-1.520000000000000018e+00,0.000000000000000000e+00,1.574703955656336363e-01
-1.519000000000000128e+00,0.000000000000000000e+00,1.575954465002069871e-01
-1.518000000000000016e+00,0.000000000000000000e+00,1.577206464527680652e-01
-1.516999999999999904e+00,0.000000000000000000e+00,1.578459956601822034e-01
-1.516000000000000014e+00,0.000000000000000000e+00,1.579714943597857468e-01
-1.515000000000000124e+00,0.000000000000000000e+00,1.580971427893869130e-01
-1.514000000000000012e+00,0.000000000000000000e+00,1.582229411872669578e-01
-1.512999999999999901e+00,0.000000000000000000e+00,1.583488897921813687e-01
-1.512000000000000011e+00,0.000000000000000000e+00,1.584749888433607812e-01
-1.511000000000000121e+00,0.000000000000000000e+00,1.586012385805125602e-01
-1.510000000000000009e+00,0.000000000000000000e+00,1.587276392438215500e-01
-1.508999999999999897e+00,0.000000000000000000e+00,1.588541910739512397e-01
-1.508000000000000007e+00,0.000000000000000000e+00,1.589808943120451512e-01
-1.507000000000000117e+00,0.000000000000000000e+00,1.591077491997277826e-01
-1.506000000000000005e+00,0.000000000000000000e+00,1.592347559791058298e-01
-1.504999999999999893e+00,0.000000000000000000e+00,1.593619148927693796e-01
-1.504000000000000004e+00,0.000000000000000000e+00,1.594892261837928260e-01
-1.503000000000000114e+00,0.000000000000000000e+00,1.596166900957364798e-01
-1.502000000000000002e+00,0.000000000000000000e+00,1.597443068726474014e-01
-1.500999999999999890e+00,0.000000000000000000e+00,1.598720767590604830e-01
-1.500000000000000000e+00,0.000000000000000000e+00,1.600000000000000033e-01
-1.499000000000000110e+00,0.000000000000000000e+00,1.601280768409804878e-01
-1.497999999999999998e+00,0.000000000000000000e+00,1.602563075280079852e-01
-1.496999999999999886e+00,0.000000000000000000e+00,1.603846923075812891e-01
-1.495999999999999996e+00,0.000000000000000000e+00,1.605132314266929650e-01
-1.495000000000000107e+00,0.000000000000000000e+00,1.606419251328307929e-01
-1.493999999999999995e+00,0.000000000000000000e+00,1.607707736739787674e-01
-1.492999999999999883e+00,0.000000000000000000e+00,1.608997772986182628e-01
-1.491999999999999993e+00,0.000000000000000000e+00,1.610289362557294213e-01
-1.491000000000000103e+00,0.000000000000000000e+00,1.611582507947921794e-01
-1.489999999999999991e+00,0.000000000000000000e+00,1.612877211657876286e-01
-1.488999999999999879e+00,0.000000000000000000e+00,1.614173476191990697e-01
-1.487999999999999989e+00,0.000000000000000000e+00,1.615471304060131785e-01
-1.487000000000000099e+00,0.000000000000000000e+00,1.616770697777215049e-01
-1.485999999999999988e+00,0.000000000000000000e+00,1.618071659863214995e-01
-1.484999999999999876e+00,0.000000000000000000e+00,1.619374192843175964e-01
-1.483999999999999986e+00,0.000000000000000000e+00,1.620678299247227394e-01
-1.483000000000000096e+00,0.000000000000000000e+00,1.621983981610594372e-01
-1.481999999999999984e+00,0.000000000000000000e+00,1.623291242473609841e-01
-1.480999999999999872e+00,0.000000000000000000e+00,1.624600084381728482e-01
-1.479999999999999982e+00,0.000000000000000000e+00,1.625910509885535871e-01
-1.479000000000000092e+00,0.000000000000000000e+00,1.627222521540764855e-01
-1.477999999999999980e+00,0.000000000000000000e+00,1.628536121908305823e-01
-1.476999999999999869e+00,0.000000000000000000e+00,1.629851313554218639e-01
-1.475999999999999979e+00,0.000000000000000000e+00,1.631168099049746800e-01
-1.475000000000000089e+00,0.000000000000000000e+00,1.632486480971329368e-01
-1.473999999999999977e+00,0.000000000000000000e+00,1.633806461900613183e-01
-1.472999999999999865e+00,0.000000000000000000e+00,1.635128044424467020e-01
-1.471999999999999975e+00,0.000000000000000000e+00,1.636451231134990192e-01
-1.471000000000000085e+00,0.000000000000000000e+00,1.637776024629530869e-01
-1.469999999999999973e+00,0.000000000000000000e+00,1.639102427510695514e-01
-1.468999999999999861e+00,0.000000000000000000e+00,1.640430442386360543e-01
-1.467999999999999972e+00,0.000000000000000000e+00,1.641760071869688975e-01
-1.467000000000000082e+00,0.000000000000000000e+00,1.643091318579139870e-01
-1.465999999999999970e+00,0.000000000000000000e+00,1.644424185138483319e-01
-1.464999999999999858e+00,0.000000000000000000e+00,1.645758674176812375e-01
-1.463999999999999968e+00,0.000000000000000000e+00,1.647094788328554438e-01
-1.463000000000000078e+00,0.000000000000000000e+00,1.648432530233488735e-01
-1.461999999999999966e+00,0.000000000000000000e+00,1.649771902536755486e-01
-1.460999999999999854e+00,0.000000000000000000e+00,1.651112907888869219e-01
-1.459999999999999964e+00,0.000000000000000000e+00,1.652455548945733488e-01
-1.459000000000000075e+00,0.000000000000000000e+00,1.653799828368653635e-01
-1.457999999999999963e+00,0.000000000000000000e+00,1.655145748824349838e-01
-1.456999999999999851e+00,0.000000000000000000e+00,1.656493312984969601e-01
-1.455999999999999961e+00,0.000000000000000000e+00,1.657842523528101075e-01
-1.455000000000000071e+00,0.000000000000000000e+00,1.659193383136788047e-01
-1.453999999999999959e+00,0.000000000000000000e+00,1.660545894499541597e-01
-1.452999999999999847e+00,0.000000000000000000e+00,1.661900060310353422e-01
-1.451999999999999957e+00,0.000000000000000000e+00,1.663255883268710544e-01
-1.451000000000000068e+00,0.000000000000000000e+00,1.664613366079607248e-01
-1.449999999999999956e+00,0.000000000000000000e+00,1.665972511453560623e-01
-1.448999999999999844e+00,0.000000000000000000e+00,1.667333322106622495e-01
-1.447999999999999954e+00,0.000000000000000000e+00,1.668695800760391368e-01
-1.447000000000000064e+00,0.000000000000000000e+00,1.670059950142030181e-01
-1.445999999999999952e+00,0.000000000000000000e+00,1.671425772984277691e-01
-1.444999999999999840e+00,0.000000000000000000e+00,1.672793272025460132e-01
-1.443999999999999950e+00,0.000000000000000000e+00,1.674162450009509528e-01
-1.443000000000000060e+00,0.000000000000000000e+00,1.675533309685973138e-01
-1.441999999999999948e+00,0.000000000000000000e+00,1.676905853810030378e-01
-1.440999999999999837e+00,0.000000000000000000e+00,1.678280085142505595e-01
-1.439999999999999947e+00,0.000000000000000000e+00,1.679656006449879169e-01
-1.439000000000000057e+00,0.000000000000000000e+00,1.681033620504306658e-01
-1.437999999999999945e+00,0.000000000000000000e+00,1.682412930083629909e-01
-1.436999999999999833e+00,0.000000000000000000e+00,1.683793937971388710e-01
-1.435999999999999943e+00,0.000000000000000000e+00,1.685176646956840774e-01
-1.435000000000000053e+00,0.000000000000000000e+00,1.686561059834969789e-01
-1.433999999999999941e+00,0.000000000000000000e+00,1.687947179406504017e-01
-1.432999999999999829e+00,0.000000000000000000e+00,1.689335008477927946e-01
-1.431999999999999940e+00,0.000000000000000000e+00,1.690724549861495896e-01
-1.431000000000000050e+00,0.000000000000000000e+00,1.692115806375249221e-01
-1.429999999999999938e+00,0.000000000000000000e+00,1.693508780843029082e-01
-1.428999999999999826e+00,0.000000000000000000e+00,1.694903476094488382e-01
-1.427999999999999936e+00,0.000000000000000000e+00,1.696299894965110633e-01
-1.427000000000000046e+00,0.000000000000000000e+00,1.697698040296221067e-01
-1.425999999999999934e+00,0.000000000000000000e+00,1.699097914935002451e-01
-1.424999999999999822e+00,0.000000000000000000e+00,1.700499521734509800e-01
-1.423999999999999932e+00,0.000000000000000000e+00,1.701902863553682033e-01
-1.423000000000000043e+00,0.000000000000000000e+00,1.703307943257361678e-01
-1.422000000000000153e+00,0.000000000000000000e+00,1.704714763716305148e-01
-1.421000000000000041e+00,0.000000000000000000e+00,1.706123327807199386e-01
-1.419999999999999929e+00,0.000000000000000000e+00,1.707533638412676857e-01
-1.419000000000000039e+00,0.000000000000000000e+00,1.708945698421327208e-01
-1.418000000000000149e+00,0.000000000000000000e+00,1.710359510727716692e-01
-1.417000000000000037e+00,0.000000000000000000e+00,1.711775078232400660e-01
-1.415999999999999925e+00,0.000000000000000000e+00,1.713192403841936884e-01
-1.415000000000000036e+00,0.000000000000000000e+00,1.714611490468903321e-01
-1.414000000000000146e+00,0.000000000000000000e+00,1.716032341031911712e-01
-1.413000000000000034e+00,0.000000000000000000e+00,1.717454958455622849e-01
-1.411999999999999922e+00,0.000000000000000000e+00,1.718879345670761838e-01
-1.411000000000000032e+00,0.000000000000000000e+00,1.720305505614130870e-01
-1.410000000000000142e+00,0.000000000000000000e+00,1.721733441228628925e-01
-1.409000000000000030e+00,0.000000000000000000e+00,1.723163155463263152e-01
-1.407999999999999918e+00,0.000000000000000000e+00,1.724594651273164969e-01
-1.407000000000000028e+00,0.000000000000000000e+00,1.726027931619606159e-01
-1.406000000000000139e+00,0.000000000000000000e+00,1.727462999470014138e-01
-1.405000000000000027e+00,0.000000000000000000e+00,1.728899857797986106e-01
-1.403999999999999915e+00,0.000000000000000000e+00,1.730338509583306816e-01
-1.403000000000000025e+00,0.000000000000000000e+00,1.731778957811959396e-01
-1.402000000000000135e+00,0.000000000000000000e+00,1.733221205476146720e-01
-1.401000000000000023e+00,0.000000000000000000e+00,1.734665255574303622e-01
-1.399999999999999911e+00,0.000000000000000000e+00,1.736111111111111049e-01
-1.399000000000000021e+00,0.000000000000000000e+00,1.737558775097516051e-01
-1.398000000000000131e+00,0.000000000000000000e+00,1.739008250550743706e-01
-1.397000000000000020e+00,0.000000000000000000e+00,1.740459540494314616e-01
-1.395999999999999908e+00,0.000000000000000000e+00,1.741912647958060445e-01
-1.395000000000000018e+00,0.000000000000000000e+00,1.743367575978138351e-01
-1.394000000000000128e+00,0.000000000000000000e+00,1.744824327597048474e-01
-1.393000000000000016e+00,0.000000000000000000e+00,1.746282905863651702e-01
-1.391999999999999904e+00,0.000000000000000000e+00,1.747743313833178824e-01
-1.391000000000000014e+00,0.000000000000000000e+00,1.749205554567254406e-01
-1.390000000000000124e+00,0.000000000000000000e+00,1.750669631133908721e-01
-1.389000000000000012e+00,0.000000000000000000e+00,1.752135546607593575e-01
-1.387999999999999901e+00,0.000000000000000000e+00,1.753603304069201452e-01
-1.387000000000000011e+00,0.000000000000000000e+00,1.755072906606076899e-01
-1.386000000000000121e+00,0.000000000000000000e+00,1.756544357312037064e-01
-1.385000000000000009e+00,0.000000000000000000e+00,1.758017659287387791e-01
-1.383999999999999897e+00,0.000000000000000000e+00,1.759492815638935281e-01
-1.383000000000000007e+00,0.000000000000000000e+00,1.760969829480008297e-01
-1.382000000000000117e+00,0.000000000000000000e+00,1.762448703930472038e-01
-1.381000000000000005e+00,0.000000000000000000e+00,1.763929442116743407e-01
-1.379999999999999893e+00,0.000000000000000000e+00,1.765412047171809884e-01
-1.379000000000000004e+00,0.000000000000000000e+00,1.766896522235244238e-01
-1.378000000000000114e+00,0.000000000000000000e+00,1.768382870453222011e-01
-1.377000000000000002e+00,0.000000000000000000e+00,1.769871094978539838e-01
-1.375999999999999890e+00,0.000000000000000000e+00,1.771361198970626549e-01
-1.375000000000000000e+00,0.000000000000000000e+00,1.772853185595567871e-01
-1.374000000000000110e+00,0.000000000000000000e+00,1.774347058026116697e-01
-1.372999999999999998e+00,0.000000000000000000e+00,1.775842819441713627e-01
-1.371999999999999886e+00,0.000000000000000000e+00,1.777340473028502787e-01
-1.370999999999999996e+00,0.000000000000000000e+00,1.778840021979347097e-01
-1.370000000000000107e+00,0.000000000000000000e+00,1.780341469493848805e-01
-1.368999999999999995e+00,0.000000000000000000e+00,1.781844818778364203e-01
-1.367999999999999883e+00,0.000000000000000000e+00,1.783350073046019169e-01
-1.366999999999999993e+00,0.000000000000000000e+00,1.784857235516731366e-01
-1.366000000000000103e+00,0.000000000000000000e+00,1.786366309417222742e-01
-1.364999999999999991e+00,0.000000000000000000e+00,1.787877297981039226e-01
-1.363999999999999879e+00,0.000000000000000000e+00,1.789390204448567390e-01
-1.362999999999999989e+00,0.000000000000000000e+00,1.790905032067049985e-01
-1.362000000000000099e+00,0.000000000000000000e+00,1.792421784090607595e-01
-1.360999999999999988e+00,0.000000000000000000e+00,1.793940463780252792e-01
-1.359999999999999876e+00,0.000000000000000000e+00,1.795461074403907065e-01
-1.358999999999999986e+00,0.000000000000000000e+00,1.796983619236422192e-01
-1.358000000000000096e+00,0.000000000000000000e+00,1.798508101559594119e-01
-1.356999999999999984e+00,0.000000000000000000e+00,1.800034524662182667e-01
-1.355999999999999872e+00,0.000000000000000000e+00,1.801562891839929015e-01
-1.354999999999999982e+00,0.000000000000000000e+00,1.803093206395571524e-01
-1.354000000000000092e+00,0.000000000000000000e+00,1.804625471638867107e-01
-1.352999999999999980e+00,0.000000000000000000e+00,1.806159690886606217e-01
-1.351999999999999869e+00,0.000000000000000000e+00,1.807695867462631722e-01
-1.350999999999999979e+00,0.000000000000000000e+00,1.809234004697856946e-01
-1.350000000000000089e+00,0.000000000000000000e+00,1.810774105930284816e-01
-1.348999999999999977e+00,0.000000000000000000e+00,1.812316174505024247e-01
-1.347999999999999865e+00,0.000000000000000000e+00,1.813860213774309560e-01
-1.346999999999999975e+00,0.000000000000000000e+00,1.815406227097516034e-01
-1.346000000000000085e+00,0.000000000000000000e+00,1.816954217841182107e-01
-1.344999999999999973e+00,0.000000000000000000e+00,1.818504189379026581e-01
-1.343999999999999861e+00,0.000000000000000000e+00,1.820056145091963895e-01
-1.342999999999999972e+00,0.000000000000000000e+00,1.821610088368126878e-01
-1.342000000000000082e+00,0.000000000000000000e+00,1.823166022602882852e-01
-1.340999999999999970e+00,0.000000000000000000e+00,1.824723951198852501e-01
-1.339999999999999858e+00,0.000000000000000000e+00,1.826283877565929026e-01
-1.338999999999999968e+00,0.000000000000000000e+00,1.827845805121295075e-01
-1.338000000000000078e+00,0.000000000000000000e+00,1.829409737289443838e-01
-1.336999999999999966e+00,0.000000000000000000e+00,1.830975677502197918e-01
-1.335999999999999854e+00,0.000000000000000000e+00,1.832543629198724044e-01
-1.334999999999999964e+00,0.000000000000000000e+00,1.834113595825557774e-01
-1.334000000000000075e+00,0.000000000000000000e+00,1.835685580836617092e-01
-1.332999999999999963e+00,0.000000000000000000e+00,1.837259587693226559e-01
-1.331999999999999851e+00,0.000000000000000000e+00,1.838835619864132298e-01
-1.330999999999999961e+00,0.000000000000000000e+00,1.840413680825521148e-01
-1.330000000000000071e+00,0.000000000000000000e+00,1.841993774061043421e-01
-1.328999999999999959e+00,0.000000000000000000e+00,1.843575903061829835e-01
-1.327999999999999847e+00,0.000000000000000000e+00,1.845160071326507889e-01
-1.326999999999999957e+00,0.000000000000000000e+00,1.846746282361227676e-01
-1.326000000000000068e+00,0.000000000000000000e+00,1.848334539679676036e-01
-1.324999999999999956e+00,0.000000000000000000e+00,1.849924846803098488e-01
-1.323999999999999844e+00,0.000000000000000000e+00,1.851517207260317821e-01
-1.322999999999999954e+00,0.000000000000000000e+00,1.853111624587752138e-01
-1.322000000000000064e+00,0.000000000000000000e+00,1.854708102329439001e-01
-1.320999999999999952e+00,0.000000000000000000e+00,1.856306644037051534e-01
-1.319999999999999840e+00,0.000000000000000000e+00,1.857907253269917014e-01
-1.318999999999999950e+00,0.000000000000000000e+00,1.859509933595041020e-01
-1.318000000000000060e+00,0.000000000000000000e+00,1.861114688587123256e-01
-1.316999999999999948e+00,0.000000000000000000e+00,1.862721521828581139e-01
-1.315999999999999837e+00,0.000000000000000000e+00,1.864330436909566735e-01
-1.314999999999999947e+00,0.000000000000000000e+00,1.865941437427986460e-01
-1.314000000000000057e+00,0.000000000000000000e+00,1.867554526989524677e-01
-1.312999999999999945e+00,0.000000000000000000e+00,1.869169709207661179e-01
-1.311999999999999833e+00,0.000000000000000000e+00,1.870786987703691728e-01
-1.310999999999999943e+00,0.000000000000000000e+00,1.872406366106748599e-01
-1.310000000000000053e+00,0.000000000000000000e+00,1.874027848053821943e-01
-1.308999999999999941e+00,0.000000000000000000e+00,1.875651437189778670e-01
-1.307999999999999829e+00,0.000000000000000000e+00,1.877277137167384091e-01
-1.306999999999999940e+00,0.000000000000000000e+00,1.878904951647320798e-01
-1.306000000000000050e+00,0.000000000000000000e+00,1.880534884298210585e-01
-1.304999999999999938e+00,0.000000000000000000e+00,1.882166938796636935e-01
-1.303999999999999826e+00,0.000000000000000000e+00,1.883801118827160836e-01
-1.302999999999999936e+00,0.000000000000000000e+00,1.885437428082346323e-01
-1.302000000000000046e+00,0.000000000000000000e+00,1.887075870262778787e-01
-1.300999999999999934e+00,0.000000000000000000e+00,1.888716449077087745e-01
-1.299999999999999822e+00,0.000000000000000000e+00,1.890359168241966259e-01
-1.298999999999999932e+00,0.000000000000000000e+00,1.892004031482190651e-01
-1.298000000000000043e+00,0.000000000000000000e+00,1.893651042530644923e-01
-1.296999999999999931e+00,0.000000000000000000e+00,1.895300205128341575e-01
-1.296000000000000041e+00,0.000000000000000000e+00,1.896951523024438258e-01
-1.294999999999999929e+00,0.000000000000000000e+00,1.898604999976267749e-01
-1.294000000000000039e+00,0.000000000000000000e+00,1.900260639749347946e-01
-1.293000000000000149e+00,0.000000000000000000e+00,1.901918446117413786e-01
-1.292000000000000037e+00,0.000000000000000000e+00,1.903578422862434172e-01
-1.290999999999999925e+00,0.000000000000000000e+00,1.905240573774630297e-01
-1.290000000000000036e+00,0.000000000000000000e+00,1.906904902652504508e-01
-1.289000000000000146e+00,0.000000000000000000e+00,1.908571413302856956e-01
-1.288000000000000034e+00,0.000000000000000000e+00,1.910240109540808362e-01
-1.286999999999999922e+00,0.000000000000000000e+00,1.911910995189823326e-01
-1.286000000000000032e+00,0.000000000000000000e+00,1.913584074081728370e-01
-1.285000000000000142e+00,0.000000000000000000e+00,1.915259350056739418e-01
-1.284000000000000030e+00,0.000000000000000000e+00,1.916936826963480112e-01
-1.282999999999999918e+00,0.000000000000000000e+00,1.918616508659004294e-01
-1.282000000000000028e+00,0.000000000000000000e+00,1.920298399008818768e-01
-1.281000000000000139e+00,0.000000000000000000e+00,1.921982501886906058e-01
-1.280000000000000027e+00,0.000000000000000000e+00,1.923668821175746058e-01
-1.278999999999999915e+00,0.000000000000000000e+00,1.925357360766338510e-01
-1.278000000000000025e+00,0.000000000000000000e+00,1.927048124558224385e-01
-1.277000000000000135e+00,0.000000000000000000e+00,1.928741116459510019e-01
-1.276000000000000023e+00,0.000000000000000000e+00,1.930436340386890437e-01
-1.274999999999999911e+00,0.000000000000000000e+00,1.932133800265668777e-01
-1.274000000000000021e+00,0.000000000000000000e+00,1.933833500029780994e-01
-1.273000000000000131e+00,0.000000000000000000e+00,1.935535443621820284e-01
-1.272000000000000020e+00,0.000000000000000000e+00,1.937239634993056514e-01
-1.270999999999999908e+00,0.000000000000000000e+00,1.938946078103462867e-01
-1.270000000000000018e+00,0.000000000000000000e+00,1.940654776921733327e-01
-1.269000000000000128e+00,0.000000000000000000e+00,1.942365735425312934e-01
-1.268000000000000016e+00,0.000000000000000000e+00,1.944078957600415825e-01
-1.266999999999999904e+00,0.000000000000000000e+00,1.945794447442049102e-01
-1.266000000000000014e+00,0.000000000000000000e+00,1.947512208954037816e-01
-1.265000000000000124e+00,0.000000000000000000e+00,1.949232246149047998e-01
-1.264000000000000012e+00,0.000000000000000000e+00,1.950954563048608037e-01
-1.262999999999999901e+00,0.000000000000000000e+00,1.952679163683135877e-01
-1.262000000000000011e+00,0.000000000000000000e+00,1.954406052091957058e-01
-1.261000000000000121e+00,0.000000000000000000e+00,1.956135232323334971e-01
-1.260000000000000009e+00,0.000000000000000000e+00,1.957866708434490288e-01
-1.258999999999999897e+00,0.000000000000000000e+00,1.959600484491623995e-01
-1.258000000000000007e+00,0.000000000000000000e+00,1.961336564569945706e-01
-1.257000000000000117e+00,0.000000000000000000e+00,1.963074952753693092e-01
-1.256000000000000005e+00,0.000000000000000000e+00,1.964815653136159912e-01
-1.254999999999999893e+00,0.000000000000000000e+00,1.966558669819715721e-01
-1.254000000000000004e+00,0.000000000000000000e+00,1.968304006915832793e-01
-1.253000000000000114e+00,0.000000000000000000e+00,1.970051668545110546e-01
-1.252000000000000002e+00,0.000000000000000000e+00,1.971801658837299964e-01
-1.250999999999999890e+00,0.000000000000000000e+00,1.973553981931324142e-01
-1.250000000000000000e+00,0.000000000000000000e+00,1.975308641975308532e-01
-1.249000000000000110e+00,0.000000000000000000e+00,1.977065643126602323e-01
-1.247999999999999998e+00,0.000000000000000000e+00,1.978824989551803692e-01
-1.246999999999999886e+00,0.000000000000000000e+00,1.980586685426783677e-01
-1.245999999999999996e+00,0.000000000000000000e+00,1.982350734936711434e-01
-1.245000000000000107e+00,0.000000000000000000e+00,1.984117142276079770e-01
-1.243999999999999995e+00,0.000000000000000000e+00,1.985885911648730684e-01
-1.242999999999999883e+00,0.000000000000000000e+00,1.987657047267876176e-01
-1.241999999999999993e+00,0.000000000000000000e+00,1.989430553356129616e-01
-1.241000000000000103e+00,0.000000000000000000e+00,1.991206434145526283e-01
-1.239999999999999991e+00,0.000000000000000000e+00,1.992984693877550839e-01
-1.238999999999999879e+00,0.000000000000000000e+00,1.994765336803161482e-01
-1.237999999999999989e+00,0.000000000000000000e+00,1.996548367182814088e-01
-1.237000000000000099e+00,0.000000000000000000e+00,1.998333789286493023e-01
-1.235999999999999988e+00,0.000000000000000000e+00,2.000121607393729739e-01
-1.234999999999999876e+00,0.000000000000000000e+00,2.001911825793633026e-01
-1.233999999999999986e+00,0.000000000000000000e+00,2.003704448784913439e-01
-1.233000000000000096e+00,0.000000000000000000e+00,2.005499480675909385e-01
-1.231999999999999984e+00,0.000000000000000000e+00,2.007296925784611552e-01
-1.230999999999999872e+00,0.000000000000000000e+00,2.009096788438692882e-01
-1.229999999999999982e+00,0.000000000000000000e+00,2.010899072975527446e-01
-1.229000000000000092e+00,0.000000000000000000e+00,2.012703783742224029e-01
-1.227999999999999980e+00,0.000000000000000000e+00,2.014510925095649441e-01
-1.226999999999999869e+00,0.000000000000000000e+00,2.016320501402451837e-01
-1.225999999999999979e+00,0.000000000000000000e+00,2.018132517039092910e-01
-1.225000000000000089e+00,0.000000000000000000e+00,2.019946976391869542e-01
-1.223999999999999977e+00,0.000000000000000000e+00,2.021763883856942667e-01
-1.222999999999999865e+00,0.000000000000000000e+00,2.023583243840364476e-01
-1.221999999999999975e+00,0.000000000000000000e+00,2.025405060758100895e-01
-1.221000000000000085e+00,0.000000000000000000e+00,2.027229339036064337e-01
-1.219999999999999973e+00,0.000000000000000000e+00,2.029056083110137576e-01
-1.218999999999999861e+00,0.000000000000000000e+00,2.030885297426198444e-01
-1.217999999999999972e+00,0.000000000000000000e+00,2.032716986440151474e-01
-1.217000000000000082e+00,0.000000000000000000e+00,2.034551154617952884e-01
-1.215999999999999970e+00,0.000000000000000000e+00,2.036387806435636660e-01
-1.214999999999999858e+00,0.000000000000000000e+00,2.038226946379344817e-01
-1.213999999999999968e+00,0.000000000000000000e+00,2.040068578945349875e-01
-1.213000000000000078e+00,0.000000000000000000e+00,2.041912708640088170e-01
-1.211999999999999966e+00,0.000000000000000000e+00,2.043759339980183998e-01
-1.210999999999999854e+00,0.000000000000000000e+00,2.045608477492477095e-01
-1.209999999999999964e+00,0.000000000000000000e+00,2.047460125714051782e-01
-1.209000000000000075e+00,0.000000000000000000e+00,2.049314289192264438e-01
-1.207999999999999963e+00,0.000000000000000000e+00,2.051170972484771815e-01
-1.206999999999999851e+00,0.000000000000000000e+00,2.053030180159557405e-01
-1.205999999999999961e+00,0.000000000000000000e+00,2.054891916794960305e-01
-1.205000000000000071e+00,0.000000000000000000e+00,2.056756186979704915e-01
-1.203999999999999959e+00,0.000000000000000000e+00,2.058622995312927584e-01
-1.202999999999999847e+00,0.000000000000000000e+00,2.060492346404204089e-01
-1.201999999999999957e+00,0.000000000000000000e+00,2.062364244873581554e-01
-1.201000000000000068e+00,0.000000000000000000e+00,2.064238695351602593e-01
-1.199999999999999956e+00,0.000000000000000000e+00,2.066115702479338623e-01
-1.198999999999999844e+00,0.000000000000000000e+00,2.067995270908414562e-01
-1.197999999999999954e+00,0.000000000000000000e+00,2.069877405301039086e-01
-1.197000000000000064e+00,0.000000000000000000e+00,2.071762110330033768e-01
-1.195999999999999952e+00,0.000000000000000000e+00,2.073649390678863613e-01
-1.194999999999999840e+00,0.000000000000000000e+00,2.075539251041661482e-01
-1.193999999999999950e+00,0.000000000000000000e+00,2.077431696123263338e-01
-1.193000000000000060e+00,0.000000000000000000e+00,2.079326730639232679e-01
-1.191999999999999948e+00,0.000000000000000000e+00,2.081224359315892725e-01
-1.190999999999999837e+00,0.000000000000000000e+00,2.083124586890355567e-01
-1.189999999999999947e+00,0.000000000000000000e+00,2.085027418110548258e-01
-1.189000000000000057e+00,0.000000000000000000e+00,2.086932857735248059e-01
-1.187999999999999945e+00,0.000000000000000000e+00,2.088840910534108530e-01
-1.186999999999999833e+00,0.000000000000000000e+00,2.090751581287689786e-01
-1.185999999999999943e+00,0.000000000000000000e+00,2.092664874787490137e-01
-1.185000000000000053e+00,0.000000000000000000e+00,2.094580795835973286e-01
-1.183999999999999941e+00,0.000000000000000000e+00,2.096499349246601640e-01
-1.182999999999999829e+00,0.000000000000000000e+00,2.098420539843865174e-01
-1.181999999999999940e+00,0.000000000000000000e+00,2.100344372463309184e-01
-1.181000000000000050e+00,0.000000000000000000e+00,2.102270851951569541e-01
-1.179999999999999938e+00,0.000000000000000000e+00,2.104199983166400723e-01
-1.178999999999999826e+00,0.000000000000000000e+00,2.106131770976704398e-01
-1.177999999999999936e+00,0.000000000000000000e+00,2.108066220262563850e-01
-1.177000000000000046e+00,0.000000000000000000e+00,2.110003335915273948e-01
-1.175999999999999934e+00,0.000000000000000000e+00,2.111943122837370013e-01
-1.174999999999999822e+00,0.000000000000000000e+00,2.113885585942661405e-01
-1.173999999999999932e+00,0.000000000000000000e+00,2.115830730156258443e-01
-1.173000000000000043e+00,0.000000000000000000e+00,2.117778560414610156e-01
-1.171999999999999931e+00,0.000000000000000000e+00,2.119729081665531201e-01
-1.170999999999999819e+00,0.000000000000000000e+00,2.121682298868231287e-01
-1.169999999999999929e+00,0.000000000000000000e+00,2.123638216993353200e-01
-1.169000000000000039e+00,0.000000000000000000e+00,2.125596841022998618e-01
-1.167999999999999927e+00,0.000000000000000000e+00,2.127558175950763075e-01
-1.167000000000000037e+00,0.000000000000000000e+00,2.129522226781766225e-01
-1.165999999999999925e+00,0.000000000000000000e+00,2.131488998532683199e-01
-1.165000000000000036e+00,0.000000000000000000e+00,2.133458496231779022e-01
-1.164000000000000146e+00,0.000000000000000000e+00,2.135430724918938872e-01
-1.163000000000000034e+00,0.000000000000000000e+00,2.137405689645700824e-01
-1.161999999999999922e+00,0.000000000000000000e+00,2.139383395475289718e-01
-1.161000000000000032e+00,0.000000000000000000e+00,2.141363847482644633e-01
-1.160000000000000142e+00,0.000000000000000000e+00,2.143347050754458027e-01
-1.159000000000000030e+00,0.000000000000000000e+00,2.145333010389204598e-01
-1.157999999999999918e+00,0.000000000000000000e+00,2.147321731497173203e-01
-1.157000000000000028e+00,0.000000000000000000e+00,2.149313219200502667e-01
-1.156000000000000139e+00,0.000000000000000000e+00,2.151307478633213977e-01
-1.155000000000000027e+00,0.000000000000000000e+00,2.153304514941241365e-01
-1.153999999999999915e+00,0.000000000000000000e+00,2.155304333282468121e-01
-1.153000000000000025e+00,0.000000000000000000e+00,2.157306938826757114e-01
-1.152000000000000135e+00,0.000000000000000000e+00,2.159312336755987161e-01
-1.151000000000000023e+00,0.000000000000000000e+00,2.161320532264084937e-01
-1.149999999999999911e+00,0.000000000000000000e+00,2.163331530557058013e-01
-1.149000000000000021e+00,0.000000000000000000e+00,2.165345336853030100e-01
-1.148000000000000131e+00,0.000000000000000000e+00,2.167361956382273802e-01
-1.147000000000000020e+00,0.000000000000000000e+00,2.169381394387245865e-01
-1.145999999999999908e+00,0.000000000000000000e+00,2.171403656122620485e-01
-1.145000000000000018e+00,0.000000000000000000e+00,2.173428746855320393e-01
-1.144000000000000128e+00,0.000000000000000000e+00,2.175456671864557379e-01
-1.143000000000000016e+00,0.000000000000000000e+00,2.177487436441863933e-01
-1.141999999999999904e+00,0.000000000000000000e+00,2.179521045891123499e-01
-1.141000000000000014e+00,0.000000000000000000e+00,2.181557505528612106e-01
-1.140000000000000124e+00,0.000000000000000000e+00,2.183596820683028905e-01
-1.139000000000000012e+00,0.000000000000000000e+00,2.185638996695531966e-01
-1.137999999999999901e+00,0.000000000000000000e+00,2.187684038919774365e-01
-1.137000000000000011e+00,0.000000000000000000e+00,2.189731952721935548e-01
-1.136000000000000121e+00,0.000000000000000000e+00,2.191782743480761297e-01
-1.135000000000000009e+00,0.000000000000000000e+00,2.193836416587597593e-01
-1.133999999999999897e+00,0.000000000000000000e+00,2.195892977446422811e-01
-1.133000000000000007e+00,0.000000000000000000e+00,2.197952431473887691e-01
-1.132000000000000117e+00,0.000000000000000000e+00,2.200014784099348919e-01
-1.131000000000000005e+00,0.000000000000000000e+00,2.202080040764905489e-01
-1.129999999999999893e+00,0.000000000000000000e+00,2.204148206925433950e-01
-1.129000000000000004e+00,0.000000000000000000e+00,2.206219288048623384e-01
-1.128000000000000114e+00,0.000000000000000000e+00,2.208293289615014532e-01
-1.127000000000000002e+00,0.000000000000000000e+00,2.210370217118035607e-01
-1.125999999999999890e+00,0.000000000000000000e+00,2.212450076064033933e-01
-1.125000000000000000e+00,0.000000000000000000e+00,2.214532871972318406e-01
-1.124000000000000110e+00,0.000000000000000000e+00,2.216618610375193643e-01
-1.122999999999999998e+00,0.000000000000000000e+00,2.218707296817996055e-01
-1.121999999999999886e+00,0.000000000000000000e+00,2.220798936859132988e-01
-1.120999999999999996e+00,0.000000000000000000e+00,2.222893536070115472e-01
-1.120000000000000107e+00,0.000000000000000000e+00,2.224991100035599578e-01
-1.118999999999999995e+00,0.000000000000000000e+00,2.227091634353423610e-01
-1.117999999999999883e+00,0.000000000000000000e+00,2.229195144634639469e-01
-1.116999999999999993e+00,0.000000000000000000e+00,2.231301636503559005e-01
-1.116000000000000103e+00,0.000000000000000000e+00,2.233411115597785934e-01
-1.114999999999999991e+00,0.000000000000000000e+00,2.235523587568252757e-01
-1.113999999999999879e+00,0.000000000000000000e+00,2.237639058079264331e-01
-1.112999999999999989e+00,0.000000000000000000e+00,2.239757532808528406e-01
-1.112000000000000099e+00,0.000000000000000000e+00,2.241879017447198919e-01
-1.110999999999999988e+00,0.000000000000000000e+00,2.244003517699914851e-01
-1.109999999999999876e+00,0.000000000000000000e+00,2.246131039284832154e-01
-1.108999999999999986e+00,0.000000000000000000e+00,2.248261587933670091e-01
-1.108000000000000096e+00,0.000000000000000000e+00,2.250395169391745109e-01
-1.106999999999999984e+00,0.000000000000000000e+00,2.252531789418010799e-01
-1.105999999999999872e+00,0.000000000000000000e+00,2.254671453785097590e-01
-1.104999999999999982e+00,0.000000000000000000e+00,2.256814168279348554e-01
-1.104000000000000092e+00,0.000000000000000000e+00,2.258959938700862702e-01
-1.102999999999999980e+00,0.000000000000000000e+00,2.261108770863533846e-01
-1.101999999999999869e+00,0.000000000000000000e+00,2.263260670595083901e-01
-1.100999999999999979e+00,0.000000000000000000e+00,2.265415643737111184e-01
-1.100000000000000089e+00,0.000000000000000000e+00,2.267573696145124551e-01
-1.098999999999999977e+00,0.000000000000000000e+00,2.269734833688583919e-01
-1.097999999999999865e+00,0.000000000000000000e+00,2.271899062250943013e-01
-1.096999999999999975e+00,0.000000000000000000e+00,2.274066387729683780e-01
-1.096000000000000085e+00,0.000000000000000000e+00,2.276236816036361077e-01
-1.094999999999999973e+00,0.000000000000000000e+00,2.278410353096644858e-01
-1.093999999999999861e+00,0.000000000000000000e+00,2.280587004850352928e-01
-1.092999999999999972e+00,0.000000000000000000e+00,2.282766777251498680e-01
-1.092000000000000082e+00,0.000000000000000000e+00,2.284949676268329677e-01
-1.090999999999999970e+00,0.000000000000000000e+00,2.287135707883367342e-01
-1.089999999999999858e+00,0.000000000000000000e+00,2.289324878093450533e-01
-1.088999999999999968e+00,0.000000000000000000e+00,2.291517192909771072e-01
-1.088000000000000078e+00,0.000000000000000000e+00,2.293712658357921763e-01
-1.086999999999999966e+00,0.000000000000000000e+00,2.295911280477935801e-01
-1.085999999999999854e+00,0.000000000000000000e+00,2.298113065324323967e-01
-1.084999999999999964e+00,0.000000000000000000e+00,2.300318018966122091e-01
-1.084000000000000075e+00,0.000000000000000000e+00,2.302526147486930463e-01
-1.082999999999999963e+00,0.000000000000000000e+00,2.304737456984955746e-01
-1.081999999999999851e+00,0.000000000000000000e+00,2.306951953573053438e-01
-1.080999999999999961e+00,0.000000000000000000e+00,2.309169643378768122e-01
-1.080000000000000071e+00,0.000000000000000000e+00,2.311390532544378429e-01
-1.078999999999999959e+00,0.000000000000000000e+00,2.313614627226941445e-01
-1.077999999999999847e+00,0.000000000000000000e+00,2.315841933598327962e-01
-1.076999999999999957e+00,0.000000000000000000e+00,2.318072457845272993e-01
-1.076000000000000068e+00,0.000000000000000000e+00,2.320306206169415741e-01
-1.074999999999999956e+00,0.000000000000000000e+00,2.322543184787341508e-01
-1.073999999999999844e+00,0.000000000000000000e+00,2.324783399930628880e-01
-1.072999999999999954e+00,0.000000000000000000e+00,2.327026857845885532e-01
-1.072000000000000064e+00,0.000000000000000000e+00,2.329273564794800133e-01
-1.070999999999999952e+00,0.000000000000000000e+00,2.331523527054183420e-01
-1.069999999999999840e+00,0.000000000000000000e+00,2.333776750916007614e-01
-1.068999999999999950e+00,0.000000000000000000e+00,2.336033242687456657e-01
-1.068000000000000060e+00,0.000000000000000000e+00,2.338293008690967567e-01
-1.066999999999999948e+00,0.000000000000000000e+00,2.340556055264272628e-01
-1.065999999999999837e+00,0.000000000000000000e+00,2.342822388760450736e-01
-1.064999999999999947e+00,0.000000000000000000e+00,2.345092015547960151e-01
-1.064000000000000057e+00,0.000000000000000000e+00,2.347364942010696509e-01
-1.062999999999999945e+00,0.000000000000000000e+00,2.349641174548029732e-01
-1.061999999999999833e+00,0.000000000000000000e+00,2.351920719574848440e-01
-1.060999999999999943e+00,0.000000000000000000e+00,2.354203583521611021e-01
-1.060000000000000053e+00,0.000000000000000000e+00,2.356489772834385876e-01
-1.058999999999999941e+00,0.000000000000000000e+00,2.358779293974898883e-01
-1.057999999999999829e+00,0.000000000000000000e+00,2.361072153420579744e-01
-1.056999999999999940e+00,0.000000000000000000e+00,2.363368357664604458e-01
-1.056000000000000050e+00,0.000000000000000000e+00,2.365667913215945828e-01
-1.054999999999999938e+00,0.000000000000000000e+00,2.367970826599416767e-01
-1.053999999999999826e+00,0.000000000000000000e+00,2.370277104355716369e-01
-1.052999999999999936e+00,0.000000000000000000e+00,2.372586753041478480e-01
-1.052000000000000046e+00,0.000000000000000000e+00,2.374899779229316665e-01
-1.050999999999999934e+00,0.000000000000000000e+00,2.377216189507870558e-01
-1.049999999999999822e+00,0.000000000000000000e+00,2.379535990481856100e-01
-1.048999999999999932e+00,0.000000000000000000e+00,2.381859188772106617e-01
-1.048000000000000043e+00,0.000000000000000000e+00,2.384185791015625000e-01
-1.046999999999999931e+00,0.000000000000000000e+00,2.386515803865631447e-01
-1.045999999999999819e+00,0.000000000000000000e+00,2.388849233991605092e-01
-1.044999999999999929e+00,0.000000000000000000e+00,2.391186088079339800e-01
-1.044000000000000039e+00,0.000000000000000000e+00,2.393526372830986348e-01
-1.042999999999999927e+00,0.000000000000000000e+00,2.395870094965102670e-01
-1.041999999999999815e+00,0.000000000000000000e+00,2.398217261216702700e-01
-1.040999999999999925e+00,0.000000000000000000e+00,2.400567878337299954e-01
-1.040000000000000036e+00,0.000000000000000000e+00,2.402921953094963592e-01
-1.039000000000000146e+00,0.000000000000000000e+00,2.405279492274361997e-01
-1.038000000000000034e+00,0.000000000000000000e+00,2.407640502676814120e-01
-1.036999999999999922e+00,0.000000000000000000e+00,2.410004991120336670e-01
-1.036000000000000032e+00,0.000000000000000000e+00,2.412372964439692680e-01
-1.035000000000000142e+00,0.000000000000000000e+00,2.414744429486443966e-01
-1.034000000000000030e+00,0.000000000000000000e+00,2.417119393129000260e-01
-1.032999999999999918e+00,0.000000000000000000e+00,2.419497862252663889e-01
-1.032000000000000028e+00,0.000000000000000000e+00,2.421879843759687512e-01
-1.031000000000000139e+00,0.000000000000000000e+00,2.424265344569317970e-01
-1.030000000000000027e+00,0.000000000000000000e+00,2.426654371617850137e-01
-1.028999999999999915e+00,0.000000000000000000e+00,2.429046931858675207e-01
-1.028000000000000025e+00,0.000000000000000000e+00,2.431443032262330939e-01
-1.027000000000000135e+00,0.000000000000000000e+00,2.433842679816556331e-01
-1.026000000000000023e+00,0.000000000000000000e+00,2.436245881526337420e-01
-1.024999999999999911e+00,0.000000000000000000e+00,2.438652644413961401e-01
-1.024000000000000021e+00,0.000000000000000000e+00,2.441062975519067701e-01
-1.023000000000000131e+00,0.000000000000000000e+00,2.443476881898698494e-01
-1.022000000000000020e+00,0.000000000000000000e+00,2.445894370627351710e-01
-1.020999999999999908e+00,0.000000000000000000e+00,2.448315448797032390e-01
-1.020000000000000018e+00,0.000000000000000000e+00,2.450740123517302083e-01
-1.019000000000000128e+00,0.000000000000000000e+00,2.453168401915335473e-01
-1.018000000000000016e+00,0.000000000000000000e+00,2.455600291135970892e-01
-1.016999999999999904e+00,0.000000000000000000e+00,2.458035798341759726e-01
-1.016000000000000014e+00,0.000000000000000000e+00,2.460474930713025810e-01
-1.015000000000000124e+00,0.000000000000000000e+00,2.462917695447911781e-01
-1.014000000000000012e+00,0.000000000000000000e+00,2.465364099762437089e-01
-1.012999999999999901e+00,0.000000000000000000e+00,2.467814150890548230e-01
-1.012000000000000011e+00,0.000000000000000000e+00,2.470267856084171210e-01
-1.011000000000000121e+00,0.000000000000000000e+00,2.472725222613269547e-01
-1.010000000000000009e+00,0.000000000000000000e+00,2.475186257765897568e-01
-1.008999999999999897e+00,0.000000000000000000e+00,2.477650968848247037e-01
-1.008000000000000007e+00,0.000000000000000000e+00,2.480119363184711268e-01
-1.007000000000000117e+00,0.000000000000000000e+00,2.482591448117934807e-01
-1.006000000000000005e+00,0.000000000000000000e+00,2.485067231008867283e-01
-1.004999999999999893e+00,0.000000000000000000e+00,2.487546719236820858e-01
-1.004000000000000004e+00,0.000000000000000000e+00,2.490029920199521296e-01
-1.003000000000000114e+00,0.000000000000000000e+00,2.492516841313167086e-01
-1.002000000000000002e+00,0.000000000000000000e+00,2.495007490012485785e-01
-1.000999999999999890e+00,0.000000000000000000e+00,2.497501873750780921e-01
-1.000000000000000000e+00,0.000000000000000000e+00,2.500000000000000000e-01
-9.989999999999998881e-01,0.000000000000000000e+00,2.502501876250781687e-01
-9.979999999999999982e-01,0.000000000000000000e+00,2.505007510012515204e-01
-9.969999999999998863e-01,0.000000000000000000e+00,2.507516908813395839e-01
-9.959999999999999964e-01,0.000000000000000000e+00,2.510030080200481017e-01
-9.949999999999998845e-01,0.000000000000000000e+00,2.512547031739750802e-01
-9.939999999999999947e-01,0.000000000000000000e+00,2.515067771016157860e-01
-9.929999999999998828e-01,0.000000000000000000e+00,2.517592305633691852e-01
-9.919999999999999929e-01,0.000000000000000000e+00,2.520120643215432166e-01
-9.909999999999998810e-01,0.000000000000000000e+00,2.522652791403606765e-01
-9.899999999999999911e-01,0.000000000000000000e+00,2.525188757859649913e-01
-9.889999999999998792e-01,0.000000000000000000e+00,2.527728550264261576e-01
-9.879999999999999893e-01,0.000000000000000000e+00,2.530272176317461819e-01
-9.869999999999998774e-01,0.000000000000000000e+00,2.532819643738654647e-01
-9.859999999999999876e-01,0.000000000000000000e+00,2.535370960266680740e-01
-9.849999999999998757e-01,0.000000000000000000e+00,2.537926133659880179e-01
-9.839999999999999858e-01,0.000000000000000000e+00,2.540485171696150180e-01
-9.829999999999998739e-01,0.000000000000000000e+00,2.543048082173004487e-01
-9.819999999999999840e-01,0.000000000000000000e+00,2.545614872907631665e-01
-9.809999999999998721e-01,0.000000000000000000e+00,2.548185551736958376e-01
-9.799999999999999822e-01,0.000000000000000000e+00,2.550760126517702120e-01
-9.789999999999998703e-01,0.000000000000000000e+00,2.553338605126440619e-01
-9.779999999999999805e-01,0.000000000000000000e+00,2.555920995459661782e-01
-9.769999999999998685e-01,0.000000000000000000e+00,2.558507305433834755e-01
-9.759999999999999787e-01,0.000000000000000000e+00,2.561097542985460995e-01
-9.750000000000000888e-01,0.000000000000000000e+00,2.563691716071142546e-01
-9.739999999999999769e-01,0.000000000000000000e+00,2.566289832667638104e-01
-9.730000000000000870e-01,0.000000000000000000e+00,2.568891900771925751e-01
-9.719999999999999751e-01,0.000000000000000000e+00,2.571497928401269006e-01
-9.710000000000000853e-01,0.000000000000000000e+00,2.574107923593269009e-01
-9.699999999999999734e-01,0.000000000000000000e+00,2.576721894405936686e-01
-9.690000000000000835e-01,0.000000000000000000e+00,2.579339848917747147e-01
-9.679999999999999716e-01,0.000000000000000000e+00,2.581961795227708523e-01
-9.670000000000000817e-01,0.000000000000000000e+00,2.584587741455417476e-01
-9.659999999999999698e-01,0.000000000000000000e+00,2.587217695741129142e-01
-9.650000000000000799e-01,0.000000000000000000e+00,2.589851666245815420e-01
-9.639999999999999680e-01,0.000000000000000000e+00,2.592489661151231584e-01
-9.630000000000000782e-01,0.000000000000000000e+00,2.595131688659975122e-01
-9.619999999999999662e-01,0.000000000000000000e+00,2.597777756995555687e-01
-9.610000000000000764e-01,0.000000000000000000e+00,2.600427874402453932e-01
-9.599999999999999645e-01,0.000000000000000000e+00,2.603082049146189236e-01
-9.590000000000000746e-01,0.000000000000000000e+00,2.605740289513380215e-01
-9.579999999999999627e-01,0.000000000000000000e+00,2.608402603811815212e-01
-9.570000000000000728e-01,0.000000000000000000e+00,2.611069000370510595e-01
-9.559999999999999609e-01,0.000000000000000000e+00,2.613739487539781248e-01
-9.550000000000000711e-01,0.000000000000000000e+00,2.616414073691302189e-01
-9.539999999999999591e-01,0.000000000000000000e+00,2.619092767218177964e-01
-9.530000000000000693e-01,0.000000000000000000e+00,2.621775576535003704e-01
-9.519999999999999574e-01,0.000000000000000000e+00,2.624462510077936184e-01
-9.510000000000000675e-01,0.000000000000000000e+00,2.627153576304755989e-01
-9.499999999999999556e-01,0.000000000000000000e+00,2.629848783694937464e-01
-9.490000000000000657e-01,0.000000000000000000e+00,2.632548140749712551e-01
-9.479999999999999538e-01,0.000000000000000000e+00,2.635251655992140729e-01
-9.470000000000000639e-01,0.000000000000000000e+00,2.637959337967172302e-01
-9.459999999999999520e-01,0.000000000000000000e+00,2.640671195241722224e-01
-9.450000000000000622e-01,0.000000000000000000e+00,2.643387236404728946e-01
-9.439999999999999503e-01,0.000000000000000000e+00,2.646107470067232681e-01
-9.430000000000000604e-01,0.000000000000000000e+00,2.648831904862434250e-01
-9.419999999999999485e-01,0.000000000000000000e+00,2.651560549445771131e-01
-9.410000000000000586e-01,0.000000000000000000e+00,2.654293412494980187e-01
-9.399999999999999467e-01,0.000000000000000000e+00,2.657030502710171493e-01
-9.390000000000000568e-01,0.000000000000000000e+00,2.659771828813893291e-01
-9.379999999999999449e-01,0.000000000000000000e+00,2.662517399551206365e-01
-9.370000000000000551e-01,0.000000000000000000e+00,2.665267223689747889e-01
-9.359999999999999432e-01,0.000000000000000000e+00,2.668021310019807468e-01
-9.350000000000000533e-01,0.000000000000000000e+00,2.670779667354392095e-01
-9.339999999999999414e-01,0.000000000000000000e+00,2.673542304529301639e-01
-9.330000000000000515e-01,0.000000000000000000e+00,2.676309230403193795e-01
-9.319999999999999396e-01,0.000000000000000000e+00,2.679080453857661803e-01
-9.310000000000000497e-01,0.000000000000000000e+00,2.681855983797298837e-01
-9.299999999999999378e-01,0.000000000000000000e+00,2.684635829149775721e-01
-9.290000000000000480e-01,0.000000000000000000e+00,2.687419998865908655e-01
-9.279999999999999361e-01,0.000000000000000000e+00,2.690208501919733042e-01
-9.270000000000000462e-01,0.000000000000000000e+00,2.693001347308573989e-01
-9.259999999999999343e-01,0.000000000000000000e+00,2.695798544053122914e-01
-9.250000000000000444e-01,0.000000000000000000e+00,2.698600101197503598e-01
-9.239999999999999325e-01,0.000000000000000000e+00,2.701406027809354349e-01
-9.230000000000000426e-01,0.000000000000000000e+00,2.704216332979891835e-01
-9.219999999999999307e-01,0.000000000000000000e+00,2.707031025823993242e-01
-9.210000000000000409e-01,0.000000000000000000e+00,2.709850115480262334e-01
-9.199999999999999289e-01,0.000000000000000000e+00,2.712673611111111049e-01
-9.190000000000000391e-01,0.000000000000000000e+00,2.715501521902827786e-01
-9.179999999999999272e-01,0.000000000000000000e+00,2.718333857065656778e-01
-9.170000000000000373e-01,0.000000000000000000e+00,2.721170625833868595e-01
-9.159999999999999254e-01,0.000000000000000000e+00,2.724011837465841190e-01
-9.150000000000000355e-01,0.000000000000000000e+00,2.726857501244128734e-01
-9.139999999999999236e-01,0.000000000000000000e+00,2.729707626475543769e-01
-9.130000000000000338e-01,0.000000000000000000e+00,2.732562222491227710e-01
-9.119999999999999218e-01,0.000000000000000000e+00,2.735421298646732446e-01
-9.110000000000000320e-01,0.000000000000000000e+00,2.738284864322092504e-01
-9.099999999999999201e-01,0.000000000000000000e+00,2.741152928921904430e-01
-9.090000000000000302e-01,0.000000000000000000e+00,2.744025501875403950e-01
-9.079999999999999183e-01,0.000000000000000000e+00,2.746902592636543128e-01
-9.070000000000000284e-01,0.000000000000000000e+00,2.749784210684066421e-01
-9.059999999999999165e-01,0.000000000000000000e+00,2.752670365521592832e-01
-9.050000000000000266e-01,0.000000000000000000e+00,2.755561066677689186e-01
-9.039999999999999147e-01,0.000000000000000000e+00,2.758456323705953395e-01
-9.030000000000000249e-01,0.000000000000000000e+00,2.761356146185089955e-01
-9.019999999999999130e-01,0.000000000000000000e+00,2.764260543718992102e-01
-9.010000000000000231e-01,0.000000000000000000e+00,2.767169525936818419e-01
-8.999999999999999112e-01,0.000000000000000000e+00,2.770083102493074989e-01
-8.990000000000000213e-01,0.000000000000000000e+00,2.773001283067693667e-01
-8.979999999999999094e-01,0.000000000000000000e+00,2.775924077366114795e-01
-8.970000000000000195e-01,0.000000000000000000e+00,2.778851495119363801e-01
-8.959999999999999076e-01,0.000000000000000000e+00,2.781783546084138914e-01
-8.950000000000000178e-01,0.000000000000000000e+00,2.784720240042884432e-01
-8.939999999999999059e-01,0.000000000000000000e+00,2.787661586803879543e-01
-8.930000000000000160e-01,0.000000000000000000e+00,2.790607596201313267e-01
-8.919999999999999041e-01,0.000000000000000000e+00,2.793558278095374381e-01
-8.910000000000000142e-01,0.000000000000000000e+00,2.796513642372327468e-01
-8.899999999999999023e-01,0.000000000000000000e+00,2.799473698944598410e-01
-8.890000000000000124e-01,0.000000000000000000e+00,2.802438457750858203e-01
-8.879999999999999005e-01,0.000000000000000000e+00,2.805407928756104563e-01
-8.870000000000000107e-01,0.000000000000000000e+00,2.808382121951746857e-01
-8.859999999999998987e-01,0.000000000000000000e+00,2.811361047355689924e-01
-8.850000000000000089e-01,0.000000000000000000e+00,2.814344715012418452e-01
-8.839999999999998970e-01,0.000000000000000000e+00,2.817333134993080801e-01
-8.830000000000000071e-01,0.000000000000000000e+00,2.820326317395575599e-01
-8.819999999999998952e-01,0.000000000000000000e+00,2.823324272344635566e-01
-8.810000000000000053e-01,0.000000000000000000e+00,2.826327009991913553e-01
-8.799999999999998934e-01,0.000000000000000000e+00,2.829334540516070806e-01
-8.790000000000000036e-01,0.000000000000000000e+00,2.832346874122857461e-01
-8.779999999999998916e-01,0.000000000000000000e+00,2.835364021045206351e-01
-8.770000000000000018e-01,0.000000000000000000e+00,2.838385991543312947e-01
-8.759999999999998899e-01,0.000000000000000000e+00,2.841412795904729172e-01
-8.750000000000000000e-01,0.000000000000000000e+00,2.844444444444444442e-01
-8.739999999999998881e-01,0.000000000000000000e+00,2.847480947504980597e-01
-8.729999999999999982e-01,0.000000000000000000e+00,2.850522315456472944e-01
-8.719999999999998863e-01,0.000000000000000000e+00,2.853568558696764068e-01
-8.709999999999999964e-01,0.000000000000000000e+00,2.856619687651490436e-01
-8.699999999999998845e-01,0.000000000000000000e+00,2.859675712774171763e-01
-8.689999999999999947e-01,0.000000000000000000e+00,2.862736644546300391e-01
-8.679999999999998828e-01,0.000000000000000000e+00,2.865802493477433988e-01
-8.669999999999999929e-01,0.000000000000000000e+00,2.868873270105279372e-01
-8.659999999999998810e-01,0.000000000000000000e+00,2.871948984995790211e-01
-8.649999999999999911e-01,0.000000000000000000e+00,2.875029648743252508e-01
-8.639999999999998792e-01,0.000000000000000000e+00,2.878115271970381195e-01
-8.629999999999999893e-01,0.000000000000000000e+00,2.881205865328404503e-01
-8.619999999999998774e-01,0.000000000000000000e+00,2.884301439497162778e-01
-8.609999999999999876e-01,0.000000000000000000e+00,2.887402005185196185e-01
-8.599999999999998757e-01,0.000000000000000000e+00,2.890507573129841856e-01
-8.589999999999999858e-01,0.000000000000000000e+00,2.893618154097319928e-01
-8.579999999999998739e-01,0.000000000000000000e+00,2.896733758882834575e-01
-8.569999999999999840e-01,0.000000000000000000e+00,2.899854398310660608e-01
-8.559999999999998721e-01,0.000000000000000000e+00,2.902980083234245612e-01
-8.549999999999999822e-01,0.000000000000000000e+00,2.906110824536293769e-01
-8.539999999999998703e-01,0.000000000000000000e+00,2.909246633128871884e-01
-8.529999999999999805e-01,0.000000000000000000e+00,2.912387519953494874e-01
-8.519999999999998685e-01,0.000000000000000000e+00,2.915533495981229017e-01
-8.509999999999999787e-01,0.000000000000000000e+00,2.918684572212780215e-01
-8.499999999999998668e-01,0.000000000000000000e+00,2.921840759678597799e-01
-8.489999999999999769e-01,0.000000000000000000e+00,2.925002069438964458e-01
-8.479999999999998650e-01,0.000000000000000000e+00,2.928168512584097272e-01
-8.469999999999999751e-01,0.000000000000000000e+00,2.931340100234243184e-01
-8.460000000000000853e-01,0.000000000000000000e+00,2.934516843539778375e-01
-8.449999999999999734e-01,0.000000000000000000e+00,2.937698753681303732e-01
-8.440000000000000835e-01,0.000000000000000000e+00,2.940885841869744222e-01
-8.429999999999999716e-01,0.000000000000000000e+00,2.944078119346449918e-01
-8.420000000000000817e-01,0.000000000000000000e+00,2.947275597383290924e-01
-8.409999999999999698e-01,0.000000000000000000e+00,2.950478287282760070e-01
-8.400000000000000799e-01,0.000000000000000000e+00,2.953686200378071725e-01
-8.389999999999999680e-01,0.000000000000000000e+00,2.956899348033262820e-01
-8.380000000000000782e-01,0.000000000000000000e+00,2.960117741643291112e-01
-8.369999999999999662e-01,0.000000000000000000e+00,2.963341392634141203e-01
-8.360000000000000764e-01,0.000000000000000000e+00,2.966570312462917802e-01
-8.349999999999999645e-01,0.000000000000000000e+00,2.969804512617956749e-01
-8.340000000000000746e-01,0.000000000000000000e+00,2.973044004618921043e-01
-8.329999999999999627e-01,0.000000000000000000e+00,2.976288800016905212e-01
-8.320000000000000728e-01,0.000000000000000000e+00,2.979538910394538553e-01
-8.309999999999999609e-01,0.000000000000000000e+00,2.982794347366088394e-01
-8.300000000000000711e-01,0.000000000000000000e+00,2.986055122577562226e-01
-8.289999999999999591e-01,0.000000000000000000e+00,2.989321247706817064e-01
-8.280000000000000693e-01,0.000000000000000000e+00,2.992592734463655479e-01
-8.269999999999999574e-01,0.000000000000000000e+00,2.995869594589938845e-01
-8.260000000000000675e-01,0.000000000000000000e+00,2.999151839859687252e-01
-8.249999999999999556e-01,0.000000000000000000e+00,3.002439482079189426e-01
-8.240000000000000657e-01,0.000000000000000000e+00,3.005732533087103753e-01
-8.229999999999999538e-01,0.000000000000000000e+00,3.009031004754569860e-01
-8.220000000000000639e-01,0.000000000000000000e+00,3.012334908985312976e-01
-8.209999999999999520e-01,0.000000000000000000e+00,3.015644257715752174e-01
-8.200000000000000622e-01,0.000000000000000000e+00,3.018959062915106406e-01
-8.189999999999999503e-01,0.000000000000000000e+00,3.022279336585507736e-01
-8.180000000000000604e-01,0.000000000000000000e+00,3.025605090762101268e-01
-8.169999999999999485e-01,0.000000000000000000e+00,3.028936337513165045e-01
-8.160000000000000586e-01,0.000000000000000000e+00,3.032273088940208305e-01
-8.149999999999999467e-01,0.000000000000000000e+00,3.035615357178091944e-01
-8.140000000000000568e-01,0.000000000000000000e+00,3.038963154395130650e-01
-8.129999999999999449e-01,0.000000000000000000e+00,3.042316492793208926e-01
-8.120000000000000551e-01,0.000000000000000000e+00,3.045675384607887670e-01
-8.109999999999999432e-01,0.000000000000000000e+00,3.049039842108520748e-01
-8.100000000000000533e-01,0.000000000000000000e+00,3.052409877598363797e-01
-8.089999999999999414e-01,0.000000000000000000e+00,3.055785503414687465e-01
-8.080000000000000515e-01,0.000000000000000000e+00,3.059166731928890104e-01
-8.069999999999999396e-01,0.000000000000000000e+00,3.062553575546612117e-01
-8.060000000000000497e-01,0.000000000000000000e+00,3.065946046707848094e-01
-8.049999999999999378e-01,0.000000000000000000e+00,3.069344157887063385e-01
-8.040000000000000480e-01,0.000000000000000000e+00,3.072747921593305676e-01
-8.029999999999999361e-01,0.000000000000000000e+00,3.076157350370323229e-01
-8.020000000000000462e-01,0.000000000000000000e+00,3.079572456796678126e-01
-8.009999999999999343e-01,0.000000000000000000e+00,3.082993253485863394e-01
-8.000000000000000444e-01,0.000000000000000000e+00,3.086419753086419582e-01
-7.989999999999999325e-01,0.000000000000000000e+00,3.089851968282051886e-01
-7.980000000000000426e-01,0.000000000000000000e+00,3.093289911791744506e-01
-7.969999999999999307e-01,0.000000000000000000e+00,3.096733596369885544e-01
-7.960000000000000409e-01,0.000000000000000000e+00,3.100183034806374693e-01
-7.949999999999999289e-01,0.000000000000000000e+00,3.103638239926754250e-01
-7.940000000000000391e-01,0.000000000000000000e+00,3.107099224592317355e-01
-7.929999999999999272e-01,0.000000000000000000e+00,3.110566001700235672e-01
-7.920000000000000373e-01,0.000000000000000000e+00,3.114038584183673186e-01
-7.909999999999999254e-01,0.000000000000000000e+00,3.117516985011913877e-01
-7.900000000000000355e-01,0.000000000000000000e+00,3.121001217190474963e-01
-7.889999999999999236e-01,0.000000000000000000e+00,3.124491293761234578e-01
-7.880000000000000338e-01,0.000000000000000000e+00,3.127987227802551118e-01
-7.869999999999999218e-01,0.000000000000000000e+00,3.131489032429387587e-01
-7.860000000000000320e-01,0.000000000000000000e+00,3.134996720793429836e-01
-7.849999999999999201e-01,0.000000000000000000e+00,3.138510306083217571e-01
-7.840000000000000302e-01,0.000000000000000000e+00,3.142029801524261479e-01
-7.829999999999999183e-01,0.000000000000000000e+00,3.145555220379171457e-01
-7.820000000000000284e-01,0.000000000000000000e+00,3.149086575947780409e-01
-7.809999999999999165e-01,0.000000000000000000e+00,3.152623881567270803e-01
-7.800000000000000266e-01,0.000000000000000000e+00,3.156167150612296246e-01
-7.789999999999999147e-01,0.000000000000000000e+00,3.159716396495116375e-01
-7.780000000000000249e-01,0.000000000000000000e+00,3.163271632665713984e-01
-7.769999999999999130e-01,0.000000000000000000e+00,3.166832872611931027e-01
-7.760000000000000231e-01,0.000000000000000000e+00,3.170400129859589078e-01
-7.749999999999999112e-01,0.000000000000000000e+00,3.173973417972624778e-01
-7.740000000000000213e-01,0.000000000000000000e+00,3.177552750553211958e-01
-7.729999999999999094e-01,0.000000000000000000e+00,3.181138141241897643e-01
-7.720000000000000195e-01,0.000000000000000000e+00,3.184729603717725843e-01
-7.709999999999999076e-01,0.000000000000000000e+00,3.188327151698374662e-01
-7.700000000000000178e-01,0.000000000000000000e+00,3.191930798940278979e-01
-7.689999999999999059e-01,0.000000000000000000e+00,3.195540559238771450e-01
-7.680000000000000160e-01,0.000000000000000000e+00,3.199156446428205736e-01
-7.669999999999999041e-01,0.000000000000000000e+00,3.202778474382095841e-01
-7.660000000000000142e-01,0.000000000000000000e+00,3.206406657013244899e-01
-7.649999999999999023e-01,0.000000000000000000e+00,3.210041008273881169e-01
-7.640000000000000124e-01,0.000000000000000000e+00,3.213681542155788495e-01
-7.629999999999999005e-01,0.000000000000000000e+00,3.217328272690448965e-01
-7.620000000000000107e-01,0.000000000000000000e+00,3.220981213949167810e-01
-7.609999999999998987e-01,0.000000000000000000e+00,3.224640380043217180e-01
-7.600000000000000089e-01,0.000000000000000000e+00,3.228305785123967153e-01
-7.589999999999998970e-01,0.000000000000000000e+00,3.231977443383027282e-01
-7.580000000000000071e-01,0.000000000000000000e+00,3.235655369052379826e-01
-7.569999999999998952e-01,0.000000000000000000e+00,3.239339576404521304e-01
-7.560000000000000053e-01,0.000000000000000000e+00,3.243030079752595718e-01
-7.549999999999998934e-01,0.000000000000000000e+00,3.246726893450540552e-01
-7.540000000000000036e-01,0.000000000000000000e+00,3.250430031893219440e-01
-7.529999999999998916e-01,0.000000000000000000e+00,3.254139509516568718e-01
-7.520000000000000018e-01,0.000000000000000000e+00,3.257855340797731758e-01
-7.509999999999998899e-01,0.000000000000000000e+00,3.261577540255206076e-01
-7.500000000000000000e-01,0.000000000000000000e+00,3.265306122448979331e-01
-7.489999999999998881e-01,0.000000000000000000e+00,3.269041101980679764e-01
-7.479999999999999982e-01,0.000000000000000000e+00,3.272782493493708311e-01
-7.469999999999998863e-01,0.000000000000000000e+00,3.276530311673393481e-01
-7.459999999999999964e-01,0.000000000000000000e+00,3.280284571247125136e-01
-7.449999999999998845e-01,0.000000000000000000e+00,3.284045286984508261e-01
-7.439999999999999947e-01,0.000000000000000000e+00,3.287812473697500626e-01
-7.429999999999998828e-01,0.000000000000000000e+00,3.291586146240564892e-01
-7.419999999999999929e-01,0.000000000000000000e+00,3.295366319510809605e-01
-7.409999999999998810e-01,0.000000000000000000e+00,3.299153008448141855e-01
-7.399999999999999911e-01,0.000000000000000000e+00,3.302946228035407716e-01
-7.389999999999998792e-01,0.000000000000000000e+00,3.306745993298548791e-01
-7.379999999999999893e-01,0.000000000000000000e+00,3.310552319306743763e-01
-7.369999999999998774e-01,0.000000000000000000e+00,3.314365221172563269e-01
-7.359999999999999876e-01,0.000000000000000000e+00,3.318184714052114237e-01
-7.349999999999998757e-01,0.000000000000000000e+00,3.322010813145196972e-01
-7.339999999999999858e-01,0.000000000000000000e+00,3.325843533695451715e-01
-7.329999999999998739e-01,0.000000000000000000e+00,3.329682890990511290e-01
-7.319999999999999840e-01,0.000000000000000000e+00,3.333528900362154879e-01
-7.309999999999998721e-01,0.000000000000000000e+00,3.337381577186461223e-01
-7.299999999999999822e-01,0.000000000000000000e+00,3.341240936883958512e-01
-7.289999999999998703e-01,0.000000000000000000e+00,3.345106994919786469e-01
-7.279999999999999805e-01,0.000000000000000000e+00,3.348979766803841240e-01
-7.269999999999998685e-01,0.000000000000000000e+00,3.352859268090939704e-01
-7.259999999999999787e-01,0.000000000000000000e+00,3.356745514380968798e-01
-7.249999999999998668e-01,0.000000000000000000e+00,3.360638521319050942e-01
-7.239999999999999769e-01,0.000000000000000000e+00,3.364538304595690588e-01
-7.229999999999998650e-01,0.000000000000000000e+00,3.368444879946940751e-01
-7.219999999999999751e-01,0.000000000000000000e+00,3.372358263154557889e-01
-7.209999999999998632e-01,0.000000000000000000e+00,3.376278470046163993e-01
-7.199999999999999734e-01,0.000000000000000000e+00,3.380205516495403129e-01
-7.190000000000000835e-01,0.000000000000000000e+00,3.384139418422104084e-01
-7.179999999999999716e-01,0.000000000000000000e+00,3.388080191792443574e-01
-7.170000000000000817e-01,0.000000000000000000e+00,3.392027852619102779e-01
-7.159999999999999698e-01,0.000000000000000000e+00,3.395982416961438322e-01
-7.150000000000000799e-01,0.000000000000000000e+00,3.399943900925634366e-01
-7.139999999999999680e-01,0.000000000000000000e+00,3.403912320664879143e-01
-7.130000000000000782e-01,0.000000000000000000e+00,3.407887692379519828e-01
-7.119999999999999662e-01,0.000000000000000000e+00,3.411870032317232959e-01
-7.110000000000000764e-01,0.000000000000000000e+00,3.415859356773188193e-01
-7.099999999999999645e-01,0.000000000000000000e+00,3.419855682090215954e-01
-7.090000000000000746e-01,0.000000000000000000e+00,3.423859024658975070e-01
-7.079999999999999627e-01,0.000000000000000000e+00,3.427869400918120979e-01
-7.070000000000000728e-01,0.000000000000000000e+00,3.431886827354471148e-01
-7.059999999999999609e-01,0.000000000000000000e+00,3.435911320503182709e-01
-7.050000000000000711e-01,0.000000000000000000e+00,3.439942896947910111e-01
-7.039999999999999591e-01,0.000000000000000000e+00,3.443981573320989975e-01
-7.030000000000000693e-01,0.000000000000000000e+00,3.448027366303600405e-01
-7.019999999999999574e-01,0.000000000000000000e+00,3.452080292625942515e-01
-7.010000000000000675e-01,0.000000000000000000e+00,3.456140369067405294e-01
-6.999999999999999556e-01,0.000000000000000000e+00,3.460207612456747683e-01
-6.990000000000000657e-01,0.000000000000000000e+00,3.464282039672264557e-01
-6.979999999999999538e-01,0.000000000000000000e+00,3.468363667641971015e-01
-6.970000000000000639e-01,0.000000000000000000e+00,3.472452513343766700e-01
-6.959999999999999520e-01,0.000000000000000000e+00,3.476548593805625087e-01
-6.950000000000000622e-01,0.000000000000000000e+00,3.480651926105759464e-01
-6.939999999999999503e-01,0.000000000000000000e+00,3.484762527372810004e-01
-6.930000000000000604e-01,0.000000000000000000e+00,3.488880414786014184e-01
-6.919999999999999485e-01,0.000000000000000000e+00,3.493005605575396078e-01
-6.910000000000000586e-01,0.000000000000000000e+00,3.497138117021935111e-01
-6.899999999999999467e-01,0.000000000000000000e+00,3.501277966457757573e-01
-6.890000000000000568e-01,0.000000000000000000e+00,3.505425171266309814e-01
-6.879999999999999449e-01,0.000000000000000000e+00,3.509579748882549755e-01
-6.870000000000000551e-01,0.000000000000000000e+00,3.513741716793120085e-01
-6.859999999999999432e-01,0.000000000000000000e+00,3.517911092536540885e-01
-6.850000000000000533e-01,0.000000000000000000e+00,3.522087893703386707e-01
-6.839999999999999414e-01,0.000000000000000000e+00,3.526272137936482531e-01
-6.830000000000000515e-01,0.000000000000000000e+00,3.530463842931075291e-01
-6.819999999999999396e-01,0.000000000000000000e+00,3.534663026435038158e-01
-6.810000000000000497e-01,0.000000000000000000e+00,3.538869706249042069e-01
-6.799999999999999378e-01,0.000000000000000000e+00,3.543083900226757788e-01
-6.790000000000000480e-01,0.000000000000000000e+00,3.547305626275034096e-01
-6.779999999999999361e-01,0.000000000000000000e+00,3.551534902354099854e-01
-6.770000000000000462e-01,0.000000000000000000e+00,3.555771746477741080e-01
-6.759999999999999343e-01,0.000000000000000000e+00,3.560016176713506897e-01
-6.750000000000000444e-01,0.000000000000000000e+00,3.564268211182891610e-01
-6.739999999999999325e-01,0.000000000000000000e+00,3.568527868061532882e-01
-6.730000000000000426e-01,0.000000000000000000e+00,3.572795165579405463e-01
-6.719999999999999307e-01,0.000000000000000000e+00,3.577070122021016041e-01
-6.710000000000000409e-01,0.000000000000000000e+00,3.581352755725598080e-01
-6.699999999999999289e-01,0.000000000000000000e+00,3.585643085087310555e-01
-6.690000000000000391e-01,0.000000000000000000e+00,3.589941128555432792e-01
-6.679999999999999272e-01,0.000000000000000000e+00,3.594246904634565976e-01
-6.670000000000000373e-01,0.000000000000000000e+00,3.598560431884829103e-01
-6.659999999999999254e-01,0.000000000000000000e+00,3.602881728922061044e-01
-6.650000000000000355e-01,0.000000000000000000e+00,3.607210814418021494e-01
-6.639999999999999236e-01,0.000000000000000000e+00,3.611547707100591920e-01
-6.630000000000000338e-01,0.000000000000000000e+00,3.615892425753976513e-01
-6.619999999999999218e-01,0.000000000000000000e+00,3.620244989218910359e-01
-6.610000000000000320e-01,0.000000000000000000e+00,3.624605416392858159e-01
-6.599999999999999201e-01,0.000000000000000000e+00,3.628973726230222407e-01
-6.590000000000000302e-01,0.000000000000000000e+00,3.633349937742548774e-01
-6.579999999999999183e-01,0.000000000000000000e+00,3.637734069998734832e-01
-6.570000000000000284e-01,0.000000000000000000e+00,3.642126142125231558e-01
-6.559999999999999165e-01,0.000000000000000000e+00,3.646526173306261498e-01
-6.550000000000000266e-01,0.000000000000000000e+00,3.650934182784019710e-01
-6.539999999999999147e-01,0.000000000000000000e+00,3.655350189858889154e-01
-6.530000000000000249e-01,0.000000000000000000e+00,3.659774213889648298e-01
-6.519999999999999130e-01,0.000000000000000000e+00,3.664206274293688170e-01
-6.510000000000000231e-01,0.000000000000000000e+00,3.668646390547218861e-01
-6.499999999999999112e-01,0.000000000000000000e+00,3.673094582185491563e-01
-6.490000000000000213e-01,0.000000000000000000e+00,3.677550868803005080e-01
-6.479999999999999094e-01,0.000000000000000000e+00,3.682015270053728417e-01
-6.470000000000000195e-01,0.000000000000000000e+00,3.686487805651312288e-01
-6.459999999999999076e-01,0.000000000000000000e+00,3.690968495369311153e-01
-6.450000000000000178e-01,0.000000000000000000e+00,3.695457359041398604e-01
-6.439999999999999059e-01,0.000000000000000000e+00,3.699954416561588300e-01
-6.430000000000000160e-01,0.000000000000000000e+00,3.704459687884453234e-01
-6.419999999999999041e-01,0.000000000000000000e+00,3.708973193025350557e-01
-6.410000000000000142e-01,0.000000000000000000e+00,3.713494952060636956e-01
-6.399999999999999023e-01,0.000000000000000000e+00,3.718024985127900695e-01
-6.390000000000000124e-01,0.000000000000000000e+00,3.722563312426176996e-01
-6.379999999999999005e-01,0.000000000000000000e+00,3.727109954216181742e-01
-6.370000000000000107e-01,0.000000000000000000e+00,3.731664930820529635e-01
-6.359999999999998987e-01,0.000000000000000000e+00,3.736228262623968455e-01
-6.350000000000000089e-01,0.000000000000000000e+00,3.740799970073600544e-01
-6.339999999999998970e-01,0.000000000000000000e+00,3.745380073679117627e-01
-6.330000000000000071e-01,0.000000000000000000e+00,3.749968594013025069e-01
-6.319999999999998952e-01,0.000000000000000000e+00,3.754565551710881133e-01
-6.310000000000000053e-01,0.000000000000000000e+00,3.759170967471517910e-01
-6.299999999999998934e-01,0.000000000000000000e+00,3.763784862057285019e-01
-6.290000000000000036e-01,0.000000000000000000e+00,3.768407256294276642e-01
-6.279999999999998916e-01,0.000000000000000000e+00,3.773038171072569114e-01
-6.270000000000000018e-01,0.000000000000000000e+00,3.777677627346457401e-01
-6.259999999999998899e-01,0.000000000000000000e+00,3.782325646134690467e-01
-6.250000000000000000e-01,0.000000000000000000e+00,3.786982248520709970e-01
-6.239999999999998881e-01,0.000000000000000000e+00,3.791647455652891741e-01
-6.229999999999999982e-01,0.000000000000000000e+00,3.796321288744780031e-01
-6.219999999999998863e-01,0.000000000000000000e+00,3.801003769075337879e-01
-6.209999999999999964e-01,0.000000000000000000e+00,3.805694917989177473e-01
-6.199999999999998845e-01,0.000000000000000000e+00,3.810394756896814950e-01
-6.189999999999999947e-01,0.000000000000000000e+00,3.815103307274906319e-01
-6.179999999999998828e-01,0.000000000000000000e+00,3.819820590666498372e-01
-6.169999999999999929e-01,0.000000000000000000e+00,3.824546628681269600e-01
-6.159999999999998810e-01,0.000000000000000000e+00,3.829281442995785545e-01
-6.149999999999999911e-01,0.000000000000000000e+00,3.834025055353736944e-01
-6.139999999999998792e-01,0.000000000000000000e+00,3.838777487566200630e-01
-6.129999999999999893e-01,0.000000000000000000e+00,3.843538761511878787e-01
-6.119999999999998774e-01,0.000000000000000000e+00,3.848308899137363737e-01
-6.109999999999999876e-01,0.000000000000000000e+00,3.853087922457376635e-01
-6.099999999999998757e-01,0.000000000000000000e+00,3.857875853555033374e-01
-6.089999999999999858e-01,0.000000000000000000e+00,3.862672714582092159e-01
-6.079999999999998739e-01,0.000000000000000000e+00,3.867478527759214413e-01
-6.069999999999999840e-01,0.000000000000000000e+00,3.872293315376218459e-01
-6.059999999999998721e-01,0.000000000000000000e+00,3.877117099792342647e-01
-6.049999999999999822e-01,0.000000000000000000e+00,3.881949903436496263e-01
-6.039999999999998703e-01,0.000000000000000000e+00,3.886791748807533198e-01
-6.029999999999999805e-01,0.000000000000000000e+00,3.891642658474499528e-01
-6.019999999999998685e-01,0.000000000000000000e+00,3.896502655076909960e-01
-6.009999999999999787e-01,0.000000000000000000e+00,3.901371761324999854e-01
-5.999999999999998668e-01,0.000000000000000000e+00,3.906250000000000555e-01
-5.989999999999999769e-01,0.000000000000000000e+00,3.911137393954398078e-01
-5.979999999999998650e-01,0.000000000000000000e+00,3.916033966112208997e-01
-5.969999999999999751e-01,0.000000000000000000e+00,3.920939739469238572e-01
-5.959999999999998632e-01,0.000000000000000000e+00,3.925854737093360525e-01
-5.949999999999999734e-01,0.000000000000000000e+00,3.930778982124782384e-01
-5.939999999999998614e-01,0.000000000000000000e+00,3.935712497776323038e-01
-5.929999999999999716e-01,0.000000000000000000e+00,3.940655307333677526e-01
-5.920000000000000817e-01,0.000000000000000000e+00,3.945607434155702919e-01
-5.909999999999999698e-01,0.000000000000000000e+00,3.950568901674685884e-01
-5.900000000000000799e-01,0.000000000000000000e+00,3.955539733396621349e-01
-5.889999999999999680e-01,0.000000000000000000e+00,3.960519952901496721e-01
-5.880000000000000782e-01,0.000000000000000000e+00,3.965509583843561670e-01
-5.869999999999999662e-01,0.000000000000000000e+00,3.970508649951619562e-01
-5.860000000000000764e-01,0.000000000000000000e+00,3.975517175029298911e-01
-5.849999999999999645e-01,0.000000000000000000e+00,3.980535182955348694e-01
-5.840000000000000746e-01,0.000000000000000000e+00,3.985562697683909250e-01
-5.829999999999999627e-01,0.000000000000000000e+00,3.990599743244812592e-01
-5.820000000000000728e-01,0.000000000000000000e+00,3.995646343743856632e-01
-5.809999999999999609e-01,0.000000000000000000e+00,4.000702523363102725e-01
-5.800000000000000711e-01,0.000000000000000000e+00,4.005768306361159325e-01
-5.789999999999999591e-01,0.000000000000000000e+00,4.010843717073480086e-01
-5.780000000000000693e-01,0.000000000000000000e+00,4.015928779912644742e-01
-5.769999999999999574e-01,0.000000000000000000e+00,4.021023519368667198e-01
-5.760000000000000675e-01,0.000000000000000000e+00,4.026127960009275863e-01
-5.749999999999999556e-01,0.000000000000000000e+00,4.031242126480221732e-01
-5.740000000000000657e-01,0.000000000000000000e+00,4.036366043505567602e-01
-5.729999999999999538e-01,0.000000000000000000e+00,4.041499735887992273e-01
-5.720000000000000639e-01,0.000000000000000000e+00,4.046643228509086976e-01
-5.709999999999999520e-01,0.000000000000000000e+00,4.051796546329660131e-01
-5.700000000000000622e-01,0.000000000000000000e+00,4.056959714390035998e-01
-5.689999999999999503e-01,0.000000000000000000e+00,4.062132757810364980e-01
-5.680000000000000604e-01,0.000000000000000000e+00,4.067315701790920057e-01
-5.669999999999999485e-01,0.000000000000000000e+00,4.072508571612415973e-01
-5.660000000000000586e-01,0.000000000000000000e+00,4.077711392636305665e-01
-5.649999999999999467e-01,0.000000000000000000e+00,4.082924190305096679e-01
-5.640000000000000568e-01,0.000000000000000000e+00,4.088146990142659254e-01
-5.629999999999999449e-01,0.000000000000000000e+00,4.093379817754544403e-01
-5.620000000000000551e-01,0.000000000000000000e+00,4.098622698828285338e-01
-5.609999999999999432e-01,0.000000000000000000e+00,4.103875659133729425e-01
-5.600000000000000533e-01,0.000000000000000000e+00,4.109138724523339614e-01
-5.589999999999999414e-01,0.000000000000000000e+00,4.114411920932523614e-01
-5.580000000000000515e-01,0.000000000000000000e+00,4.119695274379944205e-01
-5.569999999999999396e-01,0.000000000000000000e+00,4.124988810967850639e-01
-5.560000000000000497e-01,0.000000000000000000e+00,4.130292556882388944e-01
-5.549999999999999378e-01,0.000000000000000000e+00,4.135606538393937770e-01
-5.540000000000000480e-01,0.000000000000000000e+00,4.140930781857422027e-01
-5.529999999999999361e-01,0.000000000000000000e+00,4.146265313712653167e-01
-5.520000000000000462e-01,0.000000000000000000e+00,4.151610160484642265e-01
-5.509999999999999343e-01,0.000000000000000000e+00,4.156965348783942527e-01
-5.500000000000000444e-01,0.000000000000000000e+00,4.162330905306971252e-01
-5.489999999999999325e-01,0.000000000000000000e+00,4.167706856836352891e-01
-5.480000000000000426e-01,0.000000000000000000e+00,4.173093230241237683e-01
-5.469999999999999307e-01,0.000000000000000000e+00,4.178490052477656924e-01
-5.460000000000000409e-01,0.000000000000000000e+00,4.183897350588841602e-01
-5.449999999999999289e-01,0.000000000000000000e+00,4.189315151705574891e-01
-5.440000000000000391e-01,0.000000000000000000e+00,4.194743483046524113e-01
-5.429999999999999272e-01,0.000000000000000000e+00,4.200182371918588786e-01
-5.420000000000000373e-01,0.000000000000000000e+00,4.205631845717237027e-01
-5.409999999999999254e-01,0.000000000000000000e+00,4.211091931926856935e-01
-5.400000000000000355e-01,0.000000000000000000e+00,4.216562658121099649e-01
-5.389999999999999236e-01,0.000000000000000000e+00,4.222044051963229627e-01
-5.380000000000000338e-01,0.000000000000000000e+00,4.227536141206471032e-01
-5.369999999999999218e-01,0.000000000000000000e+00,4.233038953694364115e-01
-5.360000000000000320e-01,0.000000000000000000e+00,4.238552517361111049e-01
-5.349999999999999201e-01,0.000000000000000000e+00,4.244076860231938975e-01
-5.340000000000000302e-01,0.000000000000000000e+00,4.249612010423448050e-01
-5.329999999999999183e-01,0.000000000000000000e+00,4.255157996143976717e-01
-5.320000000000000284e-01,0.000000000000000000e+00,4.260714845693950870e-01
-5.309999999999999165e-01,0.000000000000000000e+00,4.266282587466259657e-01
-5.300000000000000266e-01,0.000000000000000000e+00,4.271861249946601879e-01
-5.289999999999999147e-01,0.000000000000000000e+00,4.277450861713864017e-01
-5.280000000000000249e-01,0.000000000000000000e+00,4.283051451440476054e-01
-5.269999999999999130e-01,0.000000000000000000e+00,4.288663047892787294e-01
-5.260000000000000231e-01,0.000000000000000000e+00,4.294285679931428290e-01
-5.249999999999999112e-01,0.000000000000000000e+00,4.299919376511691094e-01
-5.240000000000000213e-01,0.000000000000000000e+00,4.305564166683888416e-01
-5.229999999999999094e-01,0.000000000000000000e+00,4.311220079593745536e-01
-5.220000000000000195e-01,0.000000000000000000e+00,4.316887144482759453e-01
-5.209999999999999076e-01,0.000000000000000000e+00,4.322565390688589693e-01
-5.200000000000000178e-01,0.000000000000000000e+00,4.328254847645429115e-01
-5.189999999999999059e-01,0.000000000000000000e+00,4.333955544884394162e-01
-5.180000000000000160e-01,0.000000000000000000e+00,4.339667512033897334e-01
-5.169999999999999041e-01,0.000000000000000000e+00,4.345390778820044653e-01
-5.160000000000000142e-01,0.000000000000000000e+00,4.351125375067007583e-01
-5.149999999999999023e-01,0.000000000000000000e+00,4.356871330697426603e-01
-5.140000000000000124e-01,0.000000000000000000e+00,4.362628675732790340e-01
-5.129999999999999005e-01,0.000000000000000000e+00,4.368397440293836365e-01
-5.120000000000000107e-01,0.000000000000000000e+00,4.374177654600934773e-01
-5.109999999999998987e-01,0.000000000000000000e+00,4.379969348974496746e-01
-5.100000000000000089e-01,0.000000000000000000e+00,4.385772553835358134e-01
-5.089999999999998970e-01,0.000000000000000000e+00,4.391587299705193015e-01
-5.080000000000000071e-01,0.000000000000000000e+00,4.397413617206903380e-01
-5.069999999999998952e-01,0.000000000000000000e+00,4.403251537065031029e-01
-5.060000000000000053e-01,0.000000000000000000e+00,4.409101090106153364e-01
-5.049999999999998934e-01,0.000000000000000000e+00,4.414962307259302499e-01
-5.040000000000000036e-01,0.000000000000000000e+00,4.420835219556360496e-01
-5.029999999999998916e-01,0.000000000000000000e+00,4.426719858132482366e-01
-5.020000000000000018e-01,0.000000000000000000e+00,4.432616254226499630e-01
-5.009999999999998899e-01,0.000000000000000000e+00,4.438524439181341097e-01
-5.000000000000000000e-01,0.000000000000000000e+00,4.444444444444444198e-01
-4.989999999999998881e-01,0.000000000000000000e+00,4.450376301568179649e-01
-4.979999999999999982e-01,0.000000000000000000e+00,4.456320042210263899e-01
-4.969999999999998863e-01,0.000000000000000000e+00,4.462275698134189339e-01
-4.959999999999999964e-01,0.000000000000000000e+00,4.468243301209642859e-01
-4.949999999999998845e-01,0.000000000000000000e+00,4.474222883412937724e-01
-4.939999999999999947e-01,0.000000000000000000e+00,4.480214476827434900e-01
-4.929999999999998828e-01,0.000000000000000000e+00,4.486218113643980487e-01
-4.919999999999999929e-01,0.000000000000000000e+00,4.492233826161332044e-01
-4.909999999999998810e-01,0.000000000000000000e+00,4.498261646786599899e-01
-4.899999999999999911e-01,0.000000000000000000e+00,4.504301608035674032e-01
-4.889999999999998792e-01,0.000000000000000000e+00,4.510353742533673715e-01
-4.879999999999999893e-01,0.000000000000000000e+00,4.516418083015377172e-01
-4.869999999999998774e-01,0.000000000000000000e+00,4.522494662325675652e-01
-4.859999999999999876e-01,0.000000000000000000e+00,4.528583513420004203e-01
-4.849999999999998757e-01,0.000000000000000000e+00,4.534684669364805187e-01
-4.839999999999999858e-01,0.000000000000000000e+00,4.540798163337959603e-01
-4.829999999999998739e-01,0.000000000000000000e+00,4.546924028629252823e-01
-4.819999999999999840e-01,0.000000000000000000e+00,4.553062298640819239e-01
-4.809999999999998721e-01,0.000000000000000000e+00,4.559213006887604114e-01
-4.799999999999999822e-01,0.000000000000000000e+00,4.565376186997808783e-01
-4.789999999999998703e-01,0.000000000000000000e+00,4.571551872713367493e-01
-4.779999999999999805e-01,0.000000000000000000e+00,4.577740097890394266e-01
-4.769999999999998685e-01,0.000000000000000000e+00,4.583940896499657525e-01
-4.759999999999999787e-01,0.000000000000000000e+00,4.590154302627036942e-01
-4.749999999999998668e-01,0.000000000000000000e+00,4.596380350474002507e-01
-4.739999999999999769e-01,0.000000000000000000e+00,4.602619074358072493e-01
-4.729999999999998650e-01,0.000000000000000000e+00,4.608870508713300840e-01
-4.719999999999999751e-01,0.000000000000000000e+00,4.615134688090737347e-01
-4.709999999999998632e-01,0.000000000000000000e+00,4.621411647158918390e-01
-4.699999999999999734e-01,0.000000000000000000e+00,4.627701420704336543e-01
-4.689999999999998614e-01,0.000000000000000000e+00,4.634004043631929082e-01
-4.679999999999999716e-01,0.000000000000000000e+00,4.640319550965557593e-01
-4.669999999999998597e-01,0.000000000000000000e+00,4.646647977848500366e-01
-4.659999999999999698e-01,0.000000000000000000e+00,4.652989359543932557e-01
-4.649999999999998579e-01,0.000000000000000000e+00,4.659343731435428571e-01
-4.639999999999999680e-01,0.000000000000000000e+00,4.665711129027442228e-01
-4.630000000000000782e-01,0.000000000000000000e+00,4.672091587945816360e-01
-4.619999999999999662e-01,0.000000000000000000e+00,4.678485143938274082e-01
-4.610000000000000764e-01,0.000000000000000000e+00,4.684891832874916173e-01
-4.599999999999999645e-01,0.000000000000000000e+00,4.691311690748733998e-01
-4.590000000000000746e-01,0.000000000000000000e+00,4.697744753676101892e-01
-4.579999999999999627e-01,0.000000000000000000e+00,4.704191057897302297e-01
-4.570000000000000728e-01,0.000000000000000000e+00,4.710650639777015924e-01
-4.559999999999999609e-01,0.000000000000000000e+00,4.717123535804854662e-01
-4.550000000000000711e-01,0.000000000000000000e+00,4.723609782595858952e-01
-4.539999999999999591e-01,0.000000000000000000e+00,4.730109416891032370e-01
-4.530000000000000693e-01,0.000000000000000000e+00,4.736622475557843437e-01
-4.519999999999999574e-01,0.000000000000000000e+00,4.743148995590768524e-01
-4.510000000000000675e-01,0.000000000000000000e+00,4.749689014111800889e-01
-4.499999999999999556e-01,0.000000000000000000e+00,4.756242568370986912e-01
-4.490000000000000657e-01,0.000000000000000000e+00,4.762809695746953453e-01
-4.479999999999999538e-01,0.000000000000000000e+00,4.769390433747444091e-01
-4.470000000000000639e-01,0.000000000000000000e+00,4.775984820009847587e-01
-4.459999999999999520e-01,0.000000000000000000e+00,4.782592892301747445e-01
-4.450000000000000622e-01,0.000000000000000000e+00,4.789214688521449825e-01
-4.439999999999999503e-01,0.000000000000000000e+00,4.795850246698536989e-01
-4.430000000000000604e-01,0.000000000000000000e+00,4.802499604994407423e-01
-4.419999999999999485e-01,0.000000000000000000e+00,4.809162801702828172e-01
-4.410000000000000586e-01,0.000000000000000000e+00,4.815839875250483293e-01
-4.399999999999999467e-01,0.000000000000000000e+00,4.822530864197531186e-01
-4.390000000000000568e-01,0.000000000000000000e+00,4.829235807238154710e-01
-4.379999999999999449e-01,0.000000000000000000e+00,4.835954743201131278e-01
-4.370000000000000551e-01,0.000000000000000000e+00,4.842687711050383537e-01
-4.359999999999999432e-01,0.000000000000000000e+00,4.849434749885553342e-01
-4.350000000000000533e-01,0.000000000000000000e+00,4.856195898942562983e-01
-4.339999999999999414e-01,0.000000000000000000e+00,4.862971197594191941e-01
-4.330000000000000515e-01,0.000000000000000000e+00,4.869760685350639218e-01
-4.319999999999999396e-01,0.000000000000000000e+00,4.876564401860116749e-01
-4.310000000000000497e-01,0.000000000000000000e+00,4.883382386909410067e-01
-4.299999999999999378e-01,0.000000000000000000e+00,4.890214680424471161e-01
-4.290000000000000480e-01,0.000000000000000000e+00,4.897061322470998013e-01
-4.279999999999999361e-01,0.000000000000000000e+00,4.903922353255028566e-01
-4.270000000000000462e-01,0.000000000000000000e+00,4.910797813123516931e-01
-4.259999999999999343e-01,0.000000000000000000e+00,4.917687742564948450e-01
-4.250000000000000444e-01,0.000000000000000000e+00,4.924592182209910352e-01
-4.239999999999999325e-01,0.000000000000000000e+00,4.931511172831713474e-01
-4.230000000000000426e-01,0.000000000000000000e+00,4.938444755346977355e-01
-4.219999999999999307e-01,0.000000000000000000e+00,4.945392970816246958e-01
-4.210000000000000409e-01,0.000000000000000000e+00,4.952355860444592750e-01
-4.199999999999999289e-01,0.000000000000000000e+00,4.959333465582225764e-01
-4.190000000000000391e-01,0.000000000000000000e+00,4.966325827725109332e-01
-4.179999999999999272e-01,0.000000000000000000e+00,4.973332988515580255e-01
-4.170000000000000373e-01,0.000000000000000000e+00,4.980354989742958871e-01
-4.159999999999999254e-01,0.000000000000000000e+00,4.987391873344186322e-01
-4.150000000000000355e-01,0.000000000000000000e+00,4.994443681404437396e-01
-4.139999999999999236e-01,0.000000000000000000e+00,5.001510456157760576e-01
-4.130000000000000338e-01,0.000000000000000000e+00,5.008592239987699202e-01
-4.119999999999999218e-01,0.000000000000000000e+00,5.015689075427939292e-01
-4.110000000000000320e-01,0.000000000000000000e+00,5.022801005162936816e-01
-4.099999999999999201e-01,0.000000000000000000e+00,5.029928072028571062e-01
-4.090000000000000302e-01,0.000000000000000000e+00,5.037070319012774133e-01
-4.079999999999999183e-01,0.000000000000000000e+00,5.044227789256199301e-01
-4.070000000000000284e-01,0.000000000000000000e+00,5.051400526052850504e-01
-4.059999999999999165e-01,0.000000000000000000e+00,5.058588572850758469e-01
-4.050000000000000266e-01,0.000000000000000000e+00,5.065791973252617986e-01
-4.039999999999999147e-01,0.000000000000000000e+00,5.073010771016469578e-01
-4.030000000000000249e-01,0.000000000000000000e+00,5.080245010056344546e-01
-4.019999999999999130e-01,0.000000000000000000e+00,5.087494734442951083e-01
-4.010000000000000231e-01,0.000000000000000000e+00,5.094759988404325979e-01
-3.999999999999999112e-01,0.000000000000000000e+00,5.102040816326531836e-01
-3.990000000000000213e-01,0.000000000000000000e+00,5.109337262754310993e-01
-3.979999999999999094e-01,0.000000000000000000e+00,5.116649372391788297e-01
-3.970000000000000195e-01,0.000000000000000000e+00,5.123977190103140567e-01
-3.959999999999999076e-01,0.000000000000000000e+00,5.131320760913293810e-01
-3.950000000000000178e-01,0.000000000000000000e+00,5.138680130008607128e-01
-3.939999999999999059e-01,0.000000000000000000e+00,5.146055342737578808e-01
-3.930000000000000160e-01,0.000000000000000000e+00,5.153446444611530231e-01
-3.919999999999999041e-01,0.000000000000000000e+00,5.160853481305325285e-01
-3.910000000000000142e-01,0.000000000000000000e+00,5.168276498658056495e-01
-3.899999999999999023e-01,0.000000000000000000e+00,5.175715542673775538e-01
-3.890000000000000124e-01,0.000000000000000000e+00,5.183170659522183810e-01
-3.879999999999999005e-01,0.000000000000000000e+00,5.190641895539370720e-01
-3.870000000000000107e-01,0.000000000000000000e+00,5.198129297228513135e-01
-3.859999999999998987e-01,0.000000000000000000e+00,5.205632911260618112e-01
-3.850000000000000089e-01,0.000000000000000000e+00,5.213152784475231227e-01
-3.839999999999998970e-01,0.000000000000000000e+00,5.220688963881185973e-01
-3.830000000000000071e-01,0.000000000000000000e+00,5.228241496657323184e-01
-3.819999999999998952e-01,0.000000000000000000e+00,5.235810430153242656e-01
-3.810000000000000053e-01,0.000000000000000000e+00,5.243395811890029234e-01
-3.799999999999998934e-01,0.000000000000000000e+00,5.250997689561017756e-01
-3.790000000000000036e-01,0.000000000000000000e+00,5.258616111032524687e-01
-3.779999999999998916e-01,0.000000000000000000e+00,5.266251124344615286e-01
-3.770000000000000018e-01,0.000000000000000000e+00,5.273902777711854117e-01
-3.759999999999998899e-01,0.000000000000000000e+00,5.281571119524067770e-01
-3.750000000000000000e-01,0.000000000000000000e+00,5.289256198347107585e-01
-3.739999999999998881e-01,0.000000000000000000e+00,5.296958062923625699e-01
-3.729999999999999982e-01,0.000000000000000000e+00,5.304676762173835547e-01
-3.719999999999998863e-01,0.000000000000000000e+00,5.312412345196305674e-01
-3.709999999999999964e-01,0.000000000000000000e+00,5.320164861268721346e-01
-3.699999999999998845e-01,0.000000000000000000e+00,5.327934359848687240e-01
-3.689999999999999947e-01,0.000000000000000000e+00,5.335720890574502384e-01
-3.679999999999998828e-01,0.000000000000000000e+00,5.343524503265962844e-01
-3.669999999999999929e-01,0.000000000000000000e+00,5.351345247925149984e-01
-3.659999999999998810e-01,0.000000000000000000e+00,5.359183174737239819e-01
-3.649999999999999911e-01,0.000000000000000000e+00,5.367038334071301264e-01
-3.639999999999998792e-01,0.000000000000000000e+00,5.374910776481111041e-01
-3.629999999999999893e-01,0.000000000000000000e+00,5.382800552705960806e-01
-3.619999999999998774e-01,0.000000000000000000e+00,5.390707713671482049e-01
-3.609999999999999876e-01,0.000000000000000000e+00,5.398632310490460995e-01
-3.599999999999998757e-01,0.000000000000000000e+00,5.406574394463669053e-01
-3.589999999999999858e-01,0.000000000000000000e+00,5.414534017080688821e-01
-3.579999999999998739e-01,0.000000000000000000e+00,5.422511230020757855e-01
-3.569999999999999840e-01,0.000000000000000000e+00,5.430506085153593565e-01
-3.559999999999998721e-01,0.000000000000000000e+00,5.438518634540250307e-01
-3.549999999999999822e-01,0.000000000000000000e+00,5.446548930433954272e-01
-3.539999999999998703e-01,0.000000000000000000e+00,5.454597025280967237e-01
-3.529999999999999805e-01,0.000000000000000000e+00,5.462662971721432559e-01
-3.519999999999998685e-01,0.000000000000000000e+00,5.470746822590246694e-01
-3.509999999999999787e-01,0.000000000000000000e+00,5.478848630917910745e-01
-3.499999999999998668e-01,0.000000000000000000e+00,5.486968449931414193e-01
-3.489999999999999769e-01,0.000000000000000000e+00,5.495106333055097547e-01
-3.479999999999998650e-01,0.000000000000000000e+00,5.503262333911543847e-01
-3.469999999999999751e-01,0.000000000000000000e+00,5.511436506322444639e-01
-3.459999999999998632e-01,0.000000000000000000e+00,5.519628904309507034e-01
-3.449999999999999734e-01,0.000000000000000000e+00,5.527839582095327442e-01
-3.439999999999998614e-01,0.000000000000000000e+00,5.536068594104309737e-01
-3.429999999999999716e-01,0.000000000000000000e+00,5.544315994963543437e-01
-3.419999999999998597e-01,0.000000000000000000e+00,5.552581839503734074e-01
-3.409999999999999698e-01,0.000000000000000000e+00,5.560866182760091370e-01
-3.399999999999998579e-01,0.000000000000000000e+00,5.569169079973269598e-01
-3.389999999999999680e-01,0.000000000000000000e+00,5.577490586590262422e-01
-3.379999999999998561e-01,0.000000000000000000e+00,5.585830758265354357e-01
-3.369999999999999662e-01,0.000000000000000000e+00,5.594189650861030039e-01
-3.359999999999998543e-01,0.000000000000000000e+00,5.602567320448923471e-01
-3.349999999999999645e-01,0.000000000000000000e+00,5.610963823310749499e-01
-3.340000000000000746e-01,0.000000000000000000e+00,5.619379215939256378e-01
-3.329999999999999627e-01,0.000000000000000000e+00,5.627813555039172799e-01
-3.320000000000000728e-01,0.000000000000000000e+00,5.636266897528158237e-01
-3.309999999999999609e-01,0.000000000000000000e+00,5.644739300537774396e-01
-3.300000000000000711e-01,0.000000000000000000e+00,5.653230821414437779e-01
-3.289999999999999591e-01,0.000000000000000000e+00,5.661741517720402239e-01
-3.280000000000000693e-01,0.000000000000000000e+00,5.670271447234721540e-01
-3.269999999999999574e-01,0.000000000000000000e+00,5.678820667954245227e-01
-3.260000000000000675e-01,0.000000000000000000e+00,5.687389238094587851e-01
-3.249999999999999556e-01,0.000000000000000000e+00,5.695977216091135942e-01
-3.240000000000000657e-01,0.000000000000000000e+00,5.704584660600030555e-01
-3.229999999999999538e-01,0.000000000000000000e+00,5.713211630499180904e-01
-3.220000000000000639e-01,0.000000000000000000e+00,5.721858184889258014e-01
-3.209999999999999520e-01,0.000000000000000000e+00,5.730524383094723895e-01
-3.200000000000000622e-01,0.000000000000000000e+00,5.739210284664829631e-01
-3.189999999999999503e-01,0.000000000000000000e+00,5.747915949374655664e-01
-3.180000000000000604e-01,0.000000000000000000e+00,5.756641437226127644e-01
-3.169999999999999485e-01,0.000000000000000000e+00,5.765386808449058931e-01
-3.160000000000000586e-01,0.000000000000000000e+00,5.774152123502184208e-01
-3.149999999999999467e-01,0.000000000000000000e+00,5.782937443074209760e-01
-3.140000000000000568e-01,0.000000000000000000e+00,5.791742828084854855e-01
-3.129999999999999449e-01,0.000000000000000000e+00,5.800568339685923114e-01
-3.120000000000000551e-01,0.000000000000000000e+00,5.809414039262342788e-01
-3.109999999999999432e-01,0.000000000000000000e+00,5.818279988433259220e-01
-3.100000000000000533e-01,0.000000000000000000e+00,5.827166249053085112e-01
-3.089999999999999414e-01,0.000000000000000000e+00,5.836072883212595208e-01
-3.080000000000000515e-01,0.000000000000000000e+00,5.844999953239999879e-01
-3.069999999999999396e-01,0.000000000000000000e+00,5.853947521702047574e-01
-3.060000000000000497e-01,0.000000000000000000e+00,5.862915651405106177e-01
-3.049999999999999378e-01,0.000000000000000000e+00,5.871904405396281001e-01
-3.040000000000000480e-01,0.000000000000000000e+00,5.880913846964507252e-01
-3.029999999999999361e-01,0.000000000000000000e+00,5.889944039641680229e-01
-3.020000000000000462e-01,0.000000000000000000e+00,5.898995047203757780e-01
-3.009999999999999343e-01,0.000000000000000000e+00,5.908066933671906051e-01
-3.000000000000000444e-01,0.000000000000000000e+00,5.917159763313608600e-01
-2.989999999999999325e-01,0.000000000000000000e+00,5.926273600643831019e-01
-2.980000000000000426e-01,0.000000000000000000e+00,5.935408510426137818e-01
-2.969999999999999307e-01,0.000000000000000000e+00,5.944564557673868155e-01
-2.960000000000000409e-01,0.000000000000000000e+00,5.953741807651272699e-01
-2.949999999999999289e-01,0.000000000000000000e+00,5.962940325874689362e-01
-2.940000000000000391e-01,0.000000000000000000e+00,5.972160178113704587e-01
-2.929999999999999272e-01,0.000000000000000000e+00,5.981401430392337959e-01
-2.920000000000000373e-01,0.000000000000000000e+00,5.990664148990213489e-01
-2.909999999999999254e-01,0.000000000000000000e+00,5.999948400443756436e-01
-2.900000000000000355e-01,0.000000000000000000e+00,6.009254251547382353e-01
-2.889999999999999236e-01,0.000000000000000000e+00,6.018581769354706124e-01
-2.880000000000000338e-01,0.000000000000000000e+00,6.027931021179737670e-01
-2.869999999999999218e-01,0.000000000000000000e+00,6.037302074598113188e-01
-2.860000000000000320e-01,0.000000000000000000e+00,6.046694997448294195e-01
-2.849999999999999201e-01,0.000000000000000000e+00,6.056109857832822074e-01
-2.840000000000000302e-01,0.000000000000000000e+00,6.065546724119524891e-01
-2.829999999999999183e-01,0.000000000000000000e+00,6.075005664942784156e-01
-2.820000000000000284e-01,0.000000000000000000e+00,6.084486749204757183e-01
-2.809999999999999165e-01,0.000000000000000000e+00,6.093990046076659395e-01
-2.800000000000000266e-01,0.000000000000000000e+00,6.103515625000000000e-01
-2.789999999999999147e-01,0.000000000000000000e+00,6.113063555687869854e-01
-2.780000000000000249e-01,0.000000000000000000e+00,6.122633908126204894e-01
-2.769999999999999130e-01,0.000000000000000000e+00,6.132226752575076212e-01
-2.760000000000000231e-01,0.000000000000000000e+00,6.141842159569972370e-01
-2.749999999999999112e-01,0.000000000000000000e+00,6.151480199923107239e-01
-2.740000000000000213e-01,0.000000000000000000e+00,6.161140944724707857e-01
-2.729999999999999094e-01,0.000000000000000000e+00,6.170824465344342258e-01
-2.720000000000000195e-01,0.000000000000000000e+00,6.180530833432221760e-01
-2.709999999999999076e-01,0.000000000000000000e+00,6.190260120920542120e-01
-2.700000000000000178e-01,0.000000000000000000e+00,6.200012400024800252e-01
-2.689999999999999059e-01,0.000000000000000000e+00,6.209787743245148706e-01
-2.680000000000000160e-01,0.000000000000000000e+00,6.219586223367731259e-01
-2.669999999999999041e-01,0.000000000000000000e+00,6.229407913466049607e-01
-2.660000000000000142e-01,0.000000000000000000e+00,6.239252886902310058e-01
-2.649999999999999023e-01,0.000000000000000000e+00,6.249121217328813538e-01
-2.640000000000000124e-01,0.000000000000000000e+00,6.259012978689312279e-01
-2.629999999999999005e-01,0.000000000000000000e+00,6.268928245220413142e-01
-2.620000000000000107e-01,0.000000000000000000e+00,6.278867091452955407e-01
-2.609999999999998987e-01,0.000000000000000000e+00,6.288829592213424080e-01
-2.600000000000000089e-01,0.000000000000000000e+00,6.298815822625345451e-01
-2.589999999999998970e-01,0.000000000000000000e+00,6.308825858110722606e-01
-2.580000000000000071e-01,0.000000000000000000e+00,6.318859774391429873e-01
-2.569999999999998952e-01,0.000000000000000000e+00,6.328917647490679421e-01
-2.560000000000000053e-01,0.000000000000000000e+00,6.338999553734431247e-01
-2.549999999999998934e-01,0.000000000000000000e+00,6.349105569752861999e-01
-2.540000000000000036e-01,0.000000000000000000e+00,6.359235772481806048e-01
-2.529999999999998916e-01,0.000000000000000000e+00,6.369390239164235412e-01
-2.520000000000000018e-01,0.000000000000000000e+00,6.379569047351713040e-01
-2.509999999999998899e-01,0.000000000000000000e+00,6.389772274905896055e-01
-2.500000000000000000e-01,0.000000000000000000e+00,6.400000000000000133e-01
-2.489999999999998881e-01,0.000000000000000000e+00,6.410252301120320517e-01
-2.479999999999999982e-01,0.000000000000000000e+00,6.420529257067718598e-01
-2.469999999999998863e-01,0.000000000000000000e+00,6.430830946959150696e-01
-2.459999999999999964e-01,0.000000000000000000e+00,6.441157450229176851e-01
-2.449999999999998845e-01,0.000000000000000000e+00,6.451508846631507366e-01
-2.439999999999999947e-01,0.000000000000000000e+00,6.461885216240527141e-01
-2.429999999999998828e-01,0.000000000000000000e+00,6.472286639452859980e-01
-2.419999999999999929e-01,0.000000000000000000e+00,6.482713196988909576e-01
-2.409999999999998810e-01,0.000000000000000000e+00,6.493164969894441585e-01
-2.399999999999999911e-01,0.000000000000000000e+00,6.503642039542143483e-01
-2.389999999999998792e-01,0.000000000000000000e+00,6.514144487633223291e-01
-2.379999999999999893e-01,0.000000000000000000e+00,6.524672396198987201e-01
-2.369999999999998774e-01,0.000000000000000000e+00,6.535225847602456062e-01
-2.359999999999999876e-01,0.000000000000000000e+00,6.545804924539960767e-01
-2.349999999999998757e-01,0.000000000000000000e+00,6.556409710042782057e-01
-2.339999999999999858e-01,0.000000000000000000e+00,6.567040287478755900e-01
-2.329999999999998739e-01,0.000000000000000000e+00,6.577696740553935495e-01
-2.319999999999999840e-01,0.000000000000000000e+00,6.588379153314217751e-01
-2.309999999999998721e-01,0.000000000000000000e+00,6.599087610147021943e-01
-2.299999999999999822e-01,0.000000000000000000e+00,6.609822195782933951e-01
-2.289999999999998703e-01,0.000000000000000000e+00,6.620582995297401574e-01
-2.279999999999999805e-01,0.000000000000000000e+00,6.631370094112404301e-01
-2.269999999999998685e-01,0.000000000000000000e+00,6.642183577998166388e-01
-2.259999999999999787e-01,0.000000000000000000e+00,6.653023533074842177e-01
-2.249999999999998668e-01,0.000000000000000000e+00,6.663890045814245822e-01
-2.239999999999999769e-01,0.000000000000000000e+00,6.674783203041565471e-01
-2.229999999999998650e-01,0.000000000000000000e+00,6.685703091937110765e-01
-2.219999999999999751e-01,0.000000000000000000e+00,6.696649800038038114e-01
-2.209999999999998632e-01,0.000000000000000000e+00,6.707623415240124842e-01
-2.199999999999999734e-01,0.000000000000000000e+00,6.718624025799516675e-01
-2.189999999999998614e-01,0.000000000000000000e+00,6.729651720334519638e-01
-2.179999999999999716e-01,0.000000000000000000e+00,6.740706587827363094e-01
-2.169999999999998597e-01,0.000000000000000000e+00,6.751788717626018288e-01
-2.159999999999999698e-01,0.000000000000000000e+00,6.762898199445983582e-01
-2.149999999999998579e-01,0.000000000000000000e+00,6.774035123372116329e-01
-2.139999999999999680e-01,0.000000000000000000e+00,6.785199579860442531e-01
-2.129999999999998561e-01,0.000000000000000000e+00,6.796391659740012026e-01
-2.119999999999999662e-01,0.000000000000000000e+00,6.807611454214728131e-01
-2.109999999999998543e-01,0.000000000000000000e+00,6.818859054865222813e-01
-2.099999999999999645e-01,0.000000000000000000e+00,6.830134553650707430e-01
-2.089999999999998526e-01,0.000000000000000000e+00,6.841438042910870099e-01
-2.079999999999999627e-01,0.000000000000000000e+00,6.852769615367747535e-01
-2.070000000000000728e-01,0.000000000000000000e+00,6.864129364127646848e-01
-2.059999999999999609e-01,0.000000000000000000e+00,6.875517382683047352e-01
-2.050000000000000711e-01,0.000000000000000000e+00,6.886933764914515699e-01
-2.039999999999999591e-01,0.000000000000000000e+00,6.898378605092659877e-01
-2.030000000000000693e-01,0.000000000000000000e+00,6.909851997880056551e-01
-2.019999999999999574e-01,0.000000000000000000e+00,6.921354038333227265e-01
-2.010000000000000675e-01,0.000000000000000000e+00,6.932884821904586881e-01
-1.999999999999999556e-01,0.000000000000000000e+00,6.944444444444444198e-01
-1.990000000000000657e-01,0.000000000000000000e+00,6.956033002202974824e-01
-1.979999999999999538e-01,0.000000000000000000e+00,6.967650591832241780e-01
-1.970000000000000639e-01,0.000000000000000000e+00,6.979297310388193898e-01
-1.959999999999999520e-01,0.000000000000000000e+00,6.990973255332715297e-01
-1.950000000000000622e-01,0.000000000000000000e+00,7.002678524535634885e-01
-1.939999999999999503e-01,0.000000000000000000e+00,7.014413216276805807e-01
-1.930000000000000604e-01,0.000000000000000000e+00,7.026177429248148254e-01
-1.919999999999999485e-01,0.000000000000000000e+00,7.037971262555741125e-01
-1.910000000000000586e-01,0.000000000000000000e+00,7.049794815721888153e-01
-1.899999999999999467e-01,0.000000000000000000e+00,7.061648188687239536e-01
-1.890000000000000568e-01,0.000000000000000000e+00,7.073531481812888044e-01
-1.879999999999999449e-01,0.000000000000000000e+00,7.085444795882506197e-01
-1.870000000000000551e-01,0.000000000000000000e+00,7.097388232104466788e-01
-1.859999999999999432e-01,0.000000000000000000e+00,7.109361892114011150e-01
-1.850000000000000533e-01,0.000000000000000000e+00,7.121365877975395220e-01
-1.839999999999999414e-01,0.000000000000000000e+00,7.133400292184076674e-01
-1.830000000000000515e-01,0.000000000000000000e+00,7.145465237668890968e-01
-1.819999999999999396e-01,0.000000000000000000e+00,7.157560817794269559e-01
-1.810000000000000497e-01,0.000000000000000000e+00,7.169687136362430380e-01
-1.799999999999999378e-01,0.000000000000000000e+00,7.181844297615628259e-01
-1.790000000000000480e-01,0.000000000000000000e+00,7.194032406238376476e-01
-1.779999999999999361e-01,0.000000000000000000e+00,7.206251567359716059e-01
-1.770000000000000462e-01,0.000000000000000000e+00,7.218501886555468428e-01
-1.759999999999999343e-01,0.000000000000000000e+00,7.230783469850526890e-01
-1.750000000000000444e-01,0.000000000000000000e+00,7.243096423721139265e-01
-1.739999999999999325e-01,0.000000000000000000e+00,7.255440855097238240e-01
-1.730000000000000426e-01,0.000000000000000000e+00,7.267816871364728426e-01
-1.719999999999999307e-01,0.000000000000000000e+00,7.280224580367855580e-01
-1.710000000000000409e-01,0.000000000000000000e+00,7.292664090411531408e-01
-1.699999999999999289e-01,0.000000000000000000e+00,7.305135510263716103e-01
-1.690000000000000391e-01,0.000000000000000000e+00,7.317638949157775352e-01
-1.679999999999999272e-01,0.000000000000000000e+00,7.330174516794896178e-01
-1.670000000000000373e-01,0.000000000000000000e+00,7.342742323346468369e-01
-1.659999999999999254e-01,0.000000000000000000e+00,7.355342479456529192e-01
-1.650000000000000355e-01,0.000000000000000000e+00,7.367975096244173683e-01
-1.639999999999999236e-01,0.000000000000000000e+00,7.380640285306031556e-01
-1.630000000000000338e-01,0.000000000000000000e+00,7.393338158718704145e-01
-1.619999999999999218e-01,0.000000000000000000e+00,7.406068829041271284e-01
-1.610000000000000320e-01,0.000000000000000000e+00,7.418832409317756005e-01
-1.599999999999999201e-01,0.000000000000000000e+00,7.431629013079668056e-01
-1.590000000000000302e-01,0.000000000000000000e+00,7.444458754348493024e-01
-1.579999999999999183e-01,0.000000000000000000e+00,7.457321747638266940e-01
-1.570000000000000284e-01,0.000000000000000000e+00,7.470218107958098708e-01
-1.559999999999999165e-01,0.000000000000000000e+00,7.483147950814766913e-01
-1.550000000000000266e-01,0.000000000000000000e+00,7.496111392215287772e-01
-1.539999999999999147e-01,0.000000000000000000e+00,7.509108548669536365e-01
-1.530000000000000249e-01,0.000000000000000000e+00,7.522139537192842340e-01
-1.519999999999999130e-01,0.000000000000000000e+00,7.535204475308643346e-01
-1.510000000000000231e-01,0.000000000000000000e+00,7.548303481051115149e-01
-1.499999999999999112e-01,0.000000000000000000e+00,7.561436672967865036e-01
-1.490000000000000213e-01,0.000000000000000000e+00,7.574604170122579694e-01
-1.479999999999999094e-01,0.000000000000000000e+00,7.587806092097756361e-01
-1.470000000000000195e-01,0.000000000000000000e+00,7.601042558997391785e-01
-1.459999999999999076e-01,0.000000000000000000e+00,7.614313691449736687e-01
-1.450000000000000178e-01,0.000000000000000000e+00,7.627619610610018031e-01
-1.439999999999999059e-01,0.000000000000000000e+00,7.640960438163236779e-01
-1.430000000000000160e-01,0.000000000000000000e+00,7.654336296326913480e-01
-1.419999999999999041e-01,0.000000000000000000e+00,7.667747307853920447e-01
-1.410000000000000142e-01,0.000000000000000000e+00,7.681193596035275073e-01
-1.399999999999999023e-01,0.000000000000000000e+00,7.694675284702986451e-01
-1.390000000000000124e-01,0.000000000000000000e+00,7.708192498232897538e-01
-1.379999999999999005e-01,0.000000000000000000e+00,7.721745361547561748e-01
-1.370000000000000107e-01,0.000000000000000000e+00,7.735334000119123976e-01
-1.359999999999998987e-01,0.000000000000000000e+00,7.748958539972228277e-01
-1.350000000000000089e-01,0.000000000000000000e+00,7.762619107686933306e-01
-1.339999999999998970e-01,0.000000000000000000e+00,7.776315830401663298e-01
-1.330000000000000071e-01,0.000000000000000000e+00,7.790048835816151263e-01
-1.319999999999998952e-01,0.000000000000000000e+00,7.803818252194435479e-01
-1.310000000000000053e-01,0.000000000000000000e+00,7.817624208367828231e-01
-1.299999999999998934e-01,0.000000000000000000e+00,7.831466833737961153e-01
-1.290000000000000036e-01,0.000000000000000000e+00,7.845346258279782825e-01
-1.279999999999998916e-01,0.000000000000000000e+00,7.859262612544641868e-01
-1.270000000000000018e-01,0.000000000000000000e+00,7.873216027663331174e-01
-1.259999999999998899e-01,0.000000000000000000e+00,7.887206635349199857e-01
-1.250000000000000000e-01,0.000000000000000000e+00,7.901234567901234129e-01
-1.239999999999998881e-01,0.000000000000000000e+00,7.915299958207216990e-01
-1.229999999999999982e-01,0.000000000000000000e+00,7.929402939746845735e-01
-1.219999999999998863e-01,0.000000000000000000e+00,7.943543646594922736e-01
-1.209999999999999964e-01,0.000000000000000000e+00,7.957722213424518465e-01
-1.199999999999998845e-01,0.000000000000000000e+00,7.971938775510205577e-01
-1.189999999999999947e-01,0.000000000000000000e+00,7.986193468731256351e-01
-1.179999999999998828e-01,0.000000000000000000e+00,8.000486429574918956e-01
-1.169999999999999929e-01,0.000000000000000000e+00,8.014817795139653755e-01
-1.159999999999998810e-01,0.000000000000000000e+00,8.029187703138450649e-01
-1.149999999999999911e-01,0.000000000000000000e+00,8.043596291902109785e-01
-1.139999999999998792e-01,0.000000000000000000e+00,8.058043700382597763e-01
-1.129999999999999893e-01,0.000000000000000000e+00,8.072530068156371641e-01
-1.119999999999998774e-01,0.000000000000000000e+00,8.087055535427775110e-01
-1.109999999999999876e-01,0.000000000000000000e+00,8.101620243032403579e-01
-1.099999999999998757e-01,0.000000000000000000e+00,8.116224332440550304e-01
-1.089999999999999858e-01,0.000000000000000000e+00,8.130867945760605897e-01
-1.079999999999998739e-01,0.000000000000000000e+00,8.145551225742551082e-01
-1.069999999999999840e-01,0.000000000000000000e+00,8.160274315781399501e-01
-1.059999999999998721e-01,0.000000000000000000e+00,8.175037359920735991e-01
-1.049999999999999822e-01,0.000000000000000000e+00,8.189840502856207127e-01
-1.039999999999998703e-01,0.000000000000000000e+00,8.204683889939090591e-01
-1.029999999999999805e-01,0.000000000000000000e+00,8.219567667179841219e-01
-1.019999999999998685e-01,0.000000000000000000e+00,8.234491981251710335e-01
-1.009999999999999787e-01,0.000000000000000000e+00,8.249456979494326214e-01
-9.999999999999986677e-02,0.000000000000000000e+00,8.264462809917356712e-01
-9.899999999999997691e-02,0.000000000000000000e+00,8.279509621204156344e-01
-9.799999999999986500e-02,0.000000000000000000e+00,8.294597562715454453e-01
-9.699999999999997513e-02,0.000000000000000000e+00,8.309726784493053353e-01
-9.599999999999986322e-02,0.000000000000000000e+00,8.324897437263575339e-01
-9.499999999999997335e-02,0.000000000000000000e+00,8.340109672442193034e-01
-9.399999999999986144e-02,0.000000000000000000e+00,8.355363642136434121e-01
-9.299999999999997158e-02,0.000000000000000000e+00,8.370659499149960547e-01
-9.199999999999985967e-02,0.000000000000000000e+00,8.385997396986409891e-01
-9.099999999999996980e-02,0.000000000000000000e+00,8.401377489853236735e-01
-8.999999999999985789e-02,0.000000000000000000e+00,8.416799932665602890e-01
-8.899999999999996803e-02,0.000000000000000000e+00,8.432264881050255401e-01
-8.799999999999985612e-02,0.000000000000000000e+00,8.447772491349483381e-01
-8.699999999999996625e-02,0.000000000000000000e+00,8.463322920625033774e-01
-8.599999999999985434e-02,0.000000000000000000e+00,8.478916326662124803e-01
-8.499999999999996447e-02,0.000000000000000000e+00,8.494552867973412802e-01
-8.399999999999985256e-02,0.000000000000000000e+00,8.510232703803055632e-01
-8.299999999999996270e-02,0.000000000000000000e+00,8.525955994130732796e-01
-8.199999999999985079e-02,0.000000000000000000e+00,8.541722899675758818e-01
-8.099999999999996092e-02,0.000000000000000000e+00,8.557533581901158870e-01
-8.000000000000007105e-02,0.000000000000000000e+00,8.573388203017832110e-01
-7.899999999999995914e-02,0.000000000000000000e+00,8.589286925988692811e-01
-7.800000000000006928e-02,0.000000000000000000e+00,8.605229914532855906e-01
-7.699999999999995737e-02,0.000000000000000000e+00,8.621217333129872484e-01
-7.600000000000006750e-02,0.000000000000000000e+00,8.637249347023948642e-01
-7.499999999999995559e-02,0.000000000000000000e+00,8.653326122228232054e-01
-7.400000000000006573e-02,0.000000000000000000e+00,8.669447825529095208e-01
-7.299999999999995381e-02,0.000000000000000000e+00,8.685614624490481939e-01
-7.200000000000006395e-02,0.000000000000000000e+00,8.701826687458229515e-01
-7.099999999999995204e-02,0.000000000000000000e+00,8.718084183564493994e-01
-7.000000000000006217e-02,0.000000000000000000e+00,8.734387282732115620e-01
-6.899999999999995026e-02,0.000000000000000000e+00,8.750736155679097461e-01
-6.800000000000006040e-02,0.000000000000000000e+00,8.767130973923045190e-01
-6.699999999999994849e-02,0.000000000000000000e+00,8.783571909785691245e-01
-6.600000000000005862e-02,0.000000000000000000e+00,8.800059136397395676e-01
-6.499999999999994671e-02,0.000000000000000000e+00,8.816592827701735802e-01
-6.400000000000005684e-02,0.000000000000000000e+00,8.833173158460058128e-01
-6.299999999999994493e-02,0.000000000000000000e+00,8.849800304256135730e-01
-6.200000000000005507e-02,0.000000000000000000e+00,8.866474441500774573e-01
-6.099999999999994316e-02,0.000000000000000000e+00,8.883195747436531953e-01
-6.000000000000005329e-02,0.000000000000000000e+00,8.899964400142398313e-01
-5.899999999999994138e-02,0.000000000000000000e+00,8.916780578538557878e-01
-5.800000000000005151e-02,0.000000000000000000e+00,8.933644462391143737e-01
-5.699999999999993960e-02,0.000000000000000000e+00,8.950556232317057326e-01
-5.600000000000004974e-02,0.000000000000000000e+00,8.967516069788795674e-01
-5.499999999999993783e-02,0.000000000000000000e+00,8.984524157139328615e-01
-5.400000000000004796e-02,0.000000000000000000e+00,9.001580677566980437e-01
-5.299999999999993605e-02,0.000000000000000000e+00,9.018685815140390361e-01
-5.200000000000004619e-02,0.000000000000000000e+00,9.035839754803450807e-01
-5.099999999999993427e-02,0.000000000000000000e+00,9.053042682380335604e-01
-5.000000000000004441e-02,0.000000000000000000e+00,9.070294784580498204e-01
-4.899999999999993250e-02,0.000000000000000000e+00,9.087596249003772053e-01
-4.800000000000004263e-02,0.000000000000000000e+00,9.104947264145444308e-01
-4.699999999999993072e-02,0.000000000000000000e+00,9.122348019401411712e-01
-4.600000000000004086e-02,0.000000000000000000e+00,9.139798705073318708e-01
-4.499999999999992895e-02,0.000000000000000000e+00,9.157299512373802131e-01
-4.400000000000003908e-02,0.000000000000000000e+00,9.174850633431687053e-01
-4.299999999999992717e-02,0.000000000000000000e+00,9.192452261297295868e-01
-4.200000000000003730e-02,0.000000000000000000e+00,9.210104589947721854e-01
-4.099999999999992539e-02,0.000000000000000000e+00,9.227807814292213751e-01
-4.000000000000003553e-02,0.000000000000000000e+00,9.245562130177513716e-01
-3.899999999999992362e-02,0.000000000000000000e+00,9.263367734393311848e-01
-3.800000000000003375e-02,0.000000000000000000e+00,9.281224824677662966e-01
-3.699999999999992184e-02,0.000000000000000000e+00,9.299133599722515520e-01
-3.600000000000003197e-02,0.000000000000000000e+00,9.317094259179200533e-01
-3.499999999999992006e-02,0.000000000000000000e+00,9.335107003664030456e-01
-3.400000000000003020e-02,0.000000000000000000e+00,9.353172034763870268e-01
-3.299999999999991829e-02,0.000000000000000000e+00,9.371289555041802943e-01
-3.200000000000002842e-02,0.000000000000000000e+00,9.389459768042786036e-01
-3.099999999999991651e-02,0.000000000000000000e+00,9.407682878299393758e-01
-3.000000000000002665e-02,0.000000000000000000e+00,9.425959091337543505e-01
-2.899999999999991473e-02,0.000000000000000000e+00,9.444288613682318978e-01
-2.800000000000002487e-02,0.000000000000000000e+00,9.462671652863783311e-01
-2.699999999999991296e-02,0.000000000000000000e+00,9.481108417422865475e-01
-2.600000000000002309e-02,0.000000000000000000e+00,9.499599116917266661e-01
-2.499999999999991118e-02,0.000000000000000000e+00,9.518143961927424401e-01
-2.400000000000002132e-02,0.000000000000000000e+00,9.536743164062500000e-01
-2.299999999999990941e-02,0.000000000000000000e+00,9.555396935966420369e-01
-2.200000000000001954e-02,0.000000000000000000e+00,9.574105491323945394e-01
-2.099999999999990763e-02,0.000000000000000000e+00,9.592869044866810802e-01
-2.000000000000001776e-02,0.000000000000000000e+00,9.611687812379854368e-01
-1.899999999999990585e-02,0.000000000000000000e+00,9.630562010707259812e-01
-1.800000000000001599e-02,0.000000000000000000e+00,9.649491857758770719e-01
-1.699999999999990408e-02,0.000000000000000000e+00,9.668477572516001040e-01
-1.600000000000001421e-02,0.000000000000000000e+00,9.687519375038750047e-01
-1.499999999999990230e-02,0.000000000000000000e+00,9.706617486471404987e-01
-1.400000000000001243e-02,0.000000000000000000e+00,9.725772129049323755e-01
-1.299999999999990052e-02,0.000000000000000000e+00,9.744983526105349680e-01
-1.200000000000001066e-02,0.000000000000000000e+00,9.764251902076270806e-01
-1.099999999999989875e-02,0.000000000000000000e+00,9.783577482509411283e-01
-1.000000000000000888e-02,0.000000000000000000e+00,9.802960494069208330e-01
-8.999999999999896971e-03,0.000000000000000000e+00,9.822401164543883567e-01
-8.000000000000007105e-03,0.000000000000000000e+00,9.841899722852103238e-01
-6.999999999999895195e-03,0.000000000000000000e+00,9.861456399049752797e-01
-6.000000000000005329e-03,0.000000000000000000e+00,9.881071424336684839e-01
-4.999999999999893419e-03,0.000000000000000000e+00,9.900745031063590273e-01
-4.000000000000003553e-03,0.000000000000000000e+00,9.920477452738845070e-01
-2.999999999999891642e-03,0.000000000000000000e+00,9.940268924035473574e-01
-2.000000000000001776e-03,0.000000000000000000e+00,9.960119680798085184e-01
-9.999999999998898659e-04,0.000000000000000000e+00,9.980029960049943139e-01
0.000000000000000000e+00,1.000000000000000000e+00,1.000000000000000000e+00
9.999999999998898659e-04,1.000000000000000000e+00,9.980029960049943139e-01
2.000000000000223821e-03,1.000000000000000000e+00,9.960119680798080744e-01
3.000000000000113687e-03,1.000000000000000000e+00,9.940268924035469134e-01
4.000000000000003553e-03,1.000000000000000000e+00,9.920477452738845070e-01
4.999999999999893419e-03,1.000000000000000000e+00,9.900745031063590273e-01
6.000000000000227374e-03,1.000000000000000000e+00,9.881071424336680398e-01
7.000000000000117240e-03,1.000000000000000000e+00,9.861456399049748356e-01
8.000000000000007105e-03,1.000000000000000000e+00,9.841899722852103238e-01
8.999999999999896971e-03,1.000000000000000000e+00,9.822401164543883567e-01
1.000000000000023093e-02,1.000000000000000000e+00,9.802960494069205000e-01
1.100000000000012079e-02,1.000000000000000000e+00,9.783577482509406842e-01
1.200000000000001066e-02,1.000000000000000000e+00,9.764251902076270806e-01
1.299999999999990052e-02,1.000000000000000000e+00,9.744983526105349680e-01
1.400000000000023448e-02,1.000000000000000000e+00,9.725772129049320425e-01
1.500000000000012434e-02,1.000000000000000000e+00,9.706617486471400547e-01
1.600000000000001421e-02,1.000000000000000000e+00,9.687519375038750047e-01
1.699999999999990408e-02,1.000000000000000000e+00,9.668477572516001040e-01
1.800000000000023803e-02,1.000000000000000000e+00,9.649491857758766278e-01
1.900000000000012790e-02,1.000000000000000000e+00,9.630562010707256482e-01
2.000000000000001776e-02,1.000000000000000000e+00,9.611687812379854368e-01
2.099999999999990763e-02,1.000000000000000000e+00,9.592869044866810802e-01
2.200000000000024158e-02,1.000000000000000000e+00,9.574105491323942063e-01
2.300000000000013145e-02,1.000000000000000000e+00,9.555396935966415928e-01
2.400000000000002132e-02,1.000000000000000000e+00,9.536743164062500000e-01
2.499999999999991118e-02,1.000000000000000000e+00,9.518143961927424401e-01
2.600000000000024514e-02,1.000000000000000000e+00,9.499599116917261110e-01
2.700000000000013500e-02,1.000000000000000000e+00,9.481108417422862145e-01
2.800000000000002487e-02,1.000000000000000000e+00,9.462671652863783311e-01
2.899999999999991473e-02,1.000000000000000000e+00,9.444288613682318978e-01
3.000000000000024869e-02,1.000000000000000000e+00,9.425959091337537954e-01
3.100000000000013856e-02,1.000000000000000000e+00,9.407682878299389317e-01
3.200000000000002842e-02,1.000000000000000000e+00,9.389459768042786036e-01
3.299999999999991829e-02,1.000000000000000000e+00,9.371289555041802943e-01
3.400000000000025224e-02,1.000000000000000000e+00,9.353172034763865828e-01
3.500000000000014211e-02,1.000000000000000000e+00,9.335107003664027125e-01
3.600000000000003197e-02,1.000000000000000000e+00,9.317094259179200533e-01
3.699999999999992184e-02,1.000000000000000000e+00,9.299133599722515520e-01
3.800000000000025580e-02,1.000000000000000000e+00,9.281224824677658525e-01
3.900000000000014566e-02,1.000000000000000000e+00,9.263367734393306296e-01
4.000000000000003553e-02,1.000000000000000000e+00,9.245562130177513716e-01
4.099999999999992539e-02,1.000000000000000000e+00,9.227807814292213751e-01
4.200000000000025935e-02,1.000000000000000000e+00,9.210104589947718523e-01
4.300000000000014921e-02,1.000000000000000000e+00,9.192452261297291427e-01
4.400000000000003908e-02,1.000000000000000000e+00,9.174850633431687053e-01
4.499999999999992895e-02,1.000000000000000000e+00,9.157299512373802131e-01
4.600000000000026290e-02,1.000000000000000000e+00,9.139798705073315377e-01
4.700000000000015277e-02,1.000000000000000000e+00,9.122348019401408381e-01
4.800000000000004263e-02,1.000000000000000000e+00,9.104947264145444308e-01
4.899999999999993250e-02,1.000000000000000000e+00,9.087596249003772053e-01
4.999999999999982236e-02,1.000000000000000000e+00,9.070294784580502645e-01
5.100000000000015632e-02,1.000000000000000000e+00,9.053042682380331163e-01
5.200000000000004619e-02,1.000000000000000000e+00,9.035839754803450807e-01
5.299999999999993605e-02,1.000000000000000000e+00,9.018685815140390361e-01
5.399999999999982592e-02,1.000000000000000000e+00,9.001580677566983768e-01
5.500000000000015987e-02,1.000000000000000000e+00,8.984524157139324174e-01
5.600000000000004974e-02,1.000000000000000000e+00,8.967516069788795674e-01
5.699999999999993960e-02,1.000000000000000000e+00,8.950556232317057326e-01
5.799999999999982947e-02,1.000000000000000000e+00,8.933644462391147067e-01
5.900000000000016342e-02,1.000000000000000000e+00,8.916780578538554547e-01
6.000000000000005329e-02,1.000000000000000000e+00,8.899964400142398313e-01
6.099999999999994316e-02,1.000000000000000000e+00,8.883195747436531953e-01
6.199999999999983302e-02,1.000000000000000000e+00,8.866474441500777903e-01
6.300000000000016698e-02,1.000000000000000000e+00,8.849800304256131289e-01
6.400000000000005684e-02,1.000000000000000000e+00,8.833173158460058128e-01
6.499999999999994671e-02,1.000000000000000000e+00,8.816592827701735802e-01
6.599999999999983658e-02,1.000000000000000000e+00,8.800059136397399007e-01
6.700000000000017053e-02,1.000000000000000000e+00,8.783571909785686804e-01
6.800000000000006040e-02,1.000000000000000000e+00,8.767130973923045190e-01
6.899999999999995026e-02,1.000000000000000000e+00,8.750736155679097461e-01
6.999999999999984013e-02,1.000000000000000000e+00,8.734387282732120061e-01
7.100000000000017408e-02,1.000000000000000000e+00,8.718084183564490663e-01
7.200000000000006395e-02,1.000000000000000000e+00,8.701826687458229515e-01
7.299999999999995381e-02,1.000000000000000000e+00,8.685614624490481939e-01
7.399999999999984368e-02,1.000000000000000000e+00,8.669447825529098539e-01
7.500000000000017764e-02,1.000000000000000000e+00,8.653326122228228723e-01
7.600000000000006750e-02,1.000000000000000000e+00,8.637249347023948642e-01
7.699999999999995737e-02,1.000000000000000000e+00,8.621217333129872484e-01
7.799999999999984723e-02,1.000000000000000000e+00,8.605229914532859237e-01
7.900000000000018119e-02,1.000000000000000000e+00,8.589286925988689481e-01
8.000000000000007105e-02,1.000000000000000000e+00,8.573388203017832110e-01
8.099999999999996092e-02,1.000000000000000000e+00,8.557533581901158870e-01
8.199999999999985079e-02,1.000000000000000000e+00,8.541722899675758818e-01
8.300000000000018474e-02,1.000000000000000000e+00,8.525955994130729465e-01
8.400000000000007461e-02,1.000000000000000000e+00,8.510232703803052301e-01
8.499999999999996447e-02,1.000000000000000000e+00,8.494552867973412802e-01
8.599999999999985434e-02,1.000000000000000000e+00,8.478916326662124803e-01
8.700000000000018829e-02,1.000000000000000000e+00,8.463322920625031553e-01
8.800000000000007816e-02,1.000000000000000000e+00,8.447772491349480051e-01
8.899999999999996803e-02,1.000000000000000000e+00,8.432264881050255401e-01
8.999999999999985789e-02,1.000000000000000000e+00,8.416799932665602890e-01
9.100000000000019185e-02,1.000000000000000000e+00,8.401377489853233405e-01
9.200000000000008171e-02,1.000000000000000000e+00,8.385997396986406560e-01
9.299999999999997158e-02,1.000000000000000000e+00,8.370659499149960547e-01
9.399999999999986144e-02,1.000000000000000000e+00,8.355363642136434121e-01
9.500000000000019540e-02,1.000000000000000000e+00,8.340109672442189703e-01
9.600000000000008527e-02,1.000000000000000000e+00,8.324897437263570898e-01
9.699999999999997513e-02,1.000000000000000000e+00,8.309726784493053353e-01
9.799999999999986500e-02,1.000000000000000000e+00,8.294597562715454453e-01
9.900000000000019895e-02,1.000000000000000000e+00,8.279509621204153014e-01
1.000000000000000888e-01,1.000000000000000000e+00,8.264462809917354491e-01
1.009999999999999787e-01,1.000000000000000000e+00,8.249456979494326214e-01
1.019999999999998685e-01,1.000000000000000000e+00,8.234491981251710335e-01
1.030000000000002025e-01,1.000000000000000000e+00,8.219567667179837889e-01
1.040000000000000924e-01,1.000000000000000000e+00,8.204683889939087260e-01
1.049999999999999822e-01,1.000000000000000000e+00,8.189840502856207127e-01
1.059999999999998721e-01,1.000000000000000000e+00,8.175037359920735991e-01
1.070000000000002061e-01,1.000000000000000000e+00,8.160274315781396171e-01
1.080000000000000959e-01,1.000000000000000000e+00,8.145551225742546642e-01
1.089999999999999858e-01,1.000000000000000000e+00,8.130867945760605897e-01
1.099999999999998757e-01,1.000000000000000000e+00,8.116224332440550304e-01
1.110000000000002096e-01,1.000000000000000000e+00,8.101620243032401358e-01
1.120000000000000995e-01,1.000000000000000000e+00,8.087055535427770669e-01
1.129999999999999893e-01,1.000000000000000000e+00,8.072530068156371641e-01
1.139999999999998792e-01,1.000000000000000000e+00,8.058043700382597763e-01
1.150000000000002132e-01,1.000000000000000000e+00,8.043596291902106454e-01
1.160000000000001030e-01,1.000000000000000000e+00,8.029187703138446208e-01
1.169999999999999929e-01,1.000000000000000000e+00,8.014817795139653755e-01
1.179999999999998828e-01,1.000000000000000000e+00,8.000486429574918956e-01
1.190000000000002167e-01,1.000000000000000000e+00,7.986193468731254130e-01
1.200000000000001066e-01,1.000000000000000000e+00,7.971938775510203357e-01
1.209999999999999964e-01,1.000000000000000000e+00,7.957722213424518465e-01
1.219999999999998863e-01,1.000000000000000000e+00,7.943543646594922736e-01
1.230000000000002203e-01,1.000000000000000000e+00,7.929402939746843515e-01
1.240000000000001101e-01,1.000000000000000000e+00,7.915299958207214770e-01
1.250000000000000000e-01,1.000000000000000000e+00,7.901234567901234129e-01
1.259999999999998899e-01,1.000000000000000000e+00,7.887206635349199857e-01
1.270000000000002238e-01,1.000000000000000000e+00,7.873216027663328953e-01
1.280000000000001137e-01,1.000000000000000000e+00,7.859262612544639648e-01
1.290000000000000036e-01,1.000000000000000000e+00,7.845346258279782825e-01
1.299999999999998934e-01,1.000000000000000000e+00,7.831466833737961153e-01
1.310000000000002274e-01,1.000000000000000000e+00,7.817624208367826011e-01
1.320000000000001172e-01,1.000000000000000000e+00,7.803818252194432148e-01
1.330000000000000071e-01,1.000000000000000000e+00,7.790048835816151263e-01
1.339999999999998970e-01,1.000000000000000000e+00,7.776315830401663298e-01
1.350000000000002309e-01,1.000000000000000000e+00,7.762619107686929976e-01
1.360000000000001208e-01,1.000000000000000000e+00,7.748958539972226056e-01
1.370000000000000107e-01,1.000000000000000000e+00,7.735334000119123976e-01
1.379999999999999005e-01,1.000000000000000000e+00,7.721745361547561748e-01
1.390000000000002345e-01,1.000000000000000000e+00,7.708192498232893097e-01
1.400000000000001243e-01,1.000000000000000000e+00,7.694675284702984230e-01
1.410000000000000142e-01,1.000000000000000000e+00,7.681193596035275073e-01
1.419999999999999041e-01,1.000000000000000000e+00,7.667747307853920447e-01
1.430000000000002380e-01,1.000000000000000000e+00,7.654336296326910150e-01
1.440000000000001279e-01,1.000000000000000000e+00,7.640960438163233448e-01
1.450000000000000178e-01,1.000000000000000000e+00,7.627619610610018031e-01
1.459999999999999076e-01,1.000000000000000000e+00,7.614313691449736687e-01
1.470000000000002416e-01,1.000000000000000000e+00,7.601042558997389564e-01
1.480000000000001315e-01,1.000000000000000000e+00,7.587806092097753030e-01
1.490000000000000213e-01,1.000000000000000000e+00,7.574604170122579694e-01
1.499999999999999112e-01,1.000000000000000000e+00,7.561436672967865036e-01
1.510000000000002451e-01,1.000000000000000000e+00,7.548303481051112929e-01
1.520000000000001350e-01,1.000000000000000000e+00,7.535204475308640015e-01
1.530000000000000249e-01,1.000000000000000000e+00,7.522139537192842340e-01
1.539999999999999147e-01,1.000000000000000000e+00,7.509108548669536365e-01
1.550000000000002487e-01,1.000000000000000000e+00,7.496111392215284441e-01
1.560000000000001386e-01,1.000000000000000000e+00,7.483147950814762472e-01
1.570000000000000284e-01,1.000000000000000000e+00,7.470218107958098708e-01
1.579999999999999183e-01,1.000000000000000000e+00,7.457321747638266940e-01
1.590000000000002522e-01,1.000000000000000000e+00,7.444458754348490803e-01
1.600000000000001421e-01,1.000000000000000000e+00,7.431629013079664725e-01
1.610000000000000320e-01,1.000000000000000000e+00,7.418832409317756005e-01
1.619999999999999218e-01,1.000000000000000000e+00,7.406068829041271284e-01
1.630000000000002558e-01,1.000000000000000000e+00,7.393338158718701925e-01
1.640000000000001457e-01,1.000000000000000000e+00,7.380640285306029336e-01
1.650000000000000355e-01,1.000000000000000000e+00,7.367975096244173683e-01
1.659999999999999254e-01,1.000000000000000000e+00,7.355342479456529192e-01
1.670000000000002593e-01,1.000000000000000000e+00,7.342742323346466149e-01
1.680000000000001492e-01,1.000000000000000000e+00,7.330174516794893957e-01
1.690000000000000391e-01,1.000000000000000000e+00,7.317638949157775352e-01
1.699999999999999289e-01,1.000000000000000000e+00,7.305135510263716103e-01
1.710000000000002629e-01,1.000000000000000000e+00,7.292664090411529187e-01
1.720000000000001528e-01,1.000000000000000000e+00,7.280224580367853360e-01
1.730000000000000426e-01,1.000000000000000000e+00,7.267816871364728426e-01
1.739999999999999325e-01,1.000000000000000000e+00,7.255440855097238240e-01
1.750000000000002665e-01,1.000000000000000000e+00,7.243096423721137045e-01
1.760000000000001563e-01,1.000000000000000000e+00,7.230783469850523559e-01
1.770000000000000462e-01,1.000000000000000000e+00,7.218501886555468428e-01
1.779999999999999361e-01,1.000000000000000000e+00,7.206251567359716059e-01
1.789999999999998259e-01,1.000000000000000000e+00,7.194032406238378696e-01
1.800000000000001599e-01,1.000000000000000000e+00,7.181844297615626038e-01
1.810000000000000497e-01,1.000000000000000000e+00,7.169687136362430380e-01
1.819999999999999396e-01,1.000000000000000000e+00,7.157560817794269559e-01
1.829999999999998295e-01,1.000000000000000000e+00,7.145465237668894298e-01
1.840000000000001634e-01,1.000000000000000000e+00,7.133400292184073344e-01
1.850000000000000533e-01,1.000000000000000000e+00,7.121365877975395220e-01
1.859999999999999432e-01,1.000000000000000000e+00,7.109361892114011150e-01
1.869999999999998330e-01,1.000000000000000000e+00,7.097388232104469008e-01
1.880000000000001670e-01,1.000000000000000000e+00,7.085444795882503977e-01
1.890000000000000568e-01,1.000000000000000000e+00,7.073531481812888044e-01
1.899999999999999467e-01,1.000000000000000000e+00,7.061648188687239536e-01
1.909999999999998366e-01,1.000000000000000000e+00,7.049794815721890373e-01
1.920000000000001705e-01,1.000000000000000000e+00,7.037971262555738905e-01
1.930000000000000604e-01,1.000000000000000000e+00,7.026177429248148254e-01
1.939999999999999503e-01,1.000000000000000000e+00,7.014413216276805807e-01
1.949999999999998401e-01,1.000000000000000000e+00,7.002678524535637106e-01
1.960000000000001741e-01,1.000000000000000000e+00,6.990973255332713077e-01
1.970000000000000639e-01,1.000000000000000000e+00,6.979297310388193898e-01
1.979999999999999538e-01,1.000000000000000000e+00,6.967650591832241780e-01
1.989999999999998437e-01,1.000000000000000000e+00,6.956033002202977045e-01
2.000000000000001776e-01,1.000000000000000000e+00,6.944444444444443088e-01
2.010000000000000675e-01,1.000000000000000000e+00,6.932884821904586881e-01
2.019999999999999574e-01,1.000000000000000000e+00,6.921354038333227265e-01
2.029999999999998472e-01,1.000000000000000000e+00,6.909851997880059882e-01
2.040000000000001812e-01,1.000000000000000000e+00,6.898378605092656546e-01
2.050000000000000711e-01,1.000000000000000000e+00,6.886933764914515699e-01
2.059999999999999609e-01,1.000000000000000000e+00,6.875517382683047352e-01
2.069999999999998508e-01,1.000000000000000000e+00,6.864129364127650179e-01
2.080000000000001847e-01,1.000000000000000000e+00,6.852769615367745315e-01
2.090000000000000746e-01,1.000000000000000000e+00,6.841438042910866768e-01
2.099999999999999645e-01,1.000000000000000000e+00,6.830134553650707430e-01
2.109999999999998543e-01,1.000000000000000000e+00,6.818859054865222813e-01
2.120000000000001883e-01,1.000000000000000000e+00,6.807611454214725910e-01
2.130000000000000782e-01,1.000000000000000000e+00,6.796391659740009805e-01
2.139999999999999680e-01,1.000000000000000000e+00,6.785199579860442531e-01
2.149999999999998579e-01,1.000000000000000000e+00,6.774035123372116329e-01
2.160000000000001918e-01,1.000000000000000000e+00,6.762898199445981362e-01
2.170000000000000817e-01,1.000000000000000000e+00,6.751788717626016068e-01
2.179999999999999716e-01,1.000000000000000000e+00,6.740706587827363094e-01
2.189999999999998614e-01,1.000000000000000000e+00,6.729651720334519638e-01
2.200000000000001954e-01,1.000000000000000000e+00,6.718624025799514454e-01
2.210000000000000853e-01,1.000000000000000000e+00,6.707623415240121512e-01
2.219999999999999751e-01,1.000000000000000000e+00,6.696649800038038114e-01
2.229999999999998650e-01,1.000000000000000000e+00,6.685703091937110765e-01
2.240000000000001990e-01,1.000000000000000000e+00,6.674783203041563251e-01
2.250000000000000888e-01,1.000000000000000000e+00,6.663890045814242491e-01
2.259999999999999787e-01,1.000000000000000000e+00,6.653023533074842177e-01
2.269999999999998685e-01,1.000000000000000000e+00,6.642183577998166388e-01
2.280000000000002025e-01,1.000000000000000000e+00,6.631370094112402080e-01
2.290000000000000924e-01,1.000000000000000000e+00,6.620582995297399354e-01
2.299999999999999822e-01,1.000000000000000000e+00,6.609822195782933951e-01
2.309999999999998721e-01,1.000000000000000000e+00,6.599087610147021943e-01
2.320000000000002061e-01,1.000000000000000000e+00,6.588379153314215531e-01
2.330000000000000959e-01,1.000000000000000000e+00,6.577696740553933274e-01
2.339999999999999858e-01,1.000000000000000000e+00,6.567040287478755900e-01
2.349999999999998757e-01,1.000000000000000000e+00,6.556409710042782057e-01
2.360000000000002096e-01,1.000000000000000000e+00,6.545804924539958547e-01
2.370000000000000995e-01,1.000000000000000000e+00,6.535225847602452731e-01
2.379999999999999893e-01,1.000000000000000000e+00,6.524672396198987201e-01
2.389999999999998792e-01,1.000000000000000000e+00,6.514144487633223291e-01
2.400000000000002132e-01,1.000000000000000000e+00,6.503642039542141262e-01
2.410000000000001030e-01,1.000000000000000000e+00,6.493164969894439364e-01
2.419999999999999929e-01,1.000000000000000000e+00,6.482713196988909576e-01
2.429999999999998828e-01,1.000000000000000000e+00,6.472286639452859980e-01
2.440000000000002167e-01,1.000000000000000000e+00,6.461885216240524921e-01
2.450000000000001066e-01,1.000000000000000000e+00,6.451508846631505145e-01
2.459999999999999964e-01,1.000000000000000000e+00,6.441157450229176851e-01
2.469999999999998863e-01,1.000000000000000000e+00,6.430830946959150696e-01
2.480000000000002203e-01,1.000000000000000000e+00,6.420529257067716378e-01
2.490000000000001101e-01,1.000000000000000000e+00,6.410252301120319407e-01
2.500000000000000000e-01,1.000000000000000000e+00,6.400000000000000133e-01
2.509999999999998899e-01,1.000000000000000000e+00,6.389772274905896055e-01
2.520000000000002238e-01,1.000000000000000000e+00,6.379569047351711930e-01
2.530000000000001137e-01,1.000000000000000000e+00,6.369390239164233192e-01
2.540000000000000036e-01,1.000000000000000000e+00,6.359235772481806048e-01
2.549999999999998934e-01,1.000000000000000000e+00,6.349105569752861999e-01
2.560000000000002274e-01,1.000000000000000000e+00,6.338999553734429027e-01
2.570000000000001172e-01,1.000000000000000000e+00,6.328917647490678311e-01
2.580000000000000071e-01,1.000000000000000000e+00,6.318859774391429873e-01
2.589999999999998970e-01,1.000000000000000000e+00,6.308825858110722606e-01
2.600000000000002309e-01,1.000000000000000000e+00,6.298815822625344341e-01
2.610000000000001208e-01,1.000000000000000000e+00,6.288829592213421860e-01
2.620000000000000107e-01,1.000000000000000000e+00,6.278867091452955407e-01
2.629999999999999005e-01,1.000000000000000000e+00,6.268928245220413142e-01
2.640000000000002345e-01,1.000000000000000000e+00,6.259012978689310058e-01
2.650000000000001243e-01,1.000000000000000000e+00,6.249121217328812428e-01
2.660000000000000142e-01,1.000000000000000000e+00,6.239252886902310058e-01
2.669999999999999041e-01,1.000000000000000000e+00,6.229407913466049607e-01
2.680000000000002380e-01,1.000000000000000000e+00,6.219586223367729039e-01
2.690000000000001279e-01,1.000000000000000000e+00,6.209787743245146485e-01
2.700000000000000178e-01,1.000000000000000000e+00,6.200012400024800252e-01
2.709999999999999076e-01,1.000000000000000000e+00,6.190260120920542120e-01
2.720000000000002416e-01,1.000000000000000000e+00,6.180530833432219540e-01
2.730000000000001315e-01,1.000000000000000000e+00,6.170824465344340037e-01
2.740000000000000213e-01,1.000000000000000000e+00,6.161140944724707857e-01
2.749999999999999112e-01,1.000000000000000000e+00,6.151480199923107239e-01
2.760000000000002451e-01,1.000000000000000000e+00,6.141842159569970150e-01
2.770000000000001350e-01,1.000000000000000000e+00,6.132226752575073991e-01
2.780000000000000249e-01,1.000000000000000000e+00,6.122633908126204894e-01
2.789999999999999147e-01,1.000000000000000000e+00,6.113063555687869854e-01
2.800000000000002487e-01,1.000000000000000000e+00,6.103515624999997780e-01
2.810000000000001386e-01,1.000000000000000000e+00,6.093990046076657174e-01
2.820000000000000284e-01,1.000000000000000000e+00,6.084486749204757183e-01
2.829999999999999183e-01,1.000000000000000000e+00,6.075005664942784156e-01
2.840000000000002522e-01,1.000000000000000000e+00,6.065546724119522670e-01
2.850000000000001421e-01,1.000000000000000000e+00,6.056109857832819854e-01
2.860000000000000320e-01,1.000000000000000000e+00,6.046694997448294195e-01
2.869999999999999218e-01,1.000000000000000000e+00,6.037302074598113188e-01
2.880000000000002558e-01,1.000000000000000000e+00,6.027931021179736559e-01
2.890000000000001457e-01,1.000000000000000000e+00,6.018581769354703903e-01
2.900000000000000355e-01,1.000000000000000000e+00,6.009254251547382353e-01
2.909999999999999254e-01,1.000000000000000000e+00,5.999948400443756436e-01
2.920000000000002593e-01,1.000000000000000000e+00,5.990664148990211268e-01
2.930000000000001492e-01,1.000000000000000000e+00,5.981401430392336849e-01
2.940000000000000391e-01,1.000000000000000000e+00,5.972160178113704587e-01
2.949999999999999289e-01,1.000000000000000000e+00,5.962940325874689362e-01
2.960000000000002629e-01,1.000000000000000000e+00,5.953741807651270479e-01
2.970000000000001528e-01,1.000000000000000000e+00,5.944564557673867045e-01
2.980000000000000426e-01,1.000000000000000000e+00,5.935408510426137818e-01
2.989999999999999325e-01,1.000000000000000000e+00,5.926273600643831019e-01
3.000000000000002665e-01,1.000000000000000000e+00,5.917159763313607490e-01
3.010000000000001563e-01,1.000000000000000000e+00,5.908066933671903831e-01
3.020000000000000462e-01,1.000000000000000000e+00,5.898995047203757780e-01
3.029999999999999361e-01,1.000000000000000000e+00,5.889944039641680229e-01
3.040000000000002700e-01,1.000000000000000000e+00,5.880913846964505032e-01
3.050000000000001599e-01,1.000000000000000000e+00,5.871904405396278781e-01
3.060000000000000497e-01,1.000000000000000000e+00,5.862915651405106177e-01
3.069999999999999396e-01,1.000000000000000000e+00,5.853947521702047574e-01
3.079999999999998295e-01,1.000000000000000000e+00,5.844999953240002100e-01
3.090000000000001634e-01,1.000000000000000000e+00,5.836072883212592988e-01
3.100000000000000533e-01,1.000000000000000000e+00,5.827166249053085112e-01
3.109999999999999432e-01,1.000000000000000000e+00,5.818279988433259220e-01
3.119999999999998330e-01,1.000000000000000000e+00,5.809414039262345009e-01
3.130000000000001670e-01,1.000000000000000000e+00,5.800568339685920893e-01
3.140000000000000568e-01,1.000000000000000000e+00,5.791742828084854855e-01
3.149999999999999467e-01,1.000000000000000000e+00,5.782937443074209760e-01
3.159999999999998366e-01,1.000000000000000000e+00,5.774152123502186429e-01
3.170000000000001705e-01,1.000000000000000000e+00,5.765386808449057821e-01
3.180000000000000604e-01,1.000000000000000000e+00,5.756641437226127644e-01
3.189999999999999503e-01,1.000000000000000000e+00,5.747915949374655664e-01
3.199999999999998401e-01,1.000000000000000000e+00,5.739210284664831851e-01
3.210000000000001741e-01,1.000000000000000000e+00,5.730524383094721674e-01
3.220000000000000639e-01,1.000000000000000000e+00,5.721858184889258014e-01
3.229999999999999538e-01,1.000000000000000000e+00,5.713211630499180904e-01
3.239999999999998437e-01,1.000000000000000000e+00,5.704584660600031665e-01
3.250000000000001776e-01,1.000000000000000000e+00,5.695977216091133721e-01
3.260000000000000675e-01,1.000000000000000000e+00,5.687389238094587851e-01
3.269999999999999574e-01,1.000000000000000000e+00,5.678820667954245227e-01
3.279999999999998472e-01,1.000000000000000000e+00,5.670271447234723761e-01
3.290000000000001812e-01,1.000000000000000000e+00,5.661741517720400019e-01
3.300000000000000711e-01,1.000000000000000000e+00,5.653230821414437779e-01
3.309999999999999609e-01,1.000000000000000000e+00,5.644739300537774396e-01
3.319999999999998508e-01,1.000000000000000000e+00,5.636266897528160458e-01
3.330000000000001847e-01,1.000000000000000000e+00,5.627813555039171689e-01
3.340000000000000746e-01,1.000000000000000000e+00,5.619379215939256378e-01
3.349999999999999645e-01,1.000000000000000000e+00,5.610963823310749499e-01
3.359999999999998543e-01,1.000000000000000000e+00,5.602567320448923471e-01
3.370000000000001883e-01,1.000000000000000000e+00,5.594189650861028928e-01
3.380000000000000782e-01,1.000000000000000000e+00,5.585830758265353246e-01
3.389999999999999680e-01,1.000000000000000000e+00,5.577490586590262422e-01
3.399999999999998579e-01,1.000000000000000000e+00,5.569169079973269598e-01
3.410000000000001918e-01,1.000000000000000000e+00,5.560866182760090259e-01
3.420000000000000817e-01,1.000000000000000000e+00,5.552581839503731853e-01
3.429999999999999716e-01,1.000000000000000000e+00,5.544315994963543437e-01
3.439999999999998614e-01,1.000000000000000000e+00,5.536068594104309737e-01
3.450000000000001954e-01,1.000000000000000000e+00,5.527839582095326332e-01
3.460000000000000853e-01,1.000000000000000000e+00,5.519628904309504813e-01
3.469999999999999751e-01,1.000000000000000000e+00,5.511436506322444639e-01
3.479999999999998650e-01,1.000000000000000000e+00,5.503262333911543847e-01
3.490000000000001990e-01,1.000000000000000000e+00,5.495106333055096437e-01
3.500000000000000888e-01,1.000000000000000000e+00,5.486968449931411973e-01
3.509999999999999787e-01,1.000000000000000000e+00,5.478848630917910745e-01
3.519999999999998685e-01,1.000000000000000000e+00,5.470746822590246694e-01
3.530000000000002025e-01,1.000000000000000000e+00,5.462662971721430338e-01
3.540000000000000924e-01,1.000000000000000000e+00,5.454597025280966127e-01
3.549999999999999822e-01,1.000000000000000000e+00,5.446548930433954272e-01
3.559999999999998721e-01,1.000000000000000000e+00,5.438518634540250307e-01
3.570000000000002061e-01,1.000000000000000000e+00,5.430506085153592455e-01
3.580000000000000959e-01,1.000000000000000000e+00,5.422511230020756745e-01
3.589999999999999858e-01,1.000000000000000000e+00,5.414534017080688821e-01
3.599999999999998757e-01,1.000000000000000000e+00,5.406574394463669053e-01
3.610000000000002096e-01,1.000000000000000000e+00,5.398632310490458774e-01
3.620000000000000995e-01,1.000000000000000000e+00,5.390707713671480938e-01
3.629999999999999893e-01,1.000000000000000000e+00,5.382800552705960806e-01
3.639999999999998792e-01,1.000000000000000000e+00,5.374910776481111041e-01
3.650000000000002132e-01,1.000000000000000000e+00,5.367038334071299044e-01
3.660000000000001030e-01,1.000000000000000000e+00,5.359183174737237598e-01
3.669999999999999929e-01,1.000000000000000000e+00,5.351345247925149984e-01
3.679999999999998828e-01,1.000000000000000000e+00,5.343524503265962844e-01
3.690000000000002167e-01,1.000000000000000000e+00,5.335720890574500164e-01
3.700000000000001066e-01,1.000000000000000000e+00,5.327934359848686130e-01
3.709999999999999964e-01,1.000000000000000000e+00,5.320164861268721346e-01
3.719999999999998863e-01,1.000000000000000000e+00,5.312412345196305674e-01
3.730000000000002203e-01,1.000000000000000000e+00,5.304676762173834437e-01
3.740000000000001101e-01,1.000000000000000000e+00,5.296958062923623478e-01
3.750000000000000000e-01,1.000000000000000000e+00,5.289256198347107585e-01
3.759999999999998899e-01,1.000000000000000000e+00,5.281571119524067770e-01
3.770000000000002238e-01,1.000000000000000000e+00,5.273902777711851897e-01
3.780000000000001137e-01,1.000000000000000000e+00,5.266251124344614176e-01
3.790000000000000036e-01,1.000000000000000000e+00,5.258616111032524687e-01
3.799999999999998934e-01,1.000000000000000000e+00,5.250997689561017756e-01
3.810000000000002274e-01,1.000000000000000000e+00,5.243395811890028124e-01
3.820000000000001172e-01,1.000000000000000000e+00,5.235810430153240436e-01
3.830000000000000071e-01,1.000000000000000000e+00,5.228241496657323184e-01
3.839999999999998970e-01,1.000000000000000000e+00,5.220688963881185973e-01
3.850000000000002309e-01,1.000000000000000000e+00,5.213152784475229007e-01
3.860000000000001208e-01,1.000000000000000000e+00,5.205632911260615892e-01
3.870000000000000107e-01,1.000000000000000000e+00,5.198129297228513135e-01
3.879999999999999005e-01,1.000000000000000000e+00,5.190641895539370720e-01
3.890000000000002345e-01,1.000000000000000000e+00,5.183170659522182699e-01
3.900000000000001243e-01,1.000000000000000000e+00,5.175715542673773317e-01
3.910000000000000142e-01,1.000000000000000000e+00,5.168276498658056495e-01
3.919999999999999041e-01,1.000000000000000000e+00,5.160853481305325285e-01
3.930000000000002380e-01,1.000000000000000000e+00,5.153446444611529120e-01
3.940000000000001279e-01,1.000000000000000000e+00,5.146055342737576588e-01
3.950000000000000178e-01,1.000000000000000000e+00,5.138680130008607128e-01
3.959999999999999076e-01,1.000000000000000000e+00,5.131320760913293810e-01
3.970000000000002416e-01,1.000000000000000000e+00,5.123977190103139456e-01
3.980000000000001315e-01,1.000000000000000000e+00,5.116649372391787187e-01
3.990000000000000213e-01,1.000000000000000000e+00,5.109337262754310993e-01
3.999999999999999112e-01,1.000000000000000000e+00,5.102040816326531836e-01
4.010000000000002451e-01,1.000000000000000000e+00,5.094759988404324869e-01
4.020000000000001350e-01,1.000000000000000000e+00,5.087494734442948863e-01
4.030000000000000249e-01,1.000000000000000000e+00,5.080245010056344546e-01
4.039999999999999147e-01,1.000000000000000000e+00,5.073010771016469578e-01
4.050000000000002487e-01,1.000000000000000000e+00,5.065791973252615765e-01
4.060000000000001386e-01,1.000000000000000000e+00,5.058588572850756249e-01
4.070000000000000284e-01,1.000000000000000000e+00,5.051400526052850504e-01
4.079999999999999183e-01,1.000000000000000000e+00,5.044227789256199301e-01
4.090000000000002522e-01,1.000000000000000000e+00,5.037070319012773023e-01
4.100000000000001421e-01,1.000000000000000000e+00,5.029928072028568842e-01
4.110000000000000320e-01,1.000000000000000000e+00,5.022801005162936816e-01
4.119999999999999218e-01,1.000000000000000000e+00,5.015689075427939292e-01
4.130000000000002558e-01,1.000000000000000000e+00,5.008592239987696981e-01
4.140000000000001457e-01,1.000000000000000000e+00,5.001510456157758355e-01
4.150000000000000355e-01,1.000000000000000000e+00,4.994443681404437396e-01
4.159999999999999254e-01,1.000000000000000000e+00,4.987391873344186322e-01
4.170000000000002593e-01,1.000000000000000000e+00,4.980354989742956651e-01
4.180000000000001492e-01,1.000000000000000000e+00,4.973332988515578035e-01
4.190000000000000391e-01,1.000000000000000000e+00,4.966325827725109332e-01
4.199999999999999289e-01,1.000000000000000000e+00,4.959333465582225764e-01
4.210000000000002629e-01,1.000000000000000000e+00,4.952355860444590530e-01
4.220000000000001528e-01,1.000000000000000000e+00,4.945392970816245848e-01
4.230000000000000426e-01,1.000000000000000000e+00,4.938444755346977355e-01
4.239999999999999325e-01,1.000000000000000000e+00,4.931511172831713474e-01
4.250000000000002665e-01,1.000000000000000000e+00,4.924592182209909241e-01
4.260000000000001563e-01,1.000000000000000000e+00,4.917687742564947340e-01
4.270000000000000462e-01,1.000000000000000000e+00,4.910797813123516931e-01
4.279999999999999361e-01,1.000000000000000000e+00,4.903922353255028566e-01
4.290000000000002700e-01,1.000000000000000000e+00,4.897061322470996902e-01
4.300000000000001599e-01,1.000000000000000000e+00,4.890214680424468940e-01
4.310000000000000497e-01,1.000000000000000000e+00,4.883382386909410067e-01
4.319999999999999396e-01,1.000000000000000000e+00,4.876564401860116749e-01
4.329999999999998295e-01,1.000000000000000000e+00,4.869760685350640883e-01
4.340000000000001634e-01,1.000000000000000000e+00,4.862971197594189721e-01
4.350000000000000533e-01,1.000000000000000000e+00,4.856195898942562983e-01
4.359999999999999432e-01,1.000000000000000000e+00,4.849434749885553342e-01
4.369999999999998330e-01,1.000000000000000000e+00,4.842687711050384647e-01
4.380000000000001670e-01,1.000000000000000000e+00,4.835954743201130168e-01
4.390000000000000568e-01,1.000000000000000000e+00,4.829235807238154710e-01
4.399999999999999467e-01,1.000000000000000000e+00,4.822530864197531186e-01
4.409999999999998366e-01,1.000000000000000000e+00,4.815839875250485513e-01
4.420000000000001705e-01,1.000000000000000000e+00,4.809162801702827617e-01
4.430000000000000604e-01,1.000000000000000000e+00,4.802499604994407423e-01
4.439999999999999503e-01,1.000000000000000000e+00,4.795850246698536989e-01
4.449999999999998401e-01,1.000000000000000000e+00,4.789214688521450936e-01
4.460000000000001741e-01,1.000000000000000000e+00,4.782592892301746335e-01
4.470000000000000639e-01,1.000000000000000000e+00,4.775984820009847587e-01
4.479999999999999538e-01,1.000000000000000000e+00,4.769390433747444091e-01
4.489999999999998437e-01,1.000000000000000000e+00,4.762809695746955119e-01
4.500000000000001776e-01,1.000000000000000000e+00,4.756242568370985802e-01
4.510000000000000675e-01,1.000000000000000000e+00,4.749689014111800889e-01
4.519999999999999574e-01,1.000000000000000000e+00,4.743148995590768524e-01
4.529999999999998472e-01,1.000000000000000000e+00,4.736622475557844547e-01
4.540000000000001812e-01,1.000000000000000000e+00,4.730109416891030150e-01
4.550000000000000711e-01,1.000000000000000000e+00,4.723609782595858952e-01
4.559999999999999609e-01,1.000000000000000000e+00,4.717123535804854662e-01
4.569999999999998508e-01,1.000000000000000000e+00,4.710650639777017590e-01
4.580000000000001847e-01,1.000000000000000000e+00,4.704191057897300632e-01
4.590000000000000746e-01,1.000000000000000000e+00,4.697744753676101892e-01
4.599999999999999645e-01,1.000000000000000000e+00,4.691311690748733998e-01
4.609999999999998543e-01,1.000000000000000000e+00,4.684891832874917839e-01
4.620000000000001883e-01,1.000000000000000000e+00,4.678485143938272972e-01
4.630000000000000782e-01,1.000000000000000000e+00,4.672091587945816360e-01
4.639999999999999680e-01,1.000000000000000000e+00,4.665711129027442228e-01
4.649999999999998579e-01,1.000000000000000000e+00,4.659343731435428571e-01
4.660000000000001918e-01,1.000000000000000000e+00,4.652989359543931447e-01
4.670000000000000817e-01,1.000000000000000000e+00,4.646647977848499256e-01
4.679999999999999716e-01,1.000000000000000000e+00,4.640319550965557593e-01
4.689999999999998614e-01,1.000000000000000000e+00,4.634004043631929082e-01
4.700000000000001954e-01,1.000000000000000000e+00,4.627701420704334878e-01
4.710000000000000853e-01,1.000000000000000000e+00,4.621411647158917835e-01
4.719999999999999751e-01,1.000000000000000000e+00,4.615134688090737347e-01
4.729999999999998650e-01,1.000000000000000000e+00,4.608870508713300840e-01
4.740000000000001990e-01,1.000000000000000000e+00,4.602619074358071938e-01
4.750000000000000888e-01,1.000000000000000000e+00,4.596380350474001397e-01
4.759999999999999787e-01,1.000000000000000000e+00,4.590154302627036942e-01
4.769999999999998685e-01,1.000000000000000000e+00,4.583940896499657525e-01
4.780000000000002025e-01,1.000000000000000000e+00,4.577740097890392601e-01
4.790000000000000924e-01,1.000000000000000000e+00,4.571551872713366382e-01
4.799999999999999822e-01,1.000000000000000000e+00,4.565376186997808783e-01
4.809999999999998721e-01,1.000000000000000000e+00,4.559213006887604114e-01
4.820000000000002061e-01,1.000000000000000000e+00,4.553062298640818684e-01
4.830000000000000959e-01,1.000000000000000000e+00,4.546924028629251713e-01
4.839999999999999858e-01,1.000000000000000000e+00,4.540798163337959603e-01
4.849999999999998757e-01,1.000000000000000000e+00,4.534684669364805187e-01
4.860000000000002096e-01,1.000000000000000000e+00,4.528583513420003648e-01
4.870000000000000995e-01,1.000000000000000000e+00,4.522494662325673986e-01
4.879999999999999893e-01,1.000000000000000000e+00,4.516418083015377172e-01
4.889999999999998792e-01,1.000000000000000000e+00,4.510353742533673715e-01
4.900000000000002132e-01,1.000000000000000000e+00,4.504301608035672366e-01
4.910000000000001030e-01,1.000000000000000000e+00,4.498261646786598233e-01
4.919999999999999929e-01,1.000000000000000000e+00,4.492233826161332044e-01
4.929999999999998828e-01,1.000000000000000000e+00,4.486218113643980487e-01
4.940000000000002167e-01,1.000000000000000000e+00,4.480214476827433234e-01
4.950000000000001066e-01,1.000000000000000000e+00,4.474222883412936613e-01
4.959999999999999964e-01,1.000000000000000000e+00,4.468243301209642859e-01
4.969999999999998863e-01,1.000000000000000000e+00,4.462275698134189339e-01
4.980000000000002203e-01,1.000000000000000000e+00,4.456320042210261678e-01
4.990000000000001101e-01,1.000000000000000000e+00,4.450376301568177984e-01
5.000000000000000000e-01,1.000000000000000000e+00,4.444444444444444198e-01
5.009999999999998899e-01,1.000000000000000000e+00,4.438524439181341097e-01
5.020000000000002238e-01,1.000000000000000000e+00,4.432616254226497965e-01
5.030000000000001137e-01,1.000000000000000000e+00,4.426719858132481256e-01
5.040000000000000036e-01,1.000000000000000000e+00,4.420835219556360496e-01
5.049999999999998934e-01,1.000000000000000000e+00,4.414962307259302499e-01
5.060000000000002274e-01,1.000000000000000000e+00,4.409101090106151699e-01
5.070000000000001172e-01,1.000000000000000000e+00,4.403251537065029364e-01
5.080000000000000071e-01,1.000000000000000000e+00,4.397413617206903380e-01
5.089999999999998970e-01,1.000000000000000000e+00,4.391587299705193015e-01
5.100000000000002309e-01,1.000000000000000000e+00,4.385772553835356469e-01
5.110000000000001208e-01,1.000000000000000000e+00,4.379969348974495080e-01
5.120000000000000107e-01,1.000000000000000000e+00,4.374177654600934773e-01
5.129999999999999005e-01,1.000000000000000000e+00,4.368397440293836365e-01
5.140000000000002345e-01,1.000000000000000000e+00,4.362628675732789785e-01
5.150000000000001243e-01,1.000000000000000000e+00,4.356871330697425493e-01
5.160000000000000142e-01,1.000000000000000000e+00,4.351125375067007583e-01
5.169999999999999041e-01,1.000000000000000000e+00,4.345390778820044653e-01
5.180000000000002380e-01,1.000000000000000000e+00,4.339667512033896779e-01
5.190000000000001279e-01,1.000000000000000000e+00,4.333955544884393607e-01
5.200000000000000178e-01,1.000000000000000000e+00,4.328254847645429115e-01
5.209999999999999076e-01,1.000000000000000000e+00,4.322565390688589693e-01
5.220000000000002416e-01,1.000000000000000000e+00,4.316887144482757788e-01
5.230000000000001315e-01,1.000000000000000000e+00,4.311220079593743870e-01
5.240000000000000213e-01,1.000000000000000000e+00,4.305564166683888416e-01
5.249999999999999112e-01,1.000000000000000000e+00,4.299919376511691094e-01
5.260000000000002451e-01,1.000000000000000000e+00,4.294285679931427735e-01
5.270000000000001350e-01,1.000000000000000000e+00,4.288663047892785629e-01
5.280000000000000249e-01,1.000000000000000000e+00,4.283051451440476054e-01
5.289999999999999147e-01,1.000000000000000000e+00,4.277450861713864017e-01
5.300000000000002487e-01,1.000000000000000000e+00,4.271861249946600214e-01
5.310000000000001386e-01,1.000000000000000000e+00,4.266282587466257992e-01
5.320000000000000284e-01,1.000000000000000000e+00,4.260714845693950870e-01
5.329999999999999183e-01,1.000000000000000000e+00,4.255157996143976717e-01
5.340000000000002522e-01,1.000000000000000000e+00,4.249612010423446939e-01
5.350000000000001421e-01,1.000000000000000000e+00,4.244076860231938420e-01
5.360000000000000320e-01,1.000000000000000000e+00,4.238552517361111049e-01
5.369999999999999218e-01,1.000000000000000000e+00,4.233038953694364115e-01
5.380000000000002558e-01,1.000000000000000000e+00,4.227536141206469367e-01
5.390000000000001457e-01,1.000000000000000000e+00,4.222044051963229072e-01
5.400000000000000355e-01,1.000000000000000000e+00,4.216562658121099649e-01
5.409999999999999254e-01,1.000000000000000000e+00,4.211091931926856935e-01
5.420000000000002593e-01,1.000000000000000000e+00,4.205631845717235362e-01
5.430000000000001492e-01,1.000000000000000000e+00,4.200182371918587676e-01
5.440000000000000391e-01,1.000000000000000000e+00,4.194743483046524113e-01
5.449999999999999289e-01,1.000000000000000000e+00,4.189315151705574891e-01
5.460000000000002629e-01,1.000000000000000000e+00,4.183897350588840491e-01
5.470000000000001528e-01,1.000000000000000000e+00,4.178490052477655814e-01
5.480000000000000426e-01,1.000000000000000000e+00,4.173093230241237683e-01
5.489999999999999325e-01,1.000000000000000000e+00,4.167706856836352891e-01
5.500000000000002665e-01,1.000000000000000000e+00,4.162330905306970696e-01
5.510000000000001563e-01,1.000000000000000000e+00,4.156965348783941416e-01
5.520000000000000462e-01,1.000000000000000000e+00,4.151610160484642265e-01
5.529999999999999361e-01,1.000000000000000000e+00,4.146265313712653167e-01
5.540000000000002700e-01,1.000000000000000000e+00,4.140930781857421472e-01
5.550000000000001599e-01,1.000000000000000000e+00,4.135606538393936105e-01
5.560000000000000497e-01,1.000000000000000000e+00,4.130292556882388944e-01
5.569999999999999396e-01,1.000000000000000000e+00,4.124988810967850639e-01
5.580000000000002736e-01,1.000000000000000000e+00,4.119695274379943650e-01
5.590000000000001634e-01,1.000000000000000000e+00,4.114411920932522504e-01
5.600000000000000533e-01,1.000000000000000000e+00,4.109138724523339614e-01
5.609999999999999432e-01,1.000000000000000000e+00,4.103875659133729425e-01
5.619999999999998330e-01,1.000000000000000000e+00,4.098622698828286448e-01
5.630000000000001670e-01,1.000000000000000000e+00,4.093379817754542738e-01
5.640000000000000568e-01,1.000000000000000000e+00,4.088146990142659254e-01
5.649999999999999467e-01,1.000000000000000000e+00,4.082924190305096679e-01
5.659999999999998366e-01,1.000000000000000000e+00,4.077711392636306220e-01
5.670000000000001705e-01,1.000000000000000000e+00,4.072508571612415418e-01
5.680000000000000604e-01,1.000000000000000000e+00,4.067315701790920057e-01
5.689999999999999503e-01,1.000000000000000000e+00,4.062132757810364980e-01
5.699999999999998401e-01,1.000000000000000000e+00,4.056959714390036553e-01
5.710000000000001741e-01,1.000000000000000000e+00,4.051796546329659021e-01
5.720000000000000639e-01,1.000000000000000000e+00,4.046643228509086976e-01
5.729999999999999538e-01,1.000000000000000000e+00,4.041499735887992273e-01
5.739999999999998437e-01,1.000000000000000000e+00,4.036366043505568713e-01
5.750000000000001776e-01,1.000000000000000000e+00,4.031242126480220622e-01
5.760000000000000675e-01,1.000000000000000000e+00,4.026127960009275863e-01
5.769999999999999574e-01,1.000000000000000000e+00,4.021023519368667198e-01
5.779999999999998472e-01,1.000000000000000000e+00,4.015928779912646407e-01
5.790000000000001812e-01,1.000000000000000000e+00,4.010843717073478976e-01
5.800000000000000711e-01,1.000000000000000000e+00,4.005768306361159325e-01
5.809999999999999609e-01,1.000000000000000000e+00,4.000702523363102725e-01
5.819999999999998508e-01,1.000000000000000000e+00,3.995646343743857187e-01
5.830000000000001847e-01,1.000000000000000000e+00,3.990599743244811481e-01
5.840000000000000746e-01,1.000000000000000000e+00,3.985562697683909250e-01
5.849999999999999645e-01,1.000000000000000000e+00,3.980535182955348694e-01
5.859999999999998543e-01,1.000000000000000000e+00,3.975517175029300576e-01
5.870000000000001883e-01,1.000000000000000000e+00,3.970508649951618452e-01
5.880000000000000782e-01,1.000000000000000000e+00,3.965509583843561670e-01
5.889999999999999680e-01,1.000000000000000000e+00,3.960519952901496721e-01
5.899999999999998579e-01,1.000000000000000000e+00,3.955539733396623014e-01
5.910000000000001918e-01,1.000000000000000000e+00,3.950568901674684219e-01
5.920000000000000817e-01,1.000000000000000000e+00,3.945607434155702919e-01
5.929999999999999716e-01,1.000000000000000000e+00,3.940655307333677526e-01
5.939999999999998614e-01,1.000000000000000000e+00,3.935712497776323038e-01
5.950000000000001954e-01,1.000000000000000000e+00,3.930778982124781828e-01
5.960000000000000853e-01,1.000000000000000000e+00,3.925854737093359970e-01
5.969999999999999751e-01,1.000000000000000000e+00,3.920939739469238572e-01
5.979999999999998650e-01,1.000000000000000000e+00,3.916033966112208997e-01
5.990000000000001990e-01,1.000000000000000000e+00,3.911137393954397523e-01
6.000000000000000888e-01,1.000000000000000000e+00,3.906249999999999445e-01
6.009999999999999787e-01,1.000000000000000000e+00,3.901371761324999854e-01
6.019999999999998685e-01,1.000000000000000000e+00,3.896502655076909960e-01
6.030000000000002025e-01,1.000000000000000000e+00,3.891642658474498417e-01
6.040000000000000924e-01,1.000000000000000000e+00,3.886791748807531532e-01
6.049999999999999822e-01,1.000000000000000000e+00,3.881949903436496263e-01
6.059999999999998721e-01,1.000000000000000000e+00,3.877117099792342647e-01
6.070000000000002061e-01,1.000000000000000000e+00,3.872293315376217349e-01
6.080000000000000959e-01,1.000000000000000000e+00,3.867478527759213303e-01
6.089999999999999858e-01,1.000000000000000000e+00,3.862672714582092159e-01
6.099999999999998757e-01,1.000000000000000000e+00,3.857875853555033374e-01
6.110000000000002096e-01,1.000000000000000000e+00,3.853087922457374970e-01
6.120000000000000995e-01,1.000000000000000000e+00,3.848308899137362626e-01
6.129999999999999893e-01,1.000000000000000000e+00,3.843538761511878787e-01
6.139999999999998792e-01,1.000000000000000000e+00,3.838777487566200630e-01
6.150000000000002132e-01,1.000000000000000000e+00,3.834025055353735278e-01
6.160000000000001030e-01,1.000000000000000000e+00,3.829281442995783880e-01
6.169999999999999929e-01,1.000000000000000000e+00,3.824546628681269600e-01
6.179999999999998828e-01,1.000000000000000000e+00,3.819820590666498372e-01
6.190000000000002167e-01,1.000000000000000000e+00,3.815103307274905209e-01
6.200000000000001066e-01,1.000000000000000000e+00,3.810394756896813839e-01
6.209999999999999964e-01,1.000000000000000000e+00,3.805694917989177473e-01
6.219999999999998863e-01,1.000000000000000000e+00,3.801003769075337879e-01
6.230000000000002203e-01,1.000000000000000000e+00,3.796321288744779476e-01
6.240000000000001101e-01,1.000000000000000000e+00,3.791647455652891185e-01
6.250000000000000000e-01,1.000000000000000000e+00,3.786982248520709970e-01
6.259999999999998899e-01,1.000000000000000000e+00,3.782325646134690467e-01
6.270000000000002238e-01,1.000000000000000000e+00,3.777677627346456291e-01
6.280000000000001137e-01,1.000000000000000000e+00,3.773038171072568558e-01
6.290000000000000036e-01,1.000000000000000000e+00,3.768407256294276642e-01
6.299999999999998934e-01,1.000000000000000000e+00,3.763784862057285019e-01
6.310000000000002274e-01,1.000000000000000000e+00,3.759170967471516245e-01
6.320000000000001172e-01,1.000000000000000000e+00,3.754565551710880023e-01
6.330000000000000071e-01,1.000000000000000000e+00,3.749968594013025069e-01
6.339999999999998970e-01,1.000000000000000000e+00,3.745380073679117627e-01
6.350000000000002309e-01,1.000000000000000000e+00,3.740799970073598879e-01
6.360000000000001208e-01,1.000000000000000000e+00,3.736228262623967900e-01
6.370000000000000107e-01,1.000000000000000000e+00,3.731664930820529635e-01
6.379999999999999005e-01,1.000000000000000000e+00,3.727109954216181742e-01
6.390000000000002345e-01,1.000000000000000000e+00,3.722563312426175886e-01
6.400000000000001243e-01,1.000000000000000000e+00,3.718024985127899584e-01
6.410000000000000142e-01,1.000000000000000000e+00,3.713494952060636956e-01
6.419999999999999041e-01,1.000000000000000000e+00,3.708973193025350557e-01
6.430000000000002380e-01,1.000000000000000000e+00,3.704459687884452124e-01
6.440000000000001279e-01,1.000000000000000000e+00,3.699954416561587744e-01
6.450000000000000178e-01,1.000000000000000000e+00,3.695457359041398604e-01
6.459999999999999076e-01,1.000000000000000000e+00,3.690968495369311153e-01
6.470000000000002416e-01,1.000000000000000000e+00,3.686487805651310623e-01
6.480000000000001315e-01,1.000000000000000000e+00,3.682015270053727307e-01
6.490000000000000213e-01,1.000000000000000000e+00,3.677550868803005080e-01
6.499999999999999112e-01,1.000000000000000000e+00,3.673094582185491563e-01
6.510000000000002451e-01,1.000000000000000000e+00,3.668646390547217750e-01
6.520000000000001350e-01,1.000000000000000000e+00,3.664206274293687060e-01
6.530000000000000249e-01,1.000000000000000000e+00,3.659774213889648298e-01
6.539999999999999147e-01,1.000000000000000000e+00,3.655350189858889154e-01
6.550000000000002487e-01,1.000000000000000000e+00,3.650934182784019155e-01
6.560000000000001386e-01,1.000000000000000000e+00,3.646526173306260943e-01
6.570000000000000284e-01,1.000000000000000000e+00,3.642126142125231558e-01
6.579999999999999183e-01,1.000000000000000000e+00,3.637734069998734832e-01
6.590000000000002522e-01,1.000000000000000000e+00,3.633349937742547664e-01
6.600000000000001421e-01,1.000000000000000000e+00,3.628973726230221852e-01
6.610000000000000320e-01,1.000000000000000000e+00,3.624605416392858159e-01
6.619999999999999218e-01,1.000000000000000000e+00,3.620244989218910359e-01
6.630000000000002558e-01,1.000000000000000000e+00,3.615892425753975403e-01
6.640000000000001457e-01,1.000000000000000000e+00,3.611547707100590809e-01
6.650000000000000355e-01,1.000000000000000000e+00,3.607210814418021494e-01
6.659999999999999254e-01,1.000000000000000000e+00,3.602881728922061044e-01
6.670000000000002593e-01,1.000000000000000000e+00,3.598560431884827993e-01
6.680000000000001492e-01,1.000000000000000000e+00,3.594246904634564865e-01
6.690000000000000391e-01,1.000000000000000000e+00,3.589941128555432792e-01
6.699999999999999289e-01,1.000000000000000000e+00,3.585643085087310555e-01
6.710000000000002629e-01,1.000000000000000000e+00,3.581352755725596970e-01
6.720000000000001528e-01,1.000000000000000000e+00,3.577070122021015486e-01
6.730000000000000426e-01,1.000000000000000000e+00,3.572795165579405463e-01
6.739999999999999325e-01,1.000000000000000000e+00,3.568527868061532882e-01
6.750000000000002665e-01,1.000000000000000000e+00,3.564268211182890500e-01
6.760000000000001563e-01,1.000000000000000000e+00,3.560016176713506342e-01
6.770000000000000462e-01,1.000000000000000000e+00,3.555771746477741080e-01
6.779999999999999361e-01,1.000000000000000000e+00,3.551534902354099854e-01
6.790000000000002700e-01,1.000000000000000000e+00,3.547305626275033541e-01
6.800000000000001599e-01,1.000000000000000000e+00,3.543083900226756677e-01
6.810000000000000497e-01,1.000000000000000000e+00,3.538869706249042069e-01
6.819999999999999396e-01,1.000000000000000000e+00,3.534663026435038158e-01
6.830000000000002736e-01,1.000000000000000000e+00,3.530463842931074736e-01
6.840000000000001634e-01,1.000000000000000000e+00,3.526272137936481421e-01
6.850000000000000533e-01,1.000000000000000000e+00,3.522087893703386707e-01
6.859999999999999432e-01,1.000000000000000000e+00,3.517911092536540885e-01
6.870000000000002771e-01,1.000000000000000000e+00,3.513741716793118974e-01
6.880000000000001670e-01,1.000000000000000000e+00,3.509579748882548644e-01
6.890000000000000568e-01,1.000000000000000000e+00,3.505425171266309814e-01
6.899999999999999467e-01,1.000000000000000000e+00,3.501277966457757573e-01
6.909999999999998366e-01,1.000000000000000000e+00,3.497138117021936221e-01
6.920000000000001705e-01,1.000000000000000000e+00,3.493005605575394967e-01
6.930000000000000604e-01,1.000000000000000000e+00,3.488880414786014184e-01
6.939999999999999503e-01,1.000000000000000000e+00,3.484762527372810004e-01
6.949999999999998401e-01,1.000000000000000000e+00,3.480651926105760574e-01
6.960000000000001741e-01,1.000000000000000000e+00,3.476548593805623977e-01
6.970000000000000639e-01,1.000000000000000000e+00,3.472452513343766700e-01
6.979999999999999538e-01,1.000000000000000000e+00,3.468363667641971015e-01
6.989999999999998437e-01,1.000000000000000000e+00,3.464282039672265667e-01
7.000000000000001776e-01,1.000000000000000000e+00,3.460207612456746573e-01
7.010000000000000675e-01,1.000000000000000000e+00,3.456140369067405294e-01
7.019999999999999574e-01,1.000000000000000000e+00,3.452080292625942515e-01
7.029999999999998472e-01,1.000000000000000000e+00,3.448027366303601515e-01
7.040000000000001812e-01,1.000000000000000000e+00,3.443981573320989420e-01
7.050000000000000711e-01,1.000000000000000000e+00,3.439942896947910111e-01
7.059999999999999609e-01,1.000000000000000000e+00,3.435911320503182709e-01
7.069999999999998508e-01,1.000000000000000000e+00,3.431886827354472258e-01
7.080000000000001847e-01,1.000000000000000000e+00,3.427869400918119869e-01
7.090000000000000746e-01,1.000000000000000000e+00,3.423859024658975070e-01
7.099999999999999645e-01,1.000000000000000000e+00,3.419855682090215954e-01
7.109999999999998543e-01,1.000000000000000000e+00,3.415859356773188193e-01
7.120000000000001883e-01,1.000000000000000000e+00,3.411870032317232404e-01
7.130000000000000782e-01,1.000000000000000000e+00,3.407887692379519828e-01
7.139999999999999680e-01,1.000000000000000000e+00,3.403912320664879143e-01
7.149999999999998579e-01,1.000000000000000000e+00,3.399943900925635476e-01
7.160000000000001918e-01,1.000000000000000000e+00,3.395982416961437211e-01
7.170000000000000817e-01,1.000000000000000000e+00,3.392027852619102779e-01
7.179999999999999716e-01,1.000000000000000000e+00,3.388080191792443574e-01
7.189999999999998614e-01,1.000000000000000000e+00,3.384139418422105194e-01
7.200000000000001954e-01,1.000000000000000000e+00,3.380205516495402018e-01
7.210000000000000853e-01,1.000000000000000000e+00,3.376278470046163438e-01
7.219999999999999751e-01,1.000000000000000000e+00,3.372358263154557889e-01
7.229999999999998650e-01,1.000000000000000000e+00,3.368444879946940751e-01
7.240000000000001990e-01,1.000000000000000000e+00,3.364538304595689477e-01
7.250000000000000888e-01,1.000000000000000000e+00,3.360638521319050387e-01
7.259999999999999787e-01,1.000000000000000000e+00,3.356745514380968798e-01
7.269999999999998685e-01,1.000000000000000000e+00,3.352859268090939704e-01
7.280000000000002025e-01,1.000000000000000000e+00,3.348979766803840130e-01
7.290000000000000924e-01,1.000000000000000000e+00,3.345106994919785914e-01
7.299999999999999822e-01,1.000000000000000000e+00,3.341240936883958512e-01
7.309999999999998721e-01,1.000000000000000000e+00,3.337381577186461223e-01
7.320000000000002061e-01,1.000000000000000000e+00,3.333528900362153768e-01
7.330000000000000959e-01,1.000000000000000000e+00,3.329682890990510180e-01
7.339999999999999858e-01,1.000000000000000000e+00,3.325843533695451715e-01
7.349999999999998757e-01,1.000000000000000000e+00,3.322010813145196972e-01
7.360000000000002096e-01,1.000000000000000000e+00,3.318184714052113127e-01
7.370000000000000995e-01,1.000000000000000000e+00,3.314365221172562159e-01
7.379999999999999893e-01,1.000000000000000000e+00,3.310552319306743763e-01
7.389999999999998792e-01,1.000000000000000000e+00,3.306745993298548791e-01
7.400000000000002132e-01,1.000000000000000000e+00,3.302946228035406606e-01
7.410000000000001030e-01,1.000000000000000000e+00,3.299153008448140745e-01
7.419999999999999929e-01,1.000000000000000000e+00,3.295366319510809605e-01
7.429999999999998828e-01,1.000000000000000000e+00,3.291586146240564892e-01
7.440000000000002167e-01,1.000000000000000000e+00,3.287812473697499516e-01
7.450000000000001066e-01,1.000000000000000000e+00,3.284045286984507150e-01
7.459999999999999964e-01,1.000000000000000000e+00,3.280284571247125136e-01
7.469999999999998863e-01,1.000000000000000000e+00,3.276530311673393481e-01
7.480000000000002203e-01,1.000000000000000000e+00,3.272782493493707201e-01
7.490000000000001101e-01,1.000000000000000000e+00,3.269041101980679209e-01
7.500000000000000000e-01,1.000000000000000000e+00,3.265306122448979331e-01
7.509999999999998899e-01,1.000000000000000000e+00,3.261577540255206076e-01
7.520000000000002238e-01,1.000000000000000000e+00,3.257855340797730648e-01
7.530000000000001137e-01,1.000000000000000000e+00,3.254139509516568163e-01
7.540000000000000036e-01,1.000000000000000000e+00,3.250430031893219440e-01
7.549999999999998934e-01,1.000000000000000000e+00,3.246726893450540552e-01
7.560000000000002274e-01,1.000000000000000000e+00,3.243030079752594608e-01
7.570000000000001172e-01,1.000000000000000000e+00,3.239339576404520749e-01
7.580000000000000071e-01,1.000000000000000000e+00,3.235655369052379826e-01
7.589999999999998970e-01,1.000000000000000000e+00,3.231977443383027282e-01
7.600000000000002309e-01,1.000000000000000000e+00,3.228305785123966043e-01
7.610000000000001208e-01,1.000000000000000000e+00,3.224640380043216070e-01
7.620000000000000107e-01,1.000000000000000000e+00,3.220981213949167810e-01
7.629999999999999005e-01,1.000000000000000000e+00,3.217328272690448965e-01
7.640000000000002345e-01,1.000000000000000000e+00,3.213681542155788495e-01
7.650000000000001243e-01,1.000000000000000000e+00,3.210041008273880059e-01
7.660000000000000142e-01,1.000000000000000000e+00,3.206406657013244899e-01
7.669999999999999041e-01,1.000000000000000000e+00,3.202778474382095841e-01
7.680000000000002380e-01,1.000000000000000000e+00,3.199156446428204625e-01
7.690000000000001279e-01,1.000000000000000000e+00,3.195540559238770895e-01
7.700000000000000178e-01,1.000000000000000000e+00,3.191930798940278979e-01
7.709999999999999076e-01,1.000000000000000000e+00,3.188327151698374662e-01
7.720000000000002416e-01,1.000000000000000000e+00,3.184729603717724733e-01
7.730000000000001315e-01,1.000000000000000000e+00,3.181138141241896533e-01
7.740000000000000213e-01,1.000000000000000000e+00,3.177552750553211958e-01
7.749999999999999112e-01,1.000000000000000000e+00,3.173973417972624778e-01
7.760000000000002451e-01,1.000000000000000000e+00,3.170400129859588523e-01
7.770000000000001350e-01,1.000000000000000000e+00,3.166832872611930472e-01
7.780000000000000249e-01,1.000000000000000000e+00,3.163271632665713984e-01
7.789999999999999147e-01,1.000000000000000000e+00,3.159716396495116375e-01
7.800000000000002487e-01,1.000000000000000000e+00,3.156167150612295691e-01
7.810000000000001386e-01,1.000000000000000000e+00,3.152623881567269692e-01
7.820000000000000284e-01,1.000000000000000000e+00,3.149086575947780409e-01
7.829999999999999183e-01,1.000000000000000000e+00,3.145555220379171457e-01
7.840000000000002522e-01,1.000000000000000000e+00,3.142029801524260368e-01
7.850000000000001421e-01,1.000000000000000000e+00,3.138510306083217571e-01
7.860000000000000320e-01,1.000000000000000000e+00,3.134996720793429836e-01
7.869999999999999218e-01,1.000000000000000000e+00,3.131489032429387587e-01
7.880000000000002558e-01,1.000000000000000000e+00,3.127987227802550563e-01
7.890000000000001457e-01,1.000000000000000000e+00,3.124491293761234023e-01
7.900000000000000355e-01,1.000000000000000000e+00,3.121001217190474963e-01
7.909999999999999254e-01,1.000000000000000000e+00,3.117516985011913877e-01
7.920000000000002593e-01,1.000000000000000000e+00,3.114038584183672631e-01
7.930000000000001492e-01,1.000000000000000000e+00,3.110566001700235117e-01
7.940000000000000391e-01,1.000000000000000000e+00,3.107099224592317355e-01
7.949999999999999289e-01,1.000000000000000000e+00,3.103638239926754250e-01
7.960000000000002629e-01,1.000000000000000000e+00,3.100183034806374138e-01
7.970000000000001528e-01,1.000000000000000000e+00,3.096733596369884434e-01
7.980000000000000426e-01,1.000000000000000000e+00,3.093289911791744506e-01
7.989999999999999325e-01,1.000000000000000000e+00,3.089851968282051886e-01
8.000000000000002665e-01,1.000000000000000000e+00,3.086419753086418472e-01
8.010000000000001563e-01,1.000000000000000000e+00,3.082993253485862839e-01
8.020000000000000462e-01,1.000000000000000000e+00,3.079572456796678126e-01
8.029999999999999361e-01,1.000000000000000000e+00,3.076157350370323229e-01
8.040000000000002700e-01,1.000000000000000000e+00,3.072747921593305120e-01
8.050000000000001599e-01,1.000000000000000000e+00,3.069344157887063385e-01
8.060000000000000497e-01,1.000000000000000000e+00,3.065946046707848094e-01
8.069999999999999396e-01,1.000000000000000000e+00,3.062553575546612117e-01
8.080000000000002736e-01,1.000000000000000000e+00,3.059166731928888994e-01
8.090000000000001634e-01,1.000000000000000000e+00,3.055785503414686910e-01
8.100000000000000533e-01,1.000000000000000000e+00,3.052409877598363797e-01
8.109999999999999432e-01,1.000000000000000000e+00,3.049039842108520748e-01
8.120000000000002771e-01,1.000000000000000000e+00,3.045675384607886560e-01
8.130000000000001670e-01,1.000000000000000000e+00,3.042316492793208371e-01
8.140000000000000568e-01,1.000000000000000000e+00,3.038963154395130650e-01
8.149999999999999467e-01,1.000000000000000000e+00,3.035615357178091944e-01
8.159999999999998366e-01,1.000000000000000000e+00,3.032273088940208861e-01
8.170000000000001705e-01,1.000000000000000000e+00,3.028936337513163934e-01
8.180000000000000604e-01,1.000000000000000000e+00,3.025605090762101268e-01
8.189999999999999503e-01,1.000000000000000000e+00,3.022279336585507736e-01
8.199999999999998401e-01,1.000000000000000000e+00,3.018959062915107516e-01
8.210000000000001741e-01,1.000000000000000000e+00,3.015644257715751619e-01
8.220000000000000639e-01,1.000000000000000000e+00,3.012334908985312976e-01
8.229999999999999538e-01,1.000000000000000000e+00,3.009031004754569860e-01
8.239999999999998437e-01,1.000000000000000000e+00,3.005732533087104308e-01
8.250000000000001776e-01,1.000000000000000000e+00,3.002439482079188315e-01
8.260000000000000675e-01,1.000000000000000000e+00,2.999151839859687252e-01
8.269999999999999574e-01,1.000000000000000000e+00,2.995869594589938845e-01
8.279999999999998472e-01,1.000000000000000000e+00,2.992592734463656035e-01
8.290000000000001812e-01,1.000000000000000000e+00,2.989321247706816509e-01
8.300000000000000711e-01,1.000000000000000000e+00,2.986055122577562226e-01
8.309999999999999609e-01,1.000000000000000000e+00,2.982794347366088394e-01
8.319999999999998508e-01,1.000000000000000000e+00,2.979538910394539108e-01
8.330000000000001847e-01,1.000000000000000000e+00,2.976288800016904657e-01
8.340000000000000746e-01,1.000000000000000000e+00,2.973044004618921043e-01
8.349999999999999645e-01,1.000000000000000000e+00,2.969804512617956749e-01
8.359999999999998543e-01,1.000000000000000000e+00,2.966570312462918357e-01
8.370000000000001883e-01,1.000000000000000000e+00,2.963341392634140092e-01
8.380000000000000782e-01,1.000000000000000000e+00,2.960117741643291112e-01
8.389999999999999680e-01,1.000000000000000000e+00,2.956899348033262820e-01
8.399999999999998579e-01,1.000000000000000000e+00,2.953686200378072280e-01
8.410000000000001918e-01,1.000000000000000000e+00,2.950478287282758960e-01
8.420000000000000817e-01,1.000000000000000000e+00,2.947275597383290924e-01
8.429999999999999716e-01,1.000000000000000000e+00,2.944078119346449918e-01
8.439999999999998614e-01,1.000000000000000000e+00,2.940885841869745332e-01
8.450000000000001954e-01,1.000000000000000000e+00,2.937698753681303176e-01
8.460000000000000853e-01,1.000000000000000000e+00,2.934516843539778375e-01
8.469999999999999751e-01,1.000000000000000000e+00,2.931340100234243184e-01
8.479999999999998650e-01,1.000000000000000000e+00,2.928168512584097272e-01
8.490000000000001990e-01,1.000000000000000000e+00,2.925002069438963348e-01
8.500000000000000888e-01,1.000000000000000000e+00,2.921840759678597244e-01
8.509999999999999787e-01,1.000000000000000000e+00,2.918684572212780215e-01
8.519999999999998685e-01,1.000000000000000000e+00,2.915533495981229017e-01
8.530000000000002025e-01,1.000000000000000000e+00,2.912387519953494319e-01
8.540000000000000924e-01,1.000000000000000000e+00,2.909246633128871329e-01
8.549999999999999822e-01,1.000000000000000000e+00,2.906110824536293769e-01
8.559999999999998721e-01,1.000000000000000000e+00,2.902980083234245612e-01
8.570000000000002061e-01,1.000000000000000000e+00,2.899854398310660053e-01
8.580000000000000959e-01,1.000000000000000000e+00,2.896733758882834020e-01
8.589999999999999858e-01,1.000000000000000000e+00,2.893618154097319928e-01
8.599999999999998757e-01,1.000000000000000000e+00,2.890507573129841856e-01
8.610000000000002096e-01,1.000000000000000000e+00,2.887402005185195630e-01
8.620000000000000995e-01,1.000000000000000000e+00,2.884301439497162223e-01
8.629999999999999893e-01,1.000000000000000000e+00,2.881205865328404503e-01
8.639999999999998792e-01,1.000000000000000000e+00,2.878115271970381195e-01
8.650000000000002132e-01,1.000000000000000000e+00,2.875029648743251953e-01
8.660000000000001030e-01,1.000000000000000000e+00,2.871948984995789655e-01
8.669999999999999929e-01,1.000000000000000000e+00,2.868873270105279372e-01
8.679999999999998828e-01,1.000000000000000000e+00,2.865802493477433988e-01
8.690000000000002167e-01,1.000000000000000000e+00,2.862736644546299836e-01
8.700000000000001066e-01,1.000000000000000000e+00,2.859675712774171208e-01
8.709999999999999964e-01,1.000000000000000000e+00,2.856619687651490436e-01
8.719999999999998863e-01,1.000000000000000000e+00,2.853568558696764068e-01
8.730000000000002203e-01,1.000000000000000000e+00,2.850522315456471834e-01
8.740000000000001101e-01,1.000000000000000000e+00,2.847480947504980042e-01
8.750000000000000000e-01,1.000000000000000000e+00,2.844444444444444442e-01
8.759999999999998899e-01,1.000000000000000000e+00,2.841412795904729172e-01
8.770000000000002238e-01,1.000000000000000000e+00,2.838385991543311837e-01
8.780000000000001137e-01,1.000000000000000000e+00,2.835364021045205796e-01
8.790000000000000036e-01,1.000000000000000000e+00,2.832346874122857461e-01
8.799999999999998934e-01,1.000000000000000000e+00,2.829334540516070806e-01
8.810000000000002274e-01,1.000000000000000000e+00,2.826327009991912997e-01
8.820000000000001172e-01,1.000000000000000000e+00,2.823324272344635011e-01
8.830000000000000071e-01,1.000000000000000000e+00,2.820326317395575599e-01
8.839999999999998970e-01,1.000000000000000000e+00,2.817333134993080801e-01
8.850000000000002309e-01,1.000000000000000000e+00,2.814344715012417897e-01
8.860000000000001208e-01,1.000000000000000000e+00,2.811361047355689924e-01
8.870000000000000107e-01,1.000000000000000000e+00,2.808382121951746857e-01
8.879999999999999005e-01,1.000000000000000000e+00,2.805407928756104563e-01
8.890000000000002345e-01,1.000000000000000000e+00,2.802438457750857648e-01
8.900000000000001243e-01,1.000000000000000000e+00,2.799473698944598410e-01
8.910000000000000142e-01,1.000000000000000000e+00,2.796513642372327468e-01
8.919999999999999041e-01,1.000000000000000000e+00,2.793558278095374381e-01
8.930000000000002380e-01,1.000000000000000000e+00,2.790607596201312712e-01
8.940000000000001279e-01,1.000000000000000000e+00,2.787661586803878988e-01
8.950000000000000178e-01,1.000000000000000000e+00,2.784720240042884432e-01
8.959999999999999076e-01,1.000000000000000000e+00,2.781783546084138914e-01
8.970000000000002416e-01,1.000000000000000000e+00,2.778851495119363246e-01
8.980000000000001315e-01,1.000000000000000000e+00,2.775924077366114240e-01
8.990000000000000213e-01,1.000000000000000000e+00,2.773001283067693667e-01
8.999999999999999112e-01,1.000000000000000000e+00,2.770083102493074989e-01
9.010000000000002451e-01,1.000000000000000000e+00,2.767169525936817864e-01
9.020000000000001350e-01,1.000000000000000000e+00,2.764260543718991547e-01
9.030000000000000249e-01,1.000000000000000000e+00,2.761356146185089955e-01
9.039999999999999147e-01,1.000000000000000000e+00,2.758456323705953395e-01
9.050000000000002487e-01,1.000000000000000000e+00,2.755561066677688076e-01
9.060000000000001386e-01,1.000000000000000000e+00,2.752670365521592277e-01
9.070000000000000284e-01,1.000000000000000000e+00,2.749784210684066421e-01
9.079999999999999183e-01,1.000000000000000000e+00,2.746902592636543128e-01
9.090000000000002522e-01,1.000000000000000000e+00,2.744025501875403394e-01
9.100000000000001421e-01,1.000000000000000000e+00,2.741152928921904430e-01
9.110000000000000320e-01,1.000000000000000000e+00,2.738284864322092504e-01
9.119999999999999218e-01,1.000000000000000000e+00,2.735421298646732446e-01
9.130000000000002558e-01,1.000000000000000000e+00,2.732562222491227155e-01
9.140000000000001457e-01,1.000000000000000000e+00,2.729707626475543214e-01
9.150000000000000355e-01,1.000000000000000000e+00,2.726857501244128734e-01
9.159999999999999254e-01,1.000000000000000000e+00,2.724011837465841190e-01
9.170000000000002593e-01,1.000000000000000000e+00,2.721170625833868040e-01
9.180000000000001492e-01,1.000000000000000000e+00,2.718333857065655668e-01
9.190000000000000391e-01,1.000000000000000000e+00,2.715501521902827786e-01
9.199999999999999289e-01,1.000000000000000000e+00,2.712673611111111049e-01
9.210000000000002629e-01,1.000000000000000000e+00,2.709850115480261779e-01
9.220000000000001528e-01,1.000000000000000000e+00,2.707031025823992687e-01
9.230000000000000426e-01,1.000000000000000000e+00,2.704216332979891835e-01
9.239999999999999325e-01,1.000000000000000000e+00,2.701406027809354349e-01
9.250000000000002665e-01,1.000000000000000000e+00,2.698600101197503043e-01
9.260000000000001563e-01,1.000000000000000000e+00,2.695798544053121804e-01
9.270000000000000462e-01,1.000000000000000000e+00,2.693001347308573989e-01
9.279999999999999361e-01,1.000000000000000000e+00,2.690208501919733042e-01
9.290000000000002700e-01,1.000000000000000000e+00,2.687419998865908100e-01
9.300000000000001599e-01,1.000000000000000000e+00,2.684635829149775166e-01
9.310000000000000497e-01,1.000000000000000000e+00,2.681855983797298837e-01
9.319999999999999396e-01,1.000000000000000000e+00,2.679080453857661803e-01
9.330000000000002736e-01,1.000000000000000000e+00,2.676309230403193240e-01
9.340000000000001634e-01,1.000000000000000000e+00,2.673542304529301084e-01
9.350000000000000533e-01,1.000000000000000000e+00,2.670779667354392095e-01
9.359999999999999432e-01,1.000000000000000000e+00,2.668021310019807468e-01
9.370000000000002771e-01,1.000000000000000000e+00,2.665267223689747333e-01
9.380000000000001670e-01,1.000000000000000000e+00,2.662517399551205810e-01
9.390000000000000568e-01,1.000000000000000000e+00,2.659771828813893291e-01
9.399999999999999467e-01,1.000000000000000000e+00,2.657030502710171493e-01
9.410000000000002807e-01,1.000000000000000000e+00,2.654293412494979632e-01
9.420000000000001705e-01,1.000000000000000000e+00,2.651560549445770576e-01
9.430000000000000604e-01,1.000000000000000000e+00,2.648831904862434250e-01
9.439999999999999503e-01,1.000000000000000000e+00,2.646107470067232681e-01
9.449999999999998401e-01,1.000000000000000000e+00,2.643387236404729501e-01
9.460000000000001741e-01,1.000000000000000000e+00,2.640671195241721114e-01
9.470000000000000639e-01,1.000000000000000000e+00,2.637959337967172302e-01
9.479999999999999538e-01,1.000000000000000000e+00,2.635251655992140729e-01
9.489999999999998437e-01,1.000000000000000000e+00,2.632548140749713661e-01
9.500000000000001776e-01,1.000000000000000000e+00,2.629848783694936909e-01
9.510000000000000675e-01,1.000000000000000000e+00,2.627153576304755989e-01
9.519999999999999574e-01,1.000000000000000000e+00,2.624462510077936184e-01
9.529999999999998472e-01,1.000000000000000000e+00,2.621775576535004260e-01
9.540000000000001812e-01,1.000000000000000000e+00,2.619092767218177409e-01
9.550000000000000711e-01,1.000000000000000000e+00,2.616414073691302189e-01
9.559999999999999609e-01,1.000000000000000000e+00,2.613739487539781248e-01
9.569999999999998508e-01,1.000000000000000000e+00,2.611069000370511151e-01
9.580000000000001847e-01,1.000000000000000000e+00,2.608402603811814657e-01
9.590000000000000746e-01,1.000000000000000000e+00,2.605740289513380215e-01
9.599999999999999645e-01,1.000000000000000000e+00,2.603082049146189236e-01
9.609999999999998543e-01,1.000000000000000000e+00,2.600427874402454487e-01
9.620000000000001883e-01,1.000000000000000000e+00,2.597777756995555132e-01
9.630000000000000782e-01,1.000000000000000000e+00,2.595131688659975122e-01
9.639999999999999680e-01,1.000000000000000000e+00,2.592489661151231584e-01
9.649999999999998579e-01,1.000000000000000000e+00,2.589851666245816530e-01
9.660000000000001918e-01,1.000000000000000000e+00,2.587217695741128587e-01
9.670000000000000817e-01,1.000000000000000000e+00,2.584587741455417476e-01
9.679999999999999716e-01,1.000000000000000000e+00,2.581961795227708523e-01
9.689999999999998614e-01,1.000000000000000000e+00,2.579339848917747702e-01
9.700000000000001954e-01,1.000000000000000000e+00,2.576721894405936131e-01
9.710000000000000853e-01,1.000000000000000000e+00,2.574107923593269009e-01
9.719999999999999751e-01,1.000000000000000000e+00,2.571497928401269006e-01
9.729999999999998650e-01,1.000000000000000000e+00,2.568891900771926307e-01
9.740000000000001990e-01,1.000000000000000000e+00,2.566289832667637549e-01
9.750000000000000888e-01,1.000000000000000000e+00,2.563691716071142546e-01
9.759999999999999787e-01,1.000000000000000000e+00,2.561097542985460995e-01
9.769999999999998685e-01,1.000000000000000000e+00,2.558507305433834755e-01
9.780000000000002025e-01,1.000000000000000000e+00,2.555920995459661227e-01
9.790000000000000924e-01,1.000000000000000000e+00,2.553338605126440064e-01
9.799999999999999822e-01,1.000000000000000000e+00,2.550760126517702120e-01
9.809999999999998721e-01,1.000000000000000000e+00,2.548185551736958376e-01
9.820000000000002061e-01,1.000000000000000000e+00,2.545614872907631110e-01
9.830000000000000959e-01,1.000000000000000000e+00,2.543048082173003932e-01
9.839999999999999858e-01,1.000000000000000000e+00,2.540485171696150180e-01
9.849999999999998757e-01,1.000000000000000000e+00,2.537926133659880179e-01
9.860000000000002096e-01,1.000000000000000000e+00,2.535370960266680185e-01
9.870000000000000995e-01,1.000000000000000000e+00,2.532819643738654092e-01
9.879999999999999893e-01,1.000000000000000000e+00,2.530272176317461819e-01
9.889999999999998792e-01,1.000000000000000000e+00,2.527728550264261576e-01
9.900000000000002132e-01,1.000000000000000000e+00,2.525188757859649358e-01
9.910000000000001030e-01,1.000000000000000000e+00,2.522652791403606209e-01
9.919999999999999929e-01,1.000000000000000000e+00,2.520120643215432166e-01
9.929999999999998828e-01,1.000000000000000000e+00,2.517592305633691852e-01
9.940000000000002167e-01,1.000000000000000000e+00,2.515067771016157305e-01
9.950000000000001066e-01,1.000000000000000000e+00,2.512547031739750247e-01
9.959999999999999964e-01,1.000000000000000000e+00,2.510030080200481017e-01
9.969999999999998863e-01,1.000000000000000000e+00,2.507516908813395839e-01
9.980000000000002203e-01,1.000000000000000000e+00,2.505007510012514649e-01
9.990000000000001101e-01,1.000000000000000000e+00,2.502501876250781132e-01
1.000000000000000000e+00,1.000000000000000000e+00,2.500000000000000000e-01
1.000999999999999890e+00,1.000000000000000000e+00,2.497501873750780921e-01
1.002000000000000224e+00,1.000000000000000000e+00,2.495007490012484674e-01
1.003000000000000114e+00,1.000000000000000000e+00,2.492516841313167086e-01
1.004000000000000004e+00,1.000000000000000000e+00,2.490029920199521296e-01
1.004999999999999893e+00,1.000000000000000000e+00,2.487546719236820858e-01
1.006000000000000227e+00,1.000000000000000000e+00,2.485067231008867283e-01
1.007000000000000117e+00,1.000000000000000000e+00,2.482591448117934807e-01
1.008000000000000007e+00,1.000000000000000000e+00,2.480119363184711268e-01
1.008999999999999897e+00,1.000000000000000000e+00,2.477650968848247037e-01
1.010000000000000231e+00,1.000000000000000000e+00,2.475186257765896458e-01
1.011000000000000121e+00,1.000000000000000000e+00,2.472725222613269547e-01
1.012000000000000011e+00,1.000000000000000000e+00,2.470267856084171210e-01
1.012999999999999901e+00,1.000000000000000000e+00,2.467814150890548230e-01
1.014000000000000234e+00,1.000000000000000000e+00,2.465364099762437089e-01
1.015000000000000124e+00,1.000000000000000000e+00,2.462917695447911781e-01
1.016000000000000014e+00,1.000000000000000000e+00,2.460474930713025810e-01
1.016999999999999904e+00,1.000000000000000000e+00,2.458035798341759726e-01
1.018000000000000238e+00,1.000000000000000000e+00,2.455600291135970059e-01
1.019000000000000128e+00,1.000000000000000000e+00,2.453168401915335473e-01
1.020000000000000018e+00,1.000000000000000000e+00,2.450740123517302083e-01
1.020999999999999908e+00,1.000000000000000000e+00,2.448315448797032390e-01
1.022000000000000242e+00,1.000000000000000000e+00,2.445894370627351710e-01
1.023000000000000131e+00,1.000000000000000000e+00,2.443476881898698494e-01
1.024000000000000021e+00,1.000000000000000000e+00,2.441062975519067701e-01
1.024999999999999911e+00,1.000000000000000000e+00,2.438652644413961401e-01
1.026000000000000245e+00,1.000000000000000000e+00,2.436245881526336587e-01
1.027000000000000135e+00,1.000000000000000000e+00,2.433842679816556331e-01
1.028000000000000025e+00,1.000000000000000000e+00,2.431443032262330939e-01
1.028999999999999915e+00,1.000000000000000000e+00,2.429046931858675207e-01
1.030000000000000249e+00,1.000000000000000000e+00,2.426654371617850137e-01
1.031000000000000139e+00,1.000000000000000000e+00,2.424265344569317970e-01
1.032000000000000028e+00,1.000000000000000000e+00,2.421879843759687512e-01
1.032999999999999918e+00,1.000000000000000000e+00,2.419497862252663889e-01
1.034000000000000252e+00,1.000000000000000000e+00,2.417119393128999150e-01
1.035000000000000142e+00,1.000000000000000000e+00,2.414744429486443966e-01
1.036000000000000032e+00,1.000000000000000000e+00,2.412372964439692680e-01
1.036999999999999922e+00,1.000000000000000000e+00,2.410004991120336670e-01
1.038000000000000256e+00,1.000000000000000000e+00,2.407640502676814120e-01
1.039000000000000146e+00,1.000000000000000000e+00,2.405279492274361997e-01
1.040000000000000036e+00,1.000000000000000000e+00,2.402921953094963592e-01
1.040999999999999925e+00,1.000000000000000000e+00,2.400567878337299954e-01
1.042000000000000259e+00,1.000000000000000000e+00,2.398217261216701590e-01
1.043000000000000149e+00,1.000000000000000000e+00,2.395870094965102670e-01
1.044000000000000039e+00,1.000000000000000000e+00,2.393526372830986348e-01
1.044999999999999929e+00,1.000000000000000000e+00,2.391186088079339800e-01
1.046000000000000263e+00,1.000000000000000000e+00,2.388849233991603982e-01
1.047000000000000153e+00,1.000000000000000000e+00,2.386515803865630336e-01
1.048000000000000043e+00,1.000000000000000000e+00,2.384185791015625000e-01
1.048999999999999932e+00,1.000000000000000000e+00,2.381859188772106617e-01
1.050000000000000266e+00,1.000000000000000000e+00,2.379535990481855268e-01
1.051000000000000156e+00,1.000000000000000000e+00,2.377216189507870558e-01
1.052000000000000046e+00,1.000000000000000000e+00,2.374899779229316665e-01
1.052999999999999936e+00,1.000000000000000000e+00,2.372586753041478480e-01
1.054000000000000270e+00,1.000000000000000000e+00,2.370277104355715536e-01
1.055000000000000160e+00,1.000000000000000000e+00,2.367970826599415934e-01
1.056000000000000050e+00,1.000000000000000000e+00,2.365667913215945828e-01
1.056999999999999940e+00,1.000000000000000000e+00,2.363368357664604458e-01
1.058000000000000274e+00,1.000000000000000000e+00,2.361072153420578912e-01
1.059000000000000163e+00,1.000000000000000000e+00,2.358779293974898883e-01
1.060000000000000053e+00,1.000000000000000000e+00,2.356489772834385876e-01
1.060999999999999943e+00,1.000000000000000000e+00,2.354203583521611021e-01
1.062000000000000277e+00,1.000000000000000000e+00,2.351920719574847329e-01
1.063000000000000167e+00,1.000000000000000000e+00,2.349641174548028622e-01
1.064000000000000057e+00,1.000000000000000000e+00,2.347364942010696509e-01
1.064999999999999947e+00,1.000000000000000000e+00,2.345092015547960151e-01
1.066000000000000281e+00,1.000000000000000000e+00,2.342822388760449348e-01
1.067000000000000171e+00,1.000000000000000000e+00,2.340556055264272628e-01
1.068000000000000060e+00,1.000000000000000000e+00,2.338293008690967567e-01
1.068999999999999950e+00,1.000000000000000000e+00,2.336033242687456657e-01
1.070000000000000284e+00,1.000000000000000000e+00,2.333776750916006781e-01
1.071000000000000174e+00,1.000000000000000000e+00,2.331523527054182310e-01
1.072000000000000064e+00,1.000000000000000000e+00,2.329273564794800133e-01
1.072999999999999954e+00,1.000000000000000000e+00,2.327026857845885532e-01
1.073999999999999844e+00,1.000000000000000000e+00,2.324783399930628880e-01
1.075000000000000178e+00,1.000000000000000000e+00,2.322543184787341508e-01
1.076000000000000068e+00,1.000000000000000000e+00,2.320306206169415741e-01
1.076999999999999957e+00,1.000000000000000000e+00,2.318072457845272993e-01
1.077999999999999847e+00,1.000000000000000000e+00,2.315841933598327962e-01
1.079000000000000181e+00,1.000000000000000000e+00,2.313614627226940335e-01
1.080000000000000071e+00,1.000000000000000000e+00,2.311390532544378429e-01
1.080999999999999961e+00,1.000000000000000000e+00,2.309169643378768122e-01
1.081999999999999851e+00,1.000000000000000000e+00,2.306951953573053438e-01
1.083000000000000185e+00,1.000000000000000000e+00,2.304737456984955746e-01
1.084000000000000075e+00,1.000000000000000000e+00,2.302526147486930463e-01
1.084999999999999964e+00,1.000000000000000000e+00,2.300318018966122091e-01
1.085999999999999854e+00,1.000000000000000000e+00,2.298113065324323967e-01
1.087000000000000188e+00,1.000000000000000000e+00,2.295911280477934691e-01
1.088000000000000078e+00,1.000000000000000000e+00,2.293712658357921763e-01
1.088999999999999968e+00,1.000000000000000000e+00,2.291517192909771072e-01
1.089999999999999858e+00,1.000000000000000000e+00,2.289324878093450533e-01
1.091000000000000192e+00,1.000000000000000000e+00,2.287135707883367342e-01
1.092000000000000082e+00,1.000000000000000000e+00,2.284949676268329677e-01
1.092999999999999972e+00,1.000000000000000000e+00,2.282766777251498680e-01
1.093999999999999861e+00,1.000000000000000000e+00,2.280587004850352928e-01
1.095000000000000195e+00,1.000000000000000000e+00,2.278410353096644025e-01
1.096000000000000085e+00,1.000000000000000000e+00,2.276236816036361077e-01
1.096999999999999975e+00,1.000000000000000000e+00,2.274066387729683780e-01
1.097999999999999865e+00,1.000000000000000000e+00,2.271899062250943013e-01
1.099000000000000199e+00,1.000000000000000000e+00,2.269734833688583919e-01
1.100000000000000089e+00,1.000000000000000000e+00,2.267573696145124551e-01
1.100999999999999979e+00,1.000000000000000000e+00,2.265415643737111184e-01
1.101999999999999869e+00,1.000000000000000000e+00,2.263260670595083901e-01
1.103000000000000203e+00,1.000000000000000000e+00,2.261108770863533013e-01
1.104000000000000092e+00,1.000000000000000000e+00,2.258959938700862702e-01
1.104999999999999982e+00,1.000000000000000000e+00,2.256814168279348554e-01
1.105999999999999872e+00,1.000000000000000000e+00,2.254671453785097590e-01
1.107000000000000206e+00,1.000000000000000000e+00,2.252531789418010799e-01
1.108000000000000096e+00,1.000000000000000000e+00,2.250395169391745109e-01
1.108999999999999986e+00,1.000000000000000000e+00,2.248261587933670091e-01
1.109999999999999876e+00,1.000000000000000000e+00,2.246131039284832154e-01
1.111000000000000210e+00,1.000000000000000000e+00,2.244003517699914019e-01
1.112000000000000099e+00,1.000000000000000000e+00,2.241879017447198919e-01
1.112999999999999989e+00,1.000000000000000000e+00,2.239757532808528406e-01
1.113999999999999879e+00,1.000000000000000000e+00,2.237639058079264331e-01
1.115000000000000213e+00,1.000000000000000000e+00,2.235523587568252757e-01
1.116000000000000103e+00,1.000000000000000000e+00,2.233411115597785934e-01
1.116999999999999993e+00,1.000000000000000000e+00,2.231301636503559005e-01
1.117999999999999883e+00,1.000000000000000000e+00,2.229195144634639469e-01
1.119000000000000217e+00,1.000000000000000000e+00,2.227091634353422778e-01
1.120000000000000107e+00,1.000000000000000000e+00,2.224991100035599578e-01
1.120999999999999996e+00,1.000000000000000000e+00,2.222893536070115472e-01
1.121999999999999886e+00,1.000000000000000000e+00,2.220798936859132988e-01
1.123000000000000220e+00,1.000000000000000000e+00,2.218707296817996055e-01
1.124000000000000110e+00,1.000000000000000000e+00,2.216618610375193643e-01
1.125000000000000000e+00,1.000000000000000000e+00,2.214532871972318406e-01
1.125999999999999890e+00,1.000000000000000000e+00,2.212450076064033933e-01
1.127000000000000224e+00,1.000000000000000000e+00,2.210370217118034775e-01
1.128000000000000114e+00,1.000000000000000000e+00,2.208293289615014532e-01
1.129000000000000004e+00,1.000000000000000000e+00,2.206219288048623384e-01
1.129999999999999893e+00,1.000000000000000000e+00,2.204148206925433950e-01
1.131000000000000227e+00,1.000000000000000000e+00,2.202080040764905489e-01
1.132000000000000117e+00,1.000000000000000000e+00,2.200014784099348919e-01
1.133000000000000007e+00,1.000000000000000000e+00,2.197952431473887691e-01
1.133999999999999897e+00,1.000000000000000000e+00,2.195892977446422811e-01
1.135000000000000231e+00,1.000000000000000000e+00,2.193836416587596760e-01
1.136000000000000121e+00,1.000000000000000000e+00,2.191782743480761297e-01
1.137000000000000011e+00,1.000000000000000000e+00,2.189731952721935548e-01
1.137999999999999901e+00,1.000000000000000000e+00,2.187684038919774365e-01
1.139000000000000234e+00,1.000000000000000000e+00,2.185638996695531966e-01
1.140000000000000124e+00,1.000000000000000000e+00,2.183596820683028905e-01
1.141000000000000014e+00,1.000000000000000000e+00,2.181557505528612106e-01
1.141999999999999904e+00,1.000000000000000000e+00,2.179521045891123499e-01
1.143000000000000238e+00,1.000000000000000000e+00,2.177487436441863100e-01
1.144000000000000128e+00,1.000000000000000000e+00,2.175456671864557379e-01
1.145000000000000018e+00,1.000000000000000000e+00,2.173428746855320393e-01
1.145999999999999908e+00,1.000000000000000000e+00,2.171403656122620485e-01
1.147000000000000242e+00,1.000000000000000000e+00,2.169381394387245865e-01
1.148000000000000131e+00,1.000000000000000000e+00,2.167361956382273802e-01
1.149000000000000021e+00,1.000000000000000000e+00,2.165345336853030100e-01
1.149999999999999911e+00,1.000000000000000000e+00,2.163331530557058013e-01
1.151000000000000245e+00,1.000000000000000000e+00,2.161320532264084382e-01
1.152000000000000135e+00,1.000000000000000000e+00,2.159312336755987161e-01
1.153000000000000025e+00,1.000000000000000000e+00,2.157306938826757114e-01
1.153999999999999915e+00,1.000000000000000000e+00,2.155304333282468121e-01
1.155000000000000249e+00,1.000000000000000000e+00,2.153304514941241365e-01
1.156000000000000139e+00,1.000000000000000000e+00,2.151307478633213977e-01
1.157000000000000028e+00,1.000000000000000000e+00,2.149313219200502667e-01
1.157999999999999918e+00,1.000000000000000000e+00,2.147321731497173203e-01
1.159000000000000252e+00,1.000000000000000000e+00,2.145333010389203765e-01
1.160000000000000142e+00,1.000000000000000000e+00,2.143347050754458027e-01
1.161000000000000032e+00,1.000000000000000000e+00,2.141363847482644633e-01
1.161999999999999922e+00,1.000000000000000000e+00,2.139383395475289718e-01
1.163000000000000256e+00,1.000000000000000000e+00,2.137405689645700824e-01
1.164000000000000146e+00,1.000000000000000000e+00,2.135430724918938872e-01
1.165000000000000036e+00,1.000000000000000000e+00,2.133458496231779022e-01
1.165999999999999925e+00,1.000000000000000000e+00,2.131488998532683199e-01
1.167000000000000259e+00,1.000000000000000000e+00,2.129522226781765393e-01
1.168000000000000149e+00,1.000000000000000000e+00,2.127558175950763075e-01
1.169000000000000039e+00,1.000000000000000000e+00,2.125596841022998618e-01
1.169999999999999929e+00,1.000000000000000000e+00,2.123638216993353200e-01
1.171000000000000263e+00,1.000000000000000000e+00,2.121682298868230732e-01
1.172000000000000153e+00,1.000000000000000000e+00,2.119729081665530368e-01
1.173000000000000043e+00,1.000000000000000000e+00,2.117778560414610156e-01
1.173999999999999932e+00,1.000000000000000000e+00,2.115830730156258443e-01
1.175000000000000266e+00,1.000000000000000000e+00,2.113885585942660572e-01
1.176000000000000156e+00,1.000000000000000000e+00,2.111943122837370013e-01
1.177000000000000046e+00,1.000000000000000000e+00,2.110003335915273948e-01
1.177999999999999936e+00,1.000000000000000000e+00,2.108066220262563850e-01
1.179000000000000270e+00,1.000000000000000000e+00,2.106131770976703288e-01
1.180000000000000160e+00,1.000000000000000000e+00,2.104199983166399890e-01
1.181000000000000050e+00,1.000000000000000000e+00,2.102270851951569541e-01
1.181999999999999940e+00,1.000000000000000000e+00,2.100344372463309184e-01
1.183000000000000274e+00,1.000000000000000000e+00,2.098420539843864341e-01
1.184000000000000163e+00,1.000000000000000000e+00,2.096499349246601640e-01
1.185000000000000053e+00,1.000000000000000000e+00,2.094580795835973286e-01
1.185999999999999943e+00,1.000000000000000000e+00,2.092664874787490137e-01
1.187000000000000277e+00,1.000000000000000000e+00,2.090751581287689231e-01
1.188000000000000167e+00,1.000000000000000000e+00,2.088840910534107975e-01
1.189000000000000057e+00,1.000000000000000000e+00,2.086932857735248059e-01
1.189999999999999947e+00,1.000000000000000000e+00,2.085027418110548258e-01
1.191000000000000281e+00,1.000000000000000000e+00,2.083124586890354735e-01
1.192000000000000171e+00,1.000000000000000000e+00,2.081224359315892725e-01
1.193000000000000060e+00,1.000000000000000000e+00,2.079326730639232679e-01
1.193999999999999950e+00,1.000000000000000000e+00,2.077431696123263338e-01
1.195000000000000284e+00,1.000000000000000000e+00,2.075539251041660649e-01
1.196000000000000174e+00,1.000000000000000000e+00,2.073649390678862781e-01
1.197000000000000064e+00,1.000000000000000000e+00,2.071762110330033768e-01
1.197999999999999954e+00,1.000000000000000000e+00,2.069877405301039086e-01
1.199000000000000288e+00,1.000000000000000000e+00,2.067995270908414007e-01
1.200000000000000178e+00,1.000000000000000000e+00,2.066115702479338623e-01
1.201000000000000068e+00,1.000000000000000000e+00,2.064238695351602593e-01
1.201999999999999957e+00,1.000000000000000000e+00,2.062364244873581554e-01
1.202999999999999847e+00,1.000000000000000000e+00,2.060492346404204089e-01
1.204000000000000181e+00,1.000000000000000000e+00,2.058622995312926751e-01
1.205000000000000071e+00,1.000000000000000000e+00,2.056756186979704915e-01
1.205999999999999961e+00,1.000000000000000000e+00,2.054891916794960305e-01
1.206999999999999851e+00,1.000000000000000000e+00,2.053030180159557405e-01
1.208000000000000185e+00,1.000000000000000000e+00,2.051170972484771815e-01
1.209000000000000075e+00,1.000000000000000000e+00,2.049314289192264438e-01
1.209999999999999964e+00,1.000000000000000000e+00,2.047460125714051782e-01
1.210999999999999854e+00,1.000000000000000000e+00,2.045608477492477095e-01
1.212000000000000188e+00,1.000000000000000000e+00,2.043759339980183443e-01
1.213000000000000078e+00,1.000000000000000000e+00,2.041912708640088170e-01
1.213999999999999968e+00,1.000000000000000000e+00,2.040068578945349875e-01
1.214999999999999858e+00,1.000000000000000000e+00,2.038226946379344817e-01
1.216000000000000192e+00,1.000000000000000000e+00,2.036387806435636660e-01
1.217000000000000082e+00,1.000000000000000000e+00,2.034551154617952884e-01
1.217999999999999972e+00,1.000000000000000000e+00,2.032716986440151474e-01
1.218999999999999861e+00,1.000000000000000000e+00,2.030885297426198444e-01
1.220000000000000195e+00,1.000000000000000000e+00,2.029056083110136743e-01
1.221000000000000085e+00,1.000000000000000000e+00,2.027229339036064337e-01
1.221999999999999975e+00,1.000000000000000000e+00,2.025405060758100895e-01
1.222999999999999865e+00,1.000000000000000000e+00,2.023583243840364476e-01
1.224000000000000199e+00,1.000000000000000000e+00,2.021763883856942667e-01
1.225000000000000089e+00,1.000000000000000000e+00,2.019946976391869542e-01
1.225999999999999979e+00,1.000000000000000000e+00,2.018132517039092910e-01
1.226999999999999869e+00,1.000000000000000000e+00,2.016320501402451837e-01
1.228000000000000203e+00,1.000000000000000000e+00,2.014510925095648608e-01
1.229000000000000092e+00,1.000000000000000000e+00,2.012703783742224029e-01
1.229999999999999982e+00,1.000000000000000000e+00,2.010899072975527446e-01
1.230999999999999872e+00,1.000000000000000000e+00,2.009096788438692882e-01
1.232000000000000206e+00,1.000000000000000000e+00,2.007296925784611552e-01
1.233000000000000096e+00,1.000000000000000000e+00,2.005499480675909385e-01
1.233999999999999986e+00,1.000000000000000000e+00,2.003704448784913439e-01
1.234999999999999876e+00,1.000000000000000000e+00,2.001911825793633026e-01
1.236000000000000210e+00,1.000000000000000000e+00,2.000121607393729184e-01
1.237000000000000099e+00,1.000000000000000000e+00,1.998333789286493023e-01
1.237999999999999989e+00,1.000000000000000000e+00,1.996548367182814088e-01
1.238999999999999879e+00,1.000000000000000000e+00,1.994765336803161482e-01
1.240000000000000213e+00,1.000000000000000000e+00,1.992984693877550839e-01
1.241000000000000103e+00,1.000000000000000000e+00,1.991206434145526283e-01
1.241999999999999993e+00,1.000000000000000000e+00,1.989430553356129616e-01
1.242999999999999883e+00,1.000000000000000000e+00,1.987657047267876176e-01
1.244000000000000217e+00,1.000000000000000000e+00,1.985885911648729574e-01
1.245000000000000107e+00,1.000000000000000000e+00,1.984117142276079770e-01
1.245999999999999996e+00,1.000000000000000000e+00,1.982350734936711434e-01
1.246999999999999886e+00,1.000000000000000000e+00,1.980586685426783677e-01
1.248000000000000220e+00,1.000000000000000000e+00,1.978824989551803692e-01
1.249000000000000110e+00,1.000000000000000000e+00,1.977065643126602323e-01
1.250000000000000000e+00,1.000000000000000000e+00,1.975308641975308532e-01
1.250999999999999890e+00,1.000000000000000000e+00,1.973553981931324142e-01
1.252000000000000224e+00,1.000000000000000000e+00,1.971801658837299132e-01
1.253000000000000114e+00,1.000000000000000000e+00,1.970051668545110546e-01
1.254000000000000004e+00,1.000000000000000000e+00,1.968304006915832793e-01
1.254999999999999893e+00,1.000000000000000000e+00,1.966558669819715721e-01
1.256000000000000227e+00,1.000000000000000000e+00,1.964815653136159912e-01
1.257000000000000117e+00,1.000000000000000000e+00,1.963074952753693092e-01
1.258000000000000007e+00,1.000000000000000000e+00,1.961336564569945706e-01
1.258999999999999897e+00,1.000000000000000000e+00,1.959600484491623995e-01
1.260000000000000231e+00,1.000000000000000000e+00,1.957866708434489178e-01
1.261000000000000121e+00,1.000000000000000000e+00,1.956135232323334971e-01
1.262000000000000011e+00,1.000000000000000000e+00,1.954406052091957058e-01
1.262999999999999901e+00,1.000000000000000000e+00,1.952679163683135877e-01
1.264000000000000234e+00,1.000000000000000000e+00,1.950954563048608037e-01
1.265000000000000124e+00,1.000000000000000000e+00,1.949232246149047998e-01
1.266000000000000014e+00,1.000000000000000000e+00,1.947512208954037816e-01
1.266999999999999904e+00,1.000000000000000000e+00,1.945794447442049102e-01
1.268000000000000238e+00,1.000000000000000000e+00,1.944078957600414992e-01
1.269000000000000128e+00,1.000000000000000000e+00,1.942365735425312934e-01
1.270000000000000018e+00,1.000000000000000000e+00,1.940654776921733327e-01
1.270999999999999908e+00,1.000000000000000000e+00,1.938946078103462867e-01
1.272000000000000242e+00,1.000000000000000000e+00,1.937239634993056514e-01
1.273000000000000131e+00,1.000000000000000000e+00,1.935535443621820284e-01
1.274000000000000021e+00,1.000000000000000000e+00,1.933833500029780994e-01
1.274999999999999911e+00,1.000000000000000000e+00,1.932133800265668777e-01
1.276000000000000245e+00,1.000000000000000000e+00,1.930436340386889882e-01
1.277000000000000135e+00,1.000000000000000000e+00,1.928741116459510019e-01
1.278000000000000025e+00,1.000000000000000000e+00,1.927048124558224385e-01
1.278999999999999915e+00,1.000000000000000000e+00,1.925357360766338510e-01
1.280000000000000249e+00,1.000000000000000000e+00,1.923668821175746058e-01
1.281000000000000139e+00,1.000000000000000000e+00,1.921982501886906058e-01
1.282000000000000028e+00,1.000000000000000000e+00,1.920298399008818768e-01
1.282999999999999918e+00,1.000000000000000000e+00,1.918616508659004294e-01
1.284000000000000252e+00,1.000000000000000000e+00,1.916936826963479557e-01
1.285000000000000142e+00,1.000000000000000000e+00,1.915259350056739418e-01
1.286000000000000032e+00,1.000000000000000000e+00,1.913584074081728370e-01
1.286999999999999922e+00,1.000000000000000000e+00,1.911910995189823326e-01
1.288000000000000256e+00,1.000000000000000000e+00,1.910240109540808362e-01
1.289000000000000146e+00,1.000000000000000000e+00,1.908571413302856956e-01
1.290000000000000036e+00,1.000000000000000000e+00,1.906904902652504508e-01
1.290999999999999925e+00,1.000000000000000000e+00,1.905240573774630297e-01
1.292000000000000259e+00,1.000000000000000000e+00,1.903578422862433062e-01
1.293000000000000149e+00,1.000000000000000000e+00,1.901918446117413786e-01
1.294000000000000039e+00,1.000000000000000000e+00,1.900260639749347946e-01
1.294999999999999929e+00,1.000000000000000000e+00,1.898604999976267749e-01
1.296000000000000263e+00,1.000000000000000000e+00,1.896951523024438258e-01
1.297000000000000153e+00,1.000000000000000000e+00,1.895300205128341020e-01
1.298000000000000043e+00,1.000000000000000000e+00,1.893651042530644923e-01
1.298999999999999932e+00,1.000000000000000000e+00,1.892004031482190651e-01
1.300000000000000266e+00,1.000000000000000000e+00,1.890359168241965704e-01
1.301000000000000156e+00,1.000000000000000000e+00,1.888716449077087745e-01
1.302000000000000046e+00,1.000000000000000000e+00,1.887075870262778787e-01
1.302999999999999936e+00,1.000000000000000000e+00,1.885437428082346323e-01
1.304000000000000270e+00,1.000000000000000000e+00,1.883801118827160004e-01
1.305000000000000160e+00,1.000000000000000000e+00,1.882166938796636380e-01
1.306000000000000050e+00,1.000000000000000000e+00,1.880534884298210585e-01
1.306999999999999940e+00,1.000000000000000000e+00,1.878904951647320798e-01
1.308000000000000274e+00,1.000000000000000000e+00,1.877277137167383536e-01
1.309000000000000163e+00,1.000000000000000000e+00,1.875651437189778670e-01
1.310000000000000053e+00,1.000000000000000000e+00,1.874027848053821943e-01
1.310999999999999943e+00,1.000000000000000000e+00,1.872406366106748599e-01
1.312000000000000277e+00,1.000000000000000000e+00,1.870786987703690618e-01
1.313000000000000167e+00,1.000000000000000000e+00,1.869169709207660623e-01
1.314000000000000057e+00,1.000000000000000000e+00,1.867554526989524677e-01
1.314999999999999947e+00,1.000000000000000000e+00,1.865941437427986460e-01
1.316000000000000281e+00,1.000000000000000000e+00,1.864330436909566180e-01
1.317000000000000171e+00,1.000000000000000000e+00,1.862721521828581139e-01
1.318000000000000060e+00,1.000000000000000000e+00,1.861114688587123256e-01
1.318999999999999950e+00,1.000000000000000000e+00,1.859509933595041020e-01
1.320000000000000284e+00,1.000000000000000000e+00,1.857907253269916181e-01
1.321000000000000174e+00,1.000000000000000000e+00,1.856306644037050979e-01
1.322000000000000064e+00,1.000000000000000000e+00,1.854708102329439001e-01
1.322999999999999954e+00,1.000000000000000000e+00,1.853111624587752138e-01
1.324000000000000288e+00,1.000000000000000000e+00,1.851517207260316711e-01
1.325000000000000178e+00,1.000000000000000000e+00,1.849924846803098488e-01
1.326000000000000068e+00,1.000000000000000000e+00,1.848334539679676036e-01
1.326999999999999957e+00,1.000000000000000000e+00,1.846746282361227676e-01
1.328000000000000291e+00,1.000000000000000000e+00,1.845160071326507334e-01
1.329000000000000181e+00,1.000000000000000000e+00,1.843575903061829002e-01
1.330000000000000071e+00,1.000000000000000000e+00,1.841993774061043421e-01
1.330999999999999961e+00,1.000000000000000000e+00,1.840413680825521148e-01
1.331999999999999851e+00,1.000000000000000000e+00,1.838835619864132298e-01
1.333000000000000185e+00,1.000000000000000000e+00,1.837259587693226559e-01
1.334000000000000075e+00,1.000000000000000000e+00,1.835685580836617092e-01
1.334999999999999964e+00,1.000000000000000000e+00,1.834113595825557774e-01
1.335999999999999854e+00,1.000000000000000000e+00,1.832543629198724044e-01
1.337000000000000188e+00,1.000000000000000000e+00,1.830975677502197363e-01
1.338000000000000078e+00,1.000000000000000000e+00,1.829409737289443838e-01
1.338999999999999968e+00,1.000000000000000000e+00,1.827845805121295075e-01
1.339999999999999858e+00,1.000000000000000000e+00,1.826283877565929026e-01
1.341000000000000192e+00,1.000000000000000000e+00,1.824723951198852501e-01
1.342000000000000082e+00,1.000000000000000000e+00,1.823166022602882852e-01
1.342999999999999972e+00,1.000000000000000000e+00,1.821610088368126878e-01
1.343999999999999861e+00,1.000000000000000000e+00,1.820056145091963895e-01
1.345000000000000195e+00,1.000000000000000000e+00,1.818504189379026026e-01
1.346000000000000085e+00,1.000000000000000000e+00,1.816954217841182107e-01
1.346999999999999975e+00,1.000000000000000000e+00,1.815406227097516034e-01
1.347999999999999865e+00,1.000000000000000000e+00,1.813860213774309560e-01
1.349000000000000199e+00,1.000000000000000000e+00,1.812316174505024247e-01
1.350000000000000089e+00,1.000000000000000000e+00,1.810774105930284816e-01
1.350999999999999979e+00,1.000000000000000000e+00,1.809234004697856946e-01
1.351999999999999869e+00,1.000000000000000000e+00,1.807695867462631722e-01
1.353000000000000203e+00,1.000000000000000000e+00,1.806159690886605385e-01
1.354000000000000092e+00,1.000000000000000000e+00,1.804625471638867107e-01
1.354999999999999982e+00,1.000000000000000000e+00,1.803093206395571524e-01
1.355999999999999872e+00,1.000000000000000000e+00,1.801562891839929015e-01
1.357000000000000206e+00,1.000000000000000000e+00,1.800034524662182667e-01
1.358000000000000096e+00,1.000000000000000000e+00,1.798508101559594119e-01
1.358999999999999986e+00,1.000000000000000000e+00,1.796983619236422192e-01
1.359999999999999876e+00,1.000000000000000000e+00,1.795461074403907065e-01
1.361000000000000210e+00,1.000000000000000000e+00,1.793940463780251959e-01
1.362000000000000099e+00,1.000000000000000000e+00,1.792421784090607595e-01
1.362999999999999989e+00,1.000000000000000000e+00,1.790905032067049985e-01
1.363999999999999879e+00,1.000000000000000000e+00,1.789390204448567390e-01
1.365000000000000213e+00,1.000000000000000000e+00,1.787877297981039226e-01
1.366000000000000103e+00,1.000000000000000000e+00,1.786366309417222742e-01
1.366999999999999993e+00,1.000000000000000000e+00,1.784857235516731366e-01
1.367999999999999883e+00,1.000000000000000000e+00,1.783350073046019169e-01
1.369000000000000217e+00,1.000000000000000000e+00,1.781844818778363093e-01
1.370000000000000107e+00,1.000000000000000000e+00,1.780341469493848805e-01
1.370999999999999996e+00,1.000000000000000000e+00,1.778840021979347097e-01
1.371999999999999886e+00,1.000000000000000000e+00,1.777340473028502787e-01
1.373000000000000220e+00,1.000000000000000000e+00,1.775842819441713627e-01
1.374000000000000110e+00,1.000000000000000000e+00,1.774347058026116697e-01
1.375000000000000000e+00,1.000000000000000000e+00,1.772853185595567871e-01
1.375999999999999890e+00,1.000000000000000000e+00,1.771361198970626549e-01
1.377000000000000224e+00,1.000000000000000000e+00,1.769871094978539283e-01
1.378000000000000114e+00,1.000000000000000000e+00,1.768382870453222011e-01
1.379000000000000004e+00,1.000000000000000000e+00,1.766896522235244238e-01
1.379999999999999893e+00,1.000000000000000000e+00,1.765412047171809884e-01
1.381000000000000227e+00,1.000000000000000000e+00,1.763929442116743407e-01
1.382000000000000117e+00,1.000000000000000000e+00,1.762448703930472038e-01
1.383000000000000007e+00,1.000000000000000000e+00,1.760969829480008297e-01
1.383999999999999897e+00,1.000000000000000000e+00,1.759492815638935281e-01
1.385000000000000231e+00,1.000000000000000000e+00,1.758017659287387235e-01
1.386000000000000121e+00,1.000000000000000000e+00,1.756544357312037064e-01
1.387000000000000011e+00,1.000000000000000000e+00,1.755072906606076899e-01
1.387999999999999901e+00,1.000000000000000000e+00,1.753603304069201452e-01
1.389000000000000234e+00,1.000000000000000000e+00,1.752135546607593575e-01
1.390000000000000124e+00,1.000000000000000000e+00,1.750669631133908721e-01
1.391000000000000014e+00,1.000000000000000000e+00,1.749205554567254406e-01
1.391999999999999904e+00,1.000000000000000000e+00,1.747743313833178824e-01
1.393000000000000238e+00,1.000000000000000000e+00,1.746282905863650869e-01
1.394000000000000128e+00,1.000000000000000000e+00,1.744824327597048474e-01
1.395000000000000018e+00,1.000000000000000000e+00,1.743367575978138351e-01
1.395999999999999908e+00,1.000000000000000000e+00,1.741912647958060445e-01
1.397000000000000242e+00,1.000000000000000000e+00,1.740459540494314616e-01
1.398000000000000131e+00,1.000000000000000000e+00,1.739008250550743706e-01
1.399000000000000021e+00,1.000000000000000000e+00,1.737558775097516051e-01
1.399999999999999911e+00,1.000000000000000000e+00,1.736111111111111049e-01
1.401000000000000245e+00,1.000000000000000000e+00,1.734665255574303067e-01
1.402000000000000135e+00,1.000000000000000000e+00,1.733221205476146720e-01
1.403000000000000025e+00,1.000000000000000000e+00,1.731778957811959396e-01
1.403999999999999915e+00,1.000000000000000000e+00,1.730338509583306816e-01
1.405000000000000249e+00,1.000000000000000000e+00,1.728899857797986106e-01
1.406000000000000139e+00,1.000000000000000000e+00,1.727462999470014138e-01
1.407000000000000028e+00,1.000000000000000000e+00,1.726027931619606159e-01
1.407999999999999918e+00,1.000000000000000000e+00,1.724594651273164969e-01
1.409000000000000252e+00,1.000000000000000000e+00,1.723163155463262597e-01
1.410000000000000142e+00,1.000000000000000000e+00,1.721733441228628925e-01
1.411000000000000032e+00,1.000000000000000000e+00,1.720305505614130870e-01
1.411999999999999922e+00,1.000000000000000000e+00,1.718879345670761838e-01
1.413000000000000256e+00,1.000000000000000000e+00,1.717454958455622849e-01
1.414000000000000146e+00,1.000000000000000000e+00,1.716032341031911712e-01
1.415000000000000036e+00,1.000000000000000000e+00,1.714611490468903321e-01
1.415999999999999925e+00,1.000000000000000000e+00,1.713192403841936884e-01
1.417000000000000259e+00,1.000000000000000000e+00,1.711775078232400105e-01
1.418000000000000149e+00,1.000000000000000000e+00,1.710359510727716692e-01
1.419000000000000039e+00,1.000000000000000000e+00,1.708945698421327208e-01
1.419999999999999929e+00,1.000000000000000000e+00,1.707533638412676857e-01
1.421000000000000263e+00,1.000000000000000000e+00,1.706123327807199386e-01
1.422000000000000153e+00,1.000000000000000000e+00,1.704714763716305148e-01
1.423000000000000043e+00,1.000000000000000000e+00,1.703307943257361678e-01
1.423999999999999932e+00,1.000000000000000000e+00,1.701902863553682033e-01
1.425000000000000266e+00,1.000000000000000000e+00,1.700499521734509245e-01
1.426000000000000156e+00,1.000000000000000000e+00,1.699097914935002451e-01
1.427000000000000046e+00,1.000000000000000000e+00,1.697698040296221067e-01
1.427999999999999936e+00,1.000000000000000000e+00,1.696299894965110633e-01
1.429000000000000270e+00,1.000000000000000000e+00,1.694903476094487549e-01
1.430000000000000160e+00,1.000000000000000000e+00,1.693508780843028527e-01
1.431000000000000050e+00,1.000000000000000000e+00,1.692115806375249221e-01
1.431999999999999940e+00,1.000000000000000000e+00,1.690724549861495896e-01
1.433000000000000274e+00,1.000000000000000000e+00,1.689335008477927391e-01
1.434000000000000163e+00,1.000000000000000000e+00,1.687947179406504017e-01
1.435000000000000053e+00,1.000000000000000000e+00,1.686561059834969789e-01
1.435999999999999943e+00,1.000000000000000000e+00,1.685176646956840774e-01
1.437000000000000277e+00,1.000000000000000000e+00,1.683793937971388432e-01
1.438000000000000167e+00,1.000000000000000000e+00,1.682412930083629077e-01
1.439000000000000057e+00,1.000000000000000000e+00,1.681033620504306658e-01
1.439999999999999947e+00,1.000000000000000000e+00,1.679656006449879169e-01
1.441000000000000281e+00,1.000000000000000000e+00,1.678280085142504763e-01
1.442000000000000171e+00,1.000000000000000000e+00,1.676905853810030378e-01
1.443000000000000060e+00,1.000000000000000000e+00,1.675533309685973138e-01
1.443999999999999950e+00,1.000000000000000000e+00,1.674162450009509528e-01
1.445000000000000284e+00,1.000000000000000000e+00,1.672793272025459577e-01
1.446000000000000174e+00,1.000000000000000000e+00,1.671425772984276859e-01
1.447000000000000064e+00,1.000000000000000000e+00,1.670059950142030181e-01
1.447999999999999954e+00,1.000000000000000000e+00,1.668695800760391368e-01
1.449000000000000288e+00,1.000000000000000000e+00,1.667333322106621940e-01
1.450000000000000178e+00,1.000000000000000000e+00,1.665972511453560623e-01
1.451000000000000068e+00,1.000000000000000000e+00,1.664613366079607248e-01
1.451999999999999957e+00,1.000000000000000000e+00,1.663255883268710544e-01
1.453000000000000291e+00,1.000000000000000000e+00,1.661900060310352867e-01
1.454000000000000181e+00,1.000000000000000000e+00,1.660545894499541320e-01
1.455000000000000071e+00,1.000000000000000000e+00,1.659193383136788047e-01
1.455999999999999961e+00,1.000000000000000000e+00,1.657842523528101075e-01
1.456999999999999851e+00,1.000000000000000000e+00,1.656493312984969601e-01
1.458000000000000185e+00,1.000000000000000000e+00,1.655145748824349838e-01
1.459000000000000075e+00,1.000000000000000000e+00,1.653799828368653635e-01
1.459999999999999964e+00,1.000000000000000000e+00,1.652455548945733488e-01
1.460999999999999854e+00,1.000000000000000000e+00,1.651112907888869219e-01
1.462000000000000188e+00,1.000000000000000000e+00,1.649771902536755208e-01
1.463000000000000078e+00,1.000000000000000000e+00,1.648432530233488735e-01
1.463999999999999968e+00,1.000000000000000000e+00,1.647094788328554438e-01
1.464999999999999858e+00,1.000000000000000000e+00,1.645758674176812375e-01
1.466000000000000192e+00,1.000000000000000000e+00,1.644424185138483319e-01
1.467000000000000082e+00,1.000000000000000000e+00,1.643091318579139870e-01
1.467999999999999972e+00,1.000000000000000000e+00,1.641760071869688975e-01
1.468999999999999861e+00,1.000000000000000000e+00,1.640430442386360543e-01
1.470000000000000195e+00,1.000000000000000000e+00,1.639102427510694959e-01
1.471000000000000085e+00,1.000000000000000000e+00,1.637776024629530869e-01
1.471999999999999975e+00,1.000000000000000000e+00,1.636451231134990192e-01
1.472999999999999865e+00,1.000000000000000000e+00,1.635128044424467020e-01
1.474000000000000199e+00,1.000000000000000000e+00,1.633806461900613183e-01
1.475000000000000089e+00,1.000000000000000000e+00,1.632486480971329368e-01
1.475999999999999979e+00,1.000000000000000000e+00,1.631168099049746800e-01
1.476999999999999869e+00,1.000000000000000000e+00,1.629851313554218639e-01
1.478000000000000203e+00,1.000000000000000000e+00,1.628536121908305545e-01
1.479000000000000092e+00,1.000000000000000000e+00,1.627222521540764855e-01
1.479999999999999982e+00,1.000000000000000000e+00,1.625910509885535871e-01
1.480999999999999872e+00,1.000000000000000000e+00,1.624600084381728482e-01
1.482000000000000206e+00,1.000000000000000000e+00,1.623291242473609841e-01
1.483000000000000096e+00,1.000000000000000000e+00,1.621983981610594372e-01
1.483999999999999986e+00,1.000000000000000000e+00,1.620678299247227394e-01
1.484999999999999876e+00,1.000000000000000000e+00,1.619374192843175964e-01
1.486000000000000210e+00,1.000000000000000000e+00,1.618071659863214440e-01
1.487000000000000099e+00,1.000000000000000000e+00,1.616770697777215049e-01
1.487999999999999989e+00,1.000000000000000000e+00,1.615471304060131785e-01
1.488999999999999879e+00,1.000000000000000000e+00,1.614173476191990697e-01
1.490000000000000213e+00,1.000000000000000000e+00,1.612877211657876286e-01
1.491000000000000103e+00,1.000000000000000000e+00,1.611582507947921794e-01
1.491999999999999993e+00,1.000000000000000000e+00,1.610289362557294213e-01
1.492999999999999883e+00,1.000000000000000000e+00,1.608997772986182628e-01
1.494000000000000217e+00,1.000000000000000000e+00,1.607707736739787119e-01
1.495000000000000107e+00,1.000000000000000000e+00,1.606419251328307929e-01
1.495999999999999996e+00,1.000000000000000000e+00,1.605132314266929650e-01
1.496999999999999886e+00,1.000000000000000000e+00,1.603846923075812891e-01
1.498000000000000220e+00,1.000000000000000000e+00,1.602563075280079852e-01
1.499000000000000110e+00,1.000000000000000000e+00,1.601280768409804878e-01
1.500000000000000000e+00,1.000000000000000000e+00,1.600000000000000033e-01
1.500999999999999890e+00,1.000000000000000000e+00,1.598720767590604830e-01
1.502000000000000224e+00,1.000000000000000000e+00,1.597443068726473459e-01
1.503000000000000114e+00,1.000000000000000000e+00,1.596166900957364798e-01
1.504000000000000004e+00,1.000000000000000000e+00,1.594892261837928260e-01
1.504999999999999893e+00,1.000000000000000000e+00,1.593619148927693796e-01
1.506000000000000227e+00,1.000000000000000000e+00,1.592347559791058298e-01
1.507000000000000117e+00,1.000000000000000000e+00,1.591077491997277826e-01
1.508000000000000007e+00,1.000000000000000000e+00,1.589808943120451512e-01
1.508999999999999897e+00,1.000000000000000000e+00,1.588541910739512397e-01
1.510000000000000231e+00,1.000000000000000000e+00,1.587276392438214945e-01
1.511000000000000121e+00,1.000000000000000000e+00,1.586012385805125602e-01
1.512000000000000011e+00,1.000000000000000000e+00,1.584749888433607812e-01
1.512999999999999901e+00,1.000000000000000000e+00,1.583488897921813687e-01
1.514000000000000234e+00,1.000000000000000000e+00,1.582229411872669578e-01
1.515000000000000124e+00,1.000000000000000000e+00,1.580971427893869130e-01
1.516000000000000014e+00,1.000000000000000000e+00,1.579714943597857468e-01
1.516999999999999904e+00,1.000000000000000000e+00,1.578459956601822034e-01
1.518000000000000238e+00,1.000000000000000000e+00,1.577206464527679819e-01
1.519000000000000128e+00,1.000000000000000000e+00,1.575954465002069871e-01
1.520000000000000018e+00,1.000000000000000000e+00,1.574703955656336363e-01
1.520999999999999908e+00,1.000000000000000000e+00,1.573454934126522486e-01
1.522000000000000242e+00,1.000000000000000000e+00,1.572207398053355465e-01
1.523000000000000131e+00,1.000000000000000000e+00,1.570961345082239058e-01
1.524000000000000021e+00,1.000000000000000000e+00,1.569716772863238852e-01
1.524999999999999911e+00,1.000000000000000000e+00,1.568473679051073655e-01
1.526000000000000245e+00,1.000000000000000000e+00,1.567232061305102730e-01
1.527000000000000135e+00,1.000000000000000000e+00,1.565991917289318025e-01
1.528000000000000025e+00,1.000000000000000000e+00,1.564753244672328070e-01
1.528999999999999915e+00,1.000000000000000000e+00,1.563516041127351319e-01
1.530000000000000249e+00,1.000000000000000000e+00,1.562280304332203107e-01
1.531000000000000139e+00,1.000000000000000000e+00,1.561046031969285930e-01
1.532000000000000028e+00,1.000000000000000000e+00,1.559813221725577514e-01
1.532999999999999918e+00,1.000000000000000000e+00,1.558581871292620824e-01
1.534000000000000252e+00,1.000000000000000000e+00,1.557351978366511847e-01
1.535000000000000142e+00,1.000000000000000000e+00,1.556123540647891823e-01
1.536000000000000032e+00,1.000000000000000000e+00,1.554896555841932815e-01
1.536999999999999922e+00,1.000000000000000000e+00,1.553671021658329376e-01
1.538000000000000256e+00,1.000000000000000000e+00,1.552446935811286621e-01
1.539000000000000146e+00,1.000000000000000000e+00,1.551224296019511895e-01
1.540000000000000036e+00,1.000000000000000000e+00,1.550003100006200063e-01
1.540999999999999925e+00,1.000000000000000000e+00,1.548783345499026576e-01
1.542000000000000259e+00,1.000000000000000000e+00,1.547565030230134975e-01
1.543000000000000149e+00,1.000000000000000000e+00,1.546348151936128290e-01
1.544000000000000039e+00,1.000000000000000000e+00,1.545132708358055440e-01
1.544999999999999929e+00,1.000000000000000000e+00,1.543918697241403459e-01
1.546000000000000263e+00,1.000000000000000000e+00,1.542706116336085009e-01
1.547000000000000153e+00,1.000000000000000000e+00,1.541494963396431161e-01
1.548000000000000043e+00,1.000000000000000000e+00,1.540285236181176964e-01
1.548999999999999932e+00,1.000000000000000000e+00,1.539076932453453395e-01
1.550000000000000266e+00,1.000000000000000000e+00,1.537870049980776255e-01
1.551000000000000156e+00,1.000000000000000000e+00,1.536664586535037846e-01
1.552000000000000046e+00,1.000000000000000000e+00,1.535460539892493093e-01
1.552999999999999936e+00,1.000000000000000000e+00,1.534257907833752044e-01
1.554000000000000270e+00,1.000000000000000000e+00,1.533056688143768498e-01
1.555000000000000160e+00,1.000000000000000000e+00,1.531856878611831119e-01
1.556000000000000050e+00,1.000000000000000000e+00,1.530658477031551223e-01
1.556999999999999940e+00,1.000000000000000000e+00,1.529461481200853623e-01
1.558000000000000274e+00,1.000000000000000000e+00,1.528265888921967186e-01
1.559000000000000163e+00,1.000000000000000000e+00,1.527071698001414291e-01
1.560000000000000053e+00,1.000000000000000000e+00,1.525878906250000000e-01
1.560999999999999943e+00,1.000000000000000000e+00,1.524687511482802904e-01
1.562000000000000277e+00,1.000000000000000000e+00,1.523497511519164294e-01
1.563000000000000167e+00,1.000000000000000000e+00,1.522308904182680389e-01
1.564000000000000057e+00,1.000000000000000000e+00,1.521121687301189296e-01
1.564999999999999947e+00,1.000000000000000000e+00,1.519935858706762677e-01
1.566000000000000281e+00,1.000000000000000000e+00,1.518751416235695206e-01
1.567000000000000171e+00,1.000000000000000000e+00,1.517568357728497352e-01
1.568000000000000060e+00,1.000000000000000000e+00,1.516386681029881223e-01
1.568999999999999950e+00,1.000000000000000000e+00,1.515206383988753625e-01
1.570000000000000284e+00,1.000000000000000000e+00,1.514027464458204963e-01
1.571000000000000174e+00,1.000000000000000000e+00,1.512849920295501749e-01
1.572000000000000064e+00,1.000000000000000000e+00,1.511673749362073549e-01
1.572999999999999954e+00,1.000000000000000000e+00,1.510498949523505496e-01
1.574000000000000288e+00,1.000000000000000000e+00,1.509325518649527464e-01
1.575000000000000178e+00,1.000000000000000000e+00,1.508153454614006850e-01
1.576000000000000068e+00,1.000000000000000000e+00,1.506982755294934417e-01
1.576999999999999957e+00,1.000000000000000000e+00,1.505813418574419305e-01
1.578000000000000291e+00,1.000000000000000000e+00,1.504645442338675976e-01
1.579000000000000181e+00,1.000000000000000000e+00,1.503478824478018394e-01
1.580000000000000071e+00,1.000000000000000000e+00,1.502313562886845588e-01
1.580999999999999961e+00,1.000000000000000000e+00,1.501149655463636934e-01
1.582000000000000295e+00,1.000000000000000000e+00,1.499987100110938831e-01
1.583000000000000185e+00,1.000000000000000000e+00,1.498825894735358877e-01
1.584000000000000075e+00,1.000000000000000000e+00,1.497666037247553372e-01
1.584999999999999964e+00,1.000000000000000000e+00,1.496507525562219276e-01
1.585999999999999854e+00,1.000000000000000000e+00,1.495350357598084490e-01
1.587000000000000188e+00,1.000000000000000000e+00,1.494194531277899252e-01
1.588000000000000078e+00,1.000000000000000000e+00,1.493040044528426147e-01
1.588999999999999968e+00,1.000000000000000000e+00,1.491886895280430669e-01
1.589999999999999858e+00,1.000000000000000000e+00,1.490735081468672341e-01
1.591000000000000192e+00,1.000000000000000000e+00,1.489584601031894440e-01
1.592000000000000082e+00,1.000000000000000000e+00,1.488435451912818175e-01
1.592999999999999972e+00,1.000000000000000000e+00,1.487287632058127973e-01
1.593999999999999861e+00,1.000000000000000000e+00,1.486141139418467039e-01
1.595000000000000195e+00,1.000000000000000000e+00,1.484995971948425975e-01
1.596000000000000085e+00,1.000000000000000000e+00,1.483852127606534455e-01
1.596999999999999975e+00,1.000000000000000000e+00,1.482709604355251787e-01
1.597999999999999865e+00,1.000000000000000000e+00,1.481568400160957755e-01
1.599000000000000199e+00,1.000000000000000000e+00,1.480428512993942902e-01
1.600000000000000089e+00,1.000000000000000000e+00,1.479289940828402150e-01
1.600999999999999979e+00,1.000000000000000000e+00,1.478152681642422583e-01
1.601999999999999869e+00,1.000000000000000000e+00,1.477016733417976513e-01
1.603000000000000203e+00,1.000000000000000000e+00,1.475882094140910095e-01
1.604000000000000092e+00,1.000000000000000000e+00,1.474748761800939445e-01
1.604999999999999982e+00,1.000000000000000000e+00,1.473616734391635930e-01
1.605999999999999872e+00,1.000000000000000000e+00,1.472486009910420057e-01
1.607000000000000206e+00,1.000000000000000000e+00,1.471356586358552598e-01
1.608000000000000096e+00,1.000000000000000000e+00,1.470228461741126813e-01
1.608999999999999986e+00,1.000000000000000000e+00,1.469101634067056517e-01
1.609999999999999876e+00,1.000000000000000000e+00,1.467976101349070250e-01
1.611000000000000210e+00,1.000000000000000000e+00,1.466851861603699902e-01
1.612000000000000099e+00,1.000000000000000000e+00,1.465728912851276544e-01
1.612999999999999989e+00,1.000000000000000000e+00,1.464607253115915442e-01
1.613999999999999879e+00,1.000000000000000000e+00,1.463486880425511893e-01
1.615000000000000213e+00,1.000000000000000000e+00,1.462367792811730960e-01
1.616000000000000103e+00,1.000000000000000000e+00,1.461249988309999970e-01
1.616999999999999993e+00,1.000000000000000000e+00,1.460133464959497973e-01
1.617999999999999883e+00,1.000000000000000000e+00,1.459018220803148802e-01
1.619000000000000217e+00,1.000000000000000000e+00,1.457904253887610801e-01
1.620000000000000107e+00,1.000000000000000000e+00,1.456791562263271278e-01
1.620999999999999996e+00,1.000000000000000000e+00,1.455680143984234565e-01
1.621999999999999886e+00,1.000000000000000000e+00,1.454569997108314805e-01
1.623000000000000220e+00,1.000000000000000000e+00,1.453461119697028736e-01
1.624000000000000110e+00,1.000000000000000000e+00,1.452353509815585697e-01
1.625000000000000000e+00,1.000000000000000000e+00,1.451247165532879857e-01
1.625999999999999890e+00,1.000000000000000000e+00,1.450142084921480778e-01
1.627000000000000224e+00,1.000000000000000000e+00,1.449038266057625923e-01
1.628000000000000114e+00,1.000000000000000000e+00,1.447935707021213714e-01
1.629000000000000004e+00,1.000000000000000000e+00,1.446834405895792153e-01
1.629999999999999893e+00,1.000000000000000000e+00,1.445734360768552440e-01
1.631000000000000227e+00,1.000000000000000000e+00,1.444635569730319535e-01
1.632000000000000117e+00,1.000000000000000000e+00,1.443538030875546052e-01
1.633000000000000007e+00,1.000000000000000000e+00,1.442441742302301433e-01
1.633999999999999897e+00,1.000000000000000000e+00,1.441346702112264733e-01
1.635000000000000231e+00,1.000000000000000000e+00,1.440252908410716848e-01
1.636000000000000121e+00,1.000000000000000000e+00,1.439160359306531911e-01
1.637000000000000011e+00,1.000000000000000000e+00,1.438069052912168966e-01
1.637999999999999901e+00,1.000000000000000000e+00,1.436978987343663916e-01
1.639000000000000234e+00,1.000000000000000000e+00,1.435890160720621478e-01
1.640000000000000124e+00,1.000000000000000000e+00,1.434802571166207408e-01
1.641000000000000014e+00,1.000000000000000000e+00,1.433716216807139898e-01
1.641999999999999904e+00,1.000000000000000000e+00,1.432631095773680974e-01
1.643000000000000238e+00,1.000000000000000000e+00,1.431547206199629829e-01
1.644000000000000128e+00,1.000000000000000000e+00,1.430464546222314504e-01
1.645000000000000018e+00,1.000000000000000000e+00,1.429383113982582998e-01
1.645999999999999908e+00,1.000000000000000000e+00,1.428302907624795226e-01
1.647000000000000242e+00,1.000000000000000000e+00,1.427223925296816076e-01
1.648000000000000131e+00,1.000000000000000000e+00,1.426146165150007639e-01
1.649000000000000021e+00,1.000000000000000000e+00,1.425069625339220047e-01
1.649999999999999911e+00,1.000000000000000000e+00,1.423994304022783985e-01
1.651000000000000245e+00,1.000000000000000000e+00,1.422920199362503191e-01
1.652000000000000135e+00,1.000000000000000000e+00,1.421847309523646963e-01
1.653000000000000025e+00,1.000000000000000000e+00,1.420775632674941280e-01
1.653999999999999915e+00,1.000000000000000000e+00,1.419705166988561307e-01
1.655000000000000249e+00,1.000000000000000000e+00,1.418635910640123621e-01
1.656000000000000139e+00,1.000000000000000000e+00,1.417567861808680385e-01
1.657000000000000028e+00,1.000000000000000000e+00,1.416501018676707413e-01
1.657999999999999918e+00,1.000000000000000000e+00,1.415435379430100560e-01
1.659000000000000252e+00,1.000000000000000000e+00,1.414370942258164621e-01
1.660000000000000142e+00,1.000000000000000000e+00,1.413307705353609445e-01
1.661000000000000032e+00,1.000000000000000000e+00,1.412245666912538555e-01
1.661999999999999922e+00,1.000000000000000000e+00,1.411184825134443599e-01
1.663000000000000256e+00,1.000000000000000000e+00,1.410125178222195741e-01
1.664000000000000146e+00,1.000000000000000000e+00,1.409066724382039559e-01
1.665000000000000036e+00,1.000000000000000000e+00,1.408009461823583608e-01
1.665999999999999925e+00,1.000000000000000000e+00,1.406953388759793200e-01
1.667000000000000259e+00,1.000000000000000000e+00,1.405898503406983746e-01
1.668000000000000149e+00,1.000000000000000000e+00,1.404844803984814094e-01
1.669000000000000039e+00,1.000000000000000000e+00,1.403792288716275427e-01
1.669999999999999929e+00,1.000000000000000000e+00,1.402740955827687375e-01
1.671000000000000263e+00,1.000000000000000000e+00,1.401690803548688302e-01
1.672000000000000153e+00,1.000000000000000000e+00,1.400641830112230313e-01
1.673000000000000043e+00,1.000000000000000000e+00,1.399594033754568978e-01
1.673999999999999932e+00,1.000000000000000000e+00,1.398547412715257510e-01
1.675000000000000266e+00,1.000000000000000000e+00,1.397501965237138433e-01
1.676000000000000156e+00,1.000000000000000000e+00,1.396457689566338312e-01
1.677000000000000046e+00,1.000000000000000000e+00,1.395414583952257759e-01
1.677999999999999936e+00,1.000000000000000000e+00,1.394372646647565606e-01
1.679000000000000270e+00,1.000000000000000000e+00,1.393331875908190853e-01
1.680000000000000160e+00,1.000000000000000000e+00,1.392292269993316844e-01
1.681000000000000050e+00,1.000000000000000000e+00,1.391253827165371826e-01
1.681999999999999940e+00,1.000000000000000000e+00,1.390216545690022842e-01
1.683000000000000274e+00,1.000000000000000000e+00,1.389180423836168798e-01
1.684000000000000163e+00,1.000000000000000000e+00,1.388145459875932963e-01
1.685000000000000053e+00,1.000000000000000000e+00,1.387111652084655478e-01
1.685999999999999943e+00,1.000000000000000000e+00,1.386078998740885859e-01
1.687000000000000277e+00,1.000000000000000000e+00,1.385047498126376619e-01
1.688000000000000167e+00,1.000000000000000000e+00,1.384017148526076879e-01
1.689000000000000057e+00,1.000000000000000000e+00,1.382987948228122654e-01
1.689999999999999947e+00,1.000000000000000000e+00,1.381959895523831860e-01
1.691000000000000281e+00,1.000000000000000000e+00,1.380932988707696540e-01
1.692000000000000171e+00,1.000000000000000000e+00,1.379907226077376203e-01
1.693000000000000060e+00,1.000000000000000000e+00,1.378882605933690331e-01
1.693999999999999950e+00,1.000000000000000000e+00,1.377859126580611160e-01
1.695000000000000284e+00,1.000000000000000000e+00,1.376836786325256745e-01
1.696000000000000174e+00,1.000000000000000000e+00,1.375815583477885407e-01
1.697000000000000064e+00,1.000000000000000000e+00,1.374795516351886571e-01
1.697999999999999954e+00,1.000000000000000000e+00,1.373776583263774387e-01
1.699000000000000288e+00,1.000000000000000000e+00,1.372758782533181621e-01
1.700000000000000178e+00,1.000000000000000000e+00,1.371742112482852993e-01
1.701000000000000068e+00,1.000000000000000000e+00,1.370726571438636576e-01
1.701999999999999957e+00,1.000000000000000000e+00,1.369712157729477686e-01
1.703000000000000291e+00,1.000000000000000000e+00,1.368698869687412223e-01
1.704000000000000181e+00,1.000000000000000000e+00,1.367686705647561118e-01
1.705000000000000071e+00,1.000000000000000000e+00,1.366675663948120900e-01
1.705999999999999961e+00,1.000000000000000000e+00,1.365665742930358140e-01
1.707000000000000295e+00,1.000000000000000000e+00,1.364656940938602514e-01
1.708000000000000185e+00,1.000000000000000000e+00,1.363649256320241532e-01
1.709000000000000075e+00,1.000000000000000000e+00,1.362642687425710264e-01
1.709999999999999964e+00,1.000000000000000000e+00,1.361637232608488568e-01
1.711000000000000298e+00,1.000000000000000000e+00,1.360632890225090541e-01
1.712000000000000188e+00,1.000000000000000000e+00,1.359629658635062299e-01
1.713000000000000078e+00,1.000000000000000000e+00,1.358627536200970320e-01
1.713999999999999968e+00,1.000000000000000000e+00,1.357626521288398391e-01
1.714999999999999858e+00,1.000000000000000000e+00,1.356626612265939558e-01
1.716000000000000192e+00,1.000000000000000000e+00,1.355627807505189186e-01
1.717000000000000082e+00,1.000000000000000000e+00,1.354630105380739691e-01
1.717999999999999972e+00,1.000000000000000000e+00,1.353633504270172205e-01
1.718999999999999861e+00,1.000000000000000000e+00,1.352638002554051033e-01
1.720000000000000195e+00,1.000000000000000000e+00,1.351643598615916708e-01
1.721000000000000085e+00,1.000000000000000000e+00,1.350650290842280166e-01
1.721999999999999975e+00,1.000000000000000000e+00,1.349658077622615249e-01
1.722999999999999865e+00,1.000000000000000000e+00,1.348666957349351769e-01
1.724000000000000199e+00,1.000000000000000000e+00,1.347676928417870235e-01
1.725000000000000089e+00,1.000000000000000000e+00,1.346687989226496018e-01
1.725999999999999979e+00,1.000000000000000000e+00,1.345700138176490201e-01
1.726999999999999869e+00,1.000000000000000000e+00,1.344713373672045131e-01
1.728000000000000203e+00,1.000000000000000000e+00,1.343727694120277205e-01
1.729000000000000092e+00,1.000000000000000000e+00,1.342743097931222152e-01
1.729999999999999982e+00,1.000000000000000000e+00,1.341759583517825316e-01
1.730999999999999872e+00,1.000000000000000000e+00,1.340777149295938053e-01
1.732000000000000206e+00,1.000000000000000000e+00,1.339795793684309400e-01
1.733000000000000096e+00,1.000000000000000000e+00,1.338815515104583576e-01
1.733999999999999986e+00,1.000000000000000000e+00,1.337836311981287496e-01
1.734999999999999876e+00,1.000000000000000000e+00,1.336858182741829382e-01
1.736000000000000210e+00,1.000000000000000000e+00,1.335881125816490433e-01
1.737000000000000099e+00,1.000000000000000000e+00,1.334905139638419558e-01
1.737999999999999989e+00,1.000000000000000000e+00,1.333930222643625596e-01
1.738999999999999879e+00,1.000000000000000000e+00,1.332956373270972605e-01
1.740000000000000213e+00,1.000000000000000000e+00,1.331983589962171532e-01
1.741000000000000103e+00,1.000000000000000000e+00,1.331011871161777715e-01
1.741999999999999993e+00,1.000000000000000000e+00,1.330041215317180336e-01
1.742999999999999883e+00,1.000000000000000000e+00,1.329071620878598814e-01
1.744000000000000217e+00,1.000000000000000000e+00,1.328103086299075863e-01
1.745000000000000107e+00,1.000000000000000000e+00,1.327135610034472224e-01
1.745999999999999996e+00,1.000000000000000000e+00,1.326169190543458887e-01
1.746999999999999886e+00,1.000000000000000000e+00,1.325203826287511821e-01
1.748000000000000220e+00,1.000000000000000000e+00,1.324239515730905870e-01
1.749000000000000110e+00,1.000000000000000000e+00,1.323276257340709472e-01
1.750000000000000000e+00,1.000000000000000000e+00,1.322314049586776896e-01
1.750999999999999890e+00,1.000000000000000000e+00,1.321352890941742686e-01
1.752000000000000224e+00,1.000000000000000000e+00,1.320392779881016387e-01
1.753000000000000114e+00,1.000000000000000000e+00,1.319433714882776720e-01
1.754000000000000004e+00,1.000000000000000000e+00,1.318475694427963529e-01
1.754999999999999893e+00,1.000000000000000000e+00,1.317518717000273343e-01
1.756000000000000227e+00,1.000000000000000000e+00,1.316562781086153544e-01
1.757000000000000117e+00,1.000000000000000000e+00,1.315607885174796265e-01
1.758000000000000007e+00,1.000000000000000000e+00,1.314654027758131172e-01
1.758999999999999897e+00,1.000000000000000000e+00,1.313701207330820464e-01
1.760000000000000231e+00,1.000000000000000000e+00,1.312749422390253884e-01
1.761000000000000121e+00,1.000000000000000000e+00,1.311798671436541497e-01
1.762000000000000011e+00,1.000000000000000000e+00,1.310848952972507309e-01
1.762999999999999901e+00,1.000000000000000000e+00,1.309900265503685102e-01
1.764000000000000234e+00,1.000000000000000000e+00,1.308952607538310109e-01
1.765000000000000124e+00,1.000000000000000000e+00,1.308005977587317348e-01
1.766000000000000014e+00,1.000000000000000000e+00,1.307060374164330796e-01
1.766999999999999904e+00,1.000000000000000000e+00,1.306115795785660894e-01
1.768000000000000238e+00,1.000000000000000000e+00,1.305172240970296216e-01
1.769000000000000128e+00,1.000000000000000000e+00,1.304229708239901531e-01
1.770000000000000018e+00,1.000000000000000000e+00,1.303288196118807807e-01
1.770999999999999908e+00,1.000000000000000000e+00,1.302347703134008605e-01
1.772000000000000242e+00,1.000000000000000000e+00,1.301408227815153973e-01
1.773000000000000131e+00,1.000000000000000000e+00,1.300469768694545447e-01
1.774000000000000021e+00,1.000000000000000000e+00,1.299532324307128284e-01
1.774999999999999911e+00,1.000000000000000000e+00,1.298595893190487849e-01
1.776000000000000245e+00,1.000000000000000000e+00,1.297660473884842403e-01
1.777000000000000135e+00,1.000000000000000000e+00,1.296726064933038935e-01
1.778000000000000025e+00,1.000000000000000000e+00,1.295792664880545952e-01
1.778999999999999915e+00,1.000000000000000000e+00,1.294860272275449031e-01
1.780000000000000249e+00,1.000000000000000000e+00,1.293928885668443329e-01
1.781000000000000139e+00,1.000000000000000000e+00,1.292998503612831640e-01
1.782000000000000028e+00,1.000000000000000000e+00,1.292069124664514124e-01
1.782999999999999918e+00,1.000000000000000000e+00,1.291140747381986364e-01
1.784000000000000252e+00,1.000000000000000000e+00,1.290213370326330766e-01
1.785000000000000142e+00,1.000000000000000000e+00,1.289286992061215165e-01
1.786000000000000032e+00,1.000000000000000000e+00,1.288361611152882558e-01
1.786999999999999922e+00,1.000000000000000000e+00,1.287437226170148608e-01
1.788000000000000256e+00,1.000000000000000000e+00,1.286513835684394147e-01
1.789000000000000146e+00,1.000000000000000000e+00,1.285591438269562958e-01
1.790000000000000036e+00,1.000000000000000000e+00,1.284670032502151782e-01
1.790999999999999925e+00,1.000000000000000000e+00,1.283749616961208095e-01
1.792000000000000259e+00,1.000000000000000000e+00,1.282830190228322897e-01
1.793000000000000149e+00,1.000000000000000000e+00,1.281911750887627655e-01
1.794000000000000039e+00,1.000000000000000000e+00,1.280994297525785142e-01
1.794999999999999929e+00,1.000000000000000000e+00,1.280077828731986944e-01
1.796000000000000263e+00,1.000000000000000000e+00,1.279162343097946797e-01
1.797000000000000153e+00,1.000000000000000000e+00,1.278247839217896142e-01
1.798000000000000043e+00,1.000000000000000000e+00,1.277334315688577748e-01
1.798999999999999932e+00,1.000000000000000000e+00,1.276421771109239878e-01
1.800000000000000266e+00,1.000000000000000000e+00,1.275510204081632404e-01
1.801000000000000156e+00,1.000000000000000000e+00,1.274599613210001259e-01
1.802000000000000046e+00,1.000000000000000000e+00,1.273689997101081495e-01
1.802999999999999936e+00,1.000000000000000000e+00,1.272781354364093676e-01
1.804000000000000270e+00,1.000000000000000000e+00,1.271873683610737216e-01
1.805000000000000160e+00,1.000000000000000000e+00,1.270966983455187049e-01
1.806000000000000050e+00,1.000000000000000000e+00,1.270061252514086136e-01
1.806999999999999940e+00,1.000000000000000000e+00,1.269156489406541299e-01
1.808000000000000274e+00,1.000000000000000000e+00,1.268252692754117117e-01
1.809000000000000163e+00,1.000000000000000000e+00,1.267349861180832871e-01
1.810000000000000053e+00,1.000000000000000000e+00,1.266447993313154496e-01
1.810999999999999943e+00,1.000000000000000000e+00,1.265547087779991253e-01
1.812000000000000277e+00,1.000000000000000000e+00,1.264647143212689062e-01
1.813000000000000167e+00,1.000000000000000000e+00,1.263748158245027731e-01
1.814000000000000057e+00,1.000000000000000000e+00,1.262850131513212626e-01
1.814999999999999947e+00,1.000000000000000000e+00,1.261953061655871622e-01
1.816000000000000281e+00,1.000000000000000000e+00,1.261056947314049270e-01
1.817000000000000171e+00,1.000000000000000000e+00,1.260161787131202360e-01
1.818000000000000060e+00,1.000000000000000000e+00,1.259267579753193533e-01
1.818999999999999950e+00,1.000000000000000000e+00,1.258374323828286845e-01
1.820000000000000284e+00,1.000000000000000000e+00,1.257482018007142210e-01
1.821000000000000174e+00,1.000000000000000000e+00,1.256590660942812354e-01
1.822000000000000064e+00,1.000000000000000000e+00,1.255700251290734204e-01
1.822999999999999954e+00,1.000000000000000000e+00,1.254810787708726671e-01
1.824000000000000288e+00,1.000000000000000000e+00,1.253922268856984268e-01
1.825000000000000178e+00,1.000000000000000000e+00,1.253034693398073218e-01
1.826000000000000068e+00,1.000000000000000000e+00,1.252148059996924800e-01
1.826999999999999957e+00,1.000000000000000000e+00,1.251262367320830904e-01
1.828000000000000291e+00,1.000000000000000000e+00,1.250377614039439589e-01
1.829000000000000181e+00,1.000000000000000000e+00,1.249493798824750923e-01
1.830000000000000071e+00,1.000000000000000000e+00,1.248610920351109349e-01
1.830999999999999961e+00,1.000000000000000000e+00,1.247728977295200492e-01
1.832000000000000295e+00,1.000000000000000000e+00,1.246847968336046025e-01
1.833000000000000185e+00,1.000000000000000000e+00,1.245967892154999784e-01
1.834000000000000075e+00,1.000000000000000000e+00,1.245088747435739718e-01
1.834999999999999964e+00,1.000000000000000000e+00,1.244210532864266083e-01
1.836000000000000298e+00,1.000000000000000000e+00,1.243333247128894509e-01
1.837000000000000188e+00,1.000000000000000000e+00,1.242456888920253910e-01
1.838000000000000078e+00,1.000000000000000000e+00,1.241581456931277333e-01
1.838999999999999968e+00,1.000000000000000000e+00,1.240706949857200980e-01
1.839999999999999858e+00,1.000000000000000000e+00,1.239833366395556441e-01
1.841000000000000192e+00,1.000000000000000000e+00,1.238960705246168331e-01
1.842000000000000082e+00,1.000000000000000000e+00,1.238088965111148188e-01
1.842999999999999972e+00,1.000000000000000000e+00,1.237218144694889055e-01
1.843999999999999861e+00,1.000000000000000000e+00,1.236348242704061740e-01
1.845000000000000195e+00,1.000000000000000000e+00,1.235479257847609813e-01
1.846000000000000085e+00,1.000000000000000000e+00,1.234611188836744339e-01
1.846999999999999975e+00,1.000000000000000000e+00,1.233744034384939708e-01
1.847999999999999865e+00,1.000000000000000000e+00,1.232877793207928369e-01
1.849000000000000199e+00,1.000000000000000000e+00,1.232012464023695963e-01
1.850000000000000089e+00,1.000000000000000000e+00,1.231148045552477588e-01
1.850999999999999979e+00,1.000000000000000000e+00,1.230284536516751820e-01
1.851999999999999869e+00,1.000000000000000000e+00,1.229421935641237112e-01
1.853000000000000203e+00,1.000000000000000000e+00,1.228560241652884993e-01
1.854000000000000092e+00,1.000000000000000000e+00,1.227699453280879233e-01
1.854999999999999982e+00,1.000000000000000000e+00,1.226839569256627099e-01
1.855999999999999872e+00,1.000000000000000000e+00,1.225980588313757141e-01
1.857000000000000206e+00,1.000000000000000000e+00,1.225122509188112524e-01
1.858000000000000096e+00,1.000000000000000000e+00,1.224265330617749503e-01
1.858999999999999986e+00,1.000000000000000000e+00,1.223409051342930071e-01
1.859999999999999876e+00,1.000000000000000000e+00,1.222553670106117790e-01
1.861000000000000210e+00,1.000000000000000000e+00,1.221699185651973496e-01
1.862000000000000099e+00,1.000000000000000000e+00,1.220845596727352517e-01
1.862999999999999989e+00,1.000000000000000000e+00,1.219992902081295794e-01
1.863999999999999879e+00,1.000000000000000000e+00,1.219141100465029187e-01
1.865000000000000213e+00,1.000000000000000000e+00,1.218290190631957509e-01
1.866000000000000103e+00,1.000000000000000000e+00,1.217440171337659804e-01
1.866999999999999993e+00,1.000000000000000000e+00,1.216591041339885187e-01
1.867999999999999883e+00,1.000000000000000000e+00,1.215742799398547985e-01
1.869000000000000217e+00,1.000000000000000000e+00,1.214895444275722186e-01
1.870000000000000107e+00,1.000000000000000000e+00,1.214048974735640746e-01
1.870999999999999996e+00,1.000000000000000000e+00,1.213203389544685873e-01
1.871999999999999886e+00,1.000000000000000000e+00,1.212358687471388335e-01
1.873000000000000220e+00,1.000000000000000000e+00,1.211514867286421077e-01
1.874000000000000110e+00,1.000000000000000000e+00,1.210671927762595884e-01
1.875000000000000000e+00,1.000000000000000000e+00,1.209829867674858256e-01
1.875999999999999890e+00,1.000000000000000000e+00,1.208988685800282820e-01
1.877000000000000224e+00,1.000000000000000000e+00,1.208148380918069448e-01
1.878000000000000114e+00,1.000000000000000000e+00,1.207308951809538677e-01
1.879000000000000004e+00,1.000000000000000000e+00,1.206470397258127131e-01
1.879999999999999893e+00,1.000000000000000000e+00,1.205632716049382797e-01
1.881000000000000227e+00,1.000000000000000000e+00,1.204795906970961006e-01
1.882000000000000117e+00,1.000000000000000000e+00,1.203959968812620823e-01
1.883000000000000007e+00,1.000000000000000000e+00,1.203124900366219219e-01
1.883999999999999897e+00,1.000000000000000000e+00,1.202290700425707043e-01
1.885000000000000231e+00,1.000000000000000000e+00,1.201457367787125696e-01
1.886000000000000121e+00,1.000000000000000000e+00,1.200624901248601856e-01
1.887000000000000011e+00,1.000000000000000000e+00,1.199793299610343172e-01
1.887999999999999901e+00,1.000000000000000000e+00,1.198962561674634247e-01
1.889000000000000234e+00,1.000000000000000000e+00,1.198132686245831913e-01
1.890000000000000124e+00,1.000000000000000000e+00,1.197303672130362456e-01
1.891000000000000014e+00,1.000000000000000000e+00,1.196475518136714267e-01
1.891999999999999904e+00,1.000000000000000000e+00,1.195648223075436861e-01
1.893000000000000238e+00,1.000000000000000000e+00,1.194821785759134086e-01
1.894000000000000128e+00,1.000000000000000000e+00,1.193996205002461897e-01
1.895000000000000018e+00,1.000000000000000000e+00,1.193171479622122666e-01
1.895999999999999908e+00,1.000000000000000000e+00,1.192347608436861023e-01
1.897000000000000242e+00,1.000000000000000000e+00,1.191524590267460104e-01
1.898000000000000131e+00,1.000000000000000000e+00,1.190702423936738363e-01
1.899000000000000021e+00,1.000000000000000000e+00,1.189881108269542770e-01
1.899999999999999911e+00,1.000000000000000000e+00,1.189060642092746728e-01
1.901000000000000245e+00,1.000000000000000000e+00,1.188241024235244803e-01
1.902000000000000135e+00,1.000000000000000000e+00,1.187422253527950222e-01
1.903000000000000025e+00,1.000000000000000000e+00,1.186604328803787661e-01
1.903999999999999915e+00,1.000000000000000000e+00,1.185787248897692131e-01
1.905000000000000249e+00,1.000000000000000000e+00,1.184971012646603011e-01
1.906000000000000139e+00,1.000000000000000000e+00,1.184155618889460859e-01
1.907000000000000028e+00,1.000000000000000000e+00,1.183341066467202690e-01
1.907999999999999918e+00,1.000000000000000000e+00,1.182527354222758093e-01
1.909000000000000252e+00,1.000000000000000000e+00,1.181714481001044370e-01
1.910000000000000142e+00,1.000000000000000000e+00,1.180902445648964738e-01
1.911000000000000032e+00,1.000000000000000000e+00,1.180091247015401662e-01
1.911999999999999922e+00,1.000000000000000000e+00,1.179280883951213665e-01
1.913000000000000256e+00,1.000000000000000000e+00,1.178471355309231305e-01
1.914000000000000146e+00,1.000000000000000000e+00,1.177662659944253981e-01
1.915000000000000036e+00,1.000000000000000000e+00,1.176854796713044521e-01
1.915999999999999925e+00,1.000000000000000000e+00,1.176047764474325574e-01
1.917000000000000259e+00,1.000000000000000000e+00,1.175241562088775449e-01
1.918000000000000149e+00,1.000000000000000000e+00,1.174436188419025473e-01
1.919000000000000039e+00,1.000000000000000000e+00,1.173631642329654029e-01
1.919999999999999929e+00,1.000000000000000000e+00,1.172827922687183499e-01
1.921000000000000263e+00,1.000000000000000000e+00,1.172025028360075549e-01
1.922000000000000153e+00,1.000000000000000000e+00,1.171222958218729043e-01
1.923000000000000043e+00,1.000000000000000000e+00,1.170421711135474080e-01
1.923999999999999932e+00,1.000000000000000000e+00,1.169621285984568521e-01
1.925000000000000266e+00,1.000000000000000000e+00,1.168821681642194382e-01
1.926000000000000156e+00,1.000000000000000000e+00,1.168022896986454090e-01
1.927000000000000046e+00,1.000000000000000000e+00,1.167224930897365898e-01
1.927999999999999936e+00,1.000000000000000000e+00,1.166427782256860557e-01
1.929000000000000270e+00,1.000000000000000000e+00,1.165631449948776044e-01
1.930000000000000160e+00,1.000000000000000000e+00,1.164835932858856726e-01
1.931000000000000050e+00,1.000000000000000000e+00,1.164041229874745592e-01
1.931999999999999940e+00,1.000000000000000000e+00,1.163247339885983139e-01
1.933000000000000274e+00,1.000000000000000000e+00,1.162454261784001963e-01
1.934000000000000163e+00,1.000000000000000000e+00,1.161661994462124814e-01
1.935000000000000053e+00,1.000000000000000000e+00,1.160870536815557796e-01
1.935999999999999943e+00,1.000000000000000000e+00,1.160079887741389398e-01
1.937000000000000277e+00,1.000000000000000000e+00,1.159290046138584385e-01
1.938000000000000167e+00,1.000000000000000000e+00,1.158501010907981993e-01
1.939000000000000057e+00,1.000000000000000000e+00,1.157712780952290382e-01
1.939999999999999947e+00,1.000000000000000000e+00,1.156925355176084136e-01
1.941000000000000281e+00,1.000000000000000000e+00,1.156138732485798709e-01
1.942000000000000171e+00,1.000000000000000000e+00,1.155352911789729459e-01
1.943000000000000060e+00,1.000000000000000000e+00,1.154567891998024842e-01
1.943999999999999950e+00,1.000000000000000000e+00,1.153783672022684337e-01
1.945000000000000284e+00,1.000000000000000000e+00,1.153000250777554414e-01
1.946000000000000174e+00,1.000000000000000000e+00,1.152217627178324932e-01
1.947000000000000064e+00,1.000000000000000000e+00,1.151435800142524835e-01
1.947999999999999954e+00,1.000000000000000000e+00,1.150654768589518123e-01
1.949000000000000288e+00,1.000000000000000000e+00,1.149874531440501779e-01
1.950000000000000178e+00,1.000000000000000000e+00,1.149095087618500349e-01
1.951000000000000068e+00,1.000000000000000000e+00,1.148316436048362893e-01
1.951999999999999957e+00,1.000000000000000000e+00,1.147538575656759235e-01
1.953000000000000291e+00,1.000000000000000000e+00,1.146761505372175943e-01
1.954000000000000181e+00,1.000000000000000000e+00,1.145985224124914104e-01
1.955000000000000071e+00,1.000000000000000000e+00,1.145209730847082941e-01
1.955999999999999961e+00,1.000000000000000000e+00,1.144435024472598567e-01
1.957000000000000295e+00,1.000000000000000000e+00,1.143661103937178986e-01
1.958000000000000185e+00,1.000000000000000000e+00,1.142887968178341596e-01
1.959000000000000075e+00,1.000000000000000000e+00,1.142115616135398193e-01
1.959999999999999964e+00,1.000000000000000000e+00,1.141344046749452196e-01
1.961000000000000298e+00,1.000000000000000000e+00,1.140573258963394343e-01
1.962000000000000188e+00,1.000000000000000000e+00,1.139803251721900612e-01
1.963000000000000078e+00,1.000000000000000000e+00,1.139034023971426529e-01
1.963999999999999968e+00,1.000000000000000000e+00,1.138265574660204810e-01
1.965000000000000302e+00,1.000000000000000000e+00,1.137497902738241473e-01
1.966000000000000192e+00,1.000000000000000000e+00,1.136731007157312928e-01
1.967000000000000082e+00,1.000000000000000000e+00,1.135964886870960838e-01
1.967999999999999972e+00,1.000000000000000000e+00,1.135199540834489901e-01
1.968999999999999861e+00,1.000000000000000000e+00,1.134434968004963545e-01
1.970000000000000195e+00,1.000000000000000000e+00,1.133671167341200742e-01
1.971000000000000085e+00,1.000000000000000000e+00,1.132908137803773779e-01
1.971999999999999975e+00,1.000000000000000000e+00,1.132145878355001051e-01
1.972999999999999865e+00,1.000000000000000000e+00,1.131384387958947607e-01
1.974000000000000199e+00,1.000000000000000000e+00,1.130623665581418497e-01
1.975000000000000089e+00,1.000000000000000000e+00,1.129863710189958209e-01
1.975999999999999979e+00,1.000000000000000000e+00,1.129104520753844293e-01
1.976999999999999869e+00,1.000000000000000000e+00,1.128346096244085828e-01
1.978000000000000203e+00,1.000000000000000000e+00,1.127588435633418290e-01
1.979000000000000092e+00,1.000000000000000000e+00,1.126831537896302304e-01
1.979999999999999982e+00,1.000000000000000000e+00,1.126075402008918508e-01
1.980999999999999872e+00,1.000000000000000000e+00,1.125320026949164082e-01
1.982000000000000206e+00,1.000000000000000000e+00,1.124565411696649558e-01
1.983000000000000096e+00,1.000000000000000000e+00,1.123811555232697018e-01
1.983999999999999986e+00,1.000000000000000000e+00,1.123058456540333011e-01
1.984999999999999876e+00,1.000000000000000000e+00,1.122306114604289112e-01
1.986000000000000210e+00,1.000000000000000000e+00,1.121554528410994844e-01
1.987000000000000099e+00,1.000000000000000000e+00,1.120803696948578232e-01
1.987999999999999989e+00,1.000000000000000000e+00,1.120053619206858725e-01
1.988999999999999879e+00,1.000000000000000000e+00,1.119304294177345532e-01
1.990000000000000213e+00,1.000000000000000000e+00,1.118555720853234153e-01
1.991000000000000103e+00,1.000000000000000000e+00,1.117807898229403324e-01
1.991999999999999993e+00,1.000000000000000000e+00,1.117060825302410715e-01
1.992999999999999883e+00,1.000000000000000000e+00,1.116314501070489879e-01
1.994000000000000217e+00,1.000000000000000000e+00,1.115568924533546918e-01
1.995000000000000107e+00,1.000000000000000000e+00,1.114824094693158407e-01
1.995999999999999996e+00,1.000000000000000000e+00,1.114080010552565975e-01
1.996999999999999886e+00,1.000000000000000000e+00,1.113336671116673393e-01
1.998000000000000220e+00,1.000000000000000000e+00,1.112594075392044496e-01
1.999000000000000110e+00,1.000000000000000000e+00,1.111852222386899847e-01
2.000000000000000000e+00,1.000000000000000000e+00,1.111111111111111049e-01
