time,increment,cumulative_path
0.000244140625,-0.0083364984693677299,-0.0083364984693677299
0.00048828125,-0.019229089748160073,-0.027565588217527803
0.000732421875,0.011670202962879263,-0.01589538525464854
0.0009765625,0.0086038559673083329,-0.0072915292873402069
0.001220703125,-0.012571575023817779,-0.019863104311157988
0.00146484375,0.014647658713978069,-0.0052154455971799192
0.001708984375,0.025420863154656845,0.020205417557476926
0.001953125,0.0061343463745081456,0.026339763931985071
0.002197265625,0.0027826538194810247,0.029122417751466095
0.00244140625,0.0042648486114490805,0.033387266362915176
0.002685546875,-0.0041118317946259057,0.029275434568289269
0.0029296875,0.013801471084604633,0.043076905652893904
0.003173828125,-0.0046045308677600651,0.038472374785133837
0.00341796875,-0.016439140987732092,0.022033233797401745
0.003662109375,0.010063247465898472,0.032096481263300218
0.00390625,0.012729832818456665,0.044826314081756885
0.004150390625,0.0035551690902899738,0.048381483172046859
0.00439453125,-0.0039973413704204553,0.044384141801626406
0.004638671875,0.01518247286111858,0.059566614662744988
0.0048828125,0.026143393160719258,0.085710007823464246
0.005126953125,0.014426572800195983,0.10013658062366022
0.00537109375,-0.015185441022608845,0.084951139601051384
0.005615234375,0.023536423147491051,0.10848756274854243
0.005859375,0.024165022399802394,0.13265258514834483
0.006103515625,0.040329452388226182,0.17298203753657102
0.00634765625,-0.0067046626356118064,0.1662773749009592
0.006591796875,0.0084134418442543997,0.17469081674521361
0.0068359375,0.029666902127458795,0.2043577188726724
0.007080078125,-0.017200690685704251,0.18715702818696814
0.00732421875,-0.028542028069518281,0.15861500011744986
0.007568359375,-0.0059031573982236971,0.15271184271922617
0.0078125,0.031234220555642091,0.18394606327486826
0.008056640625,-0.0029246220650928304,0.18102144120977542
0.00830078125,0.0069400340836461277,0.18796147529342155
0.008544921875,-0.0048290796977713832,0.18313239559565017
0.0087890625,0.0085479079213931029,0.19168030351704327
0.009033203125,0.0090335559967811216,0.20071385951382439
0.00927734375,-0.0047382272406678002,0.19597563227315659
0.009521484375,-0.015738959588285247,0.18023667268487134
0.009765625,-0.00038180892413965123,0.17985486376073168
0.010009765625,-0.018394763916373281,0.16146009984435838
0.01025390625,0.015572124642108689,0.17703222448646708
0.010498046875,0.025396439466366903,0.20242866395283399
0.0107421875,-0.0092392401321732872,0.19318942382066071
0.010986328125,-0.0031122759496469599,0.19007714787101374
0.01123046875,0.012071881440013905,0.20214902931102763
0.011474609375,-0.030920285172156701,0.17122874413887093
0.01171875,0.0026052130358193214,0.17383395717469025
0.011962890625,0.01748878564587197,0.19132274282056222
0.01220703125,0.0094335324733570772,0.20075627529391929
0.012451171875,-0.0091122010958085767,0.19164407419811072
0.0126953125,0.0055357325469322554,0.19717980674504298
0.012939453125,0.0018312331840601582,0.19901103992910316
0.01318359375,-0.030051341291006284,0.16895969863809687
0.013427734375,0.014675161054158734,0.1836348596922556
0.013671875,-0.016254850493379457,0.16738000919887613
0.013916015625,-0.0098432458718895766,0.15753676332698655
0.01416015625,0.01087094920692808,0.16840771253391462
0.014404296875,-0.0085360523793517468,0.15987166015456289
0.0146484375,-0.022897504684602644,0.13697415546996025
0.014892578125,0.0096826119933344536,0.1466567674632947
0.01513671875,-0.016893429567161063,0.12976333789613365
0.015380859375,-0.033914845966707567,0.095848491929426072
0.015625,-0.021728973923077727,0.074119518006348348
0.015869140625,0.0023199699103988946,0.076439487916747248
0.01611328125,-0.00037021032354251623,0.076069277593204726
0.016357421875,-0.010473698250094631,0.065595579343110097
0.0166015625,-0.01482078382943397,0.050774795513676127
0.016845703125,-0.014591997074172186,0.036182798439503942
0.01708984375,0.010414303488770652,0.046597101928274598
0.017333984375,0.039261552761783843,0.085858654690058434
0.017578125,-0.0014009829279300603,0.084457671762128372
0.017822265625,0.013807161039247387,0.098264832801375754
0.01806640625,-0.0067716373882481043,0.091493195413127643
0.018310546875,0.015617760761981249,0.10711095617510889
0.0185546875,0.01205573297071875,0.11916668914582765
0.018798828125,0.0072131125095269708,0.12637980165535462
0.01904296875,-0.014711762056564368,0.11166803959879025
0.019287109375,0.019549789641683604,0.13121782924047384
0.01953125,0.0018352143929901889,0.13305304363346404
0.019775390625,-0.016864735840407735,0.11618830779305631
0.02001953125,0.034685344327135804,0.1508736521201921
0.020263671875,0.012966975498322859,0.16384062761851495
0.0205078125,-0.015610796556883784,0.14822983106163118
0.020751953125,-0.009960626313463769,0.1382692047481674
0.02099609375,0.017357142498233547,0.15562634724640095
0.021240234375,0.0020214344993314927,0.15764778174573243
0.021484375,-0.012022568655429043,0.14562521309030338
0.021728515625,-0.0079724580708970105,0.13765275501940638
0.02197265625,0.0075046338130673193,0.1451573888324737
0.022216796875,0.0058148785424438441,0.15097226737491753
0.0224609375,0.024093985288098752,0.17506625266301629
0.022705078125,0.020332764768675023,0.1953990174316913
0.02294921875,0.013491889532491069,0.20889090696418236
0.023193359375,-0.014559282619340077,0.19433162434484227
0.0234375,0.038106628212318576,0.23243825255716086
0.023681640625,-0.0026061083998049467,0.22983214415735592
0.02392578125,0.0047156220344205446,0.23454776619177647
0.024169921875,-0.0026585913451339029,0.23188917484664257
0.0244140625,0.0040338269237435867,0.23592300177038616
0.024658203125,0.0034515434401751468,0.23937454521056131
0.02490234375,0.010658144888980033,0.25003269009954132
0.025146484375,-0.0058385768258591977,0.24419411327368212
0.025390625,-0.0034363550692109246,0.24075775820447121
0.025634765625,-0.050180793773055066,0.19057696443141614
0.02587890625,0.014430444449690265,0.20500740888110641
0.026123046875,0.0099942076092654642,0.21500161649037189
0.0263671875,0.0070344569931484659,0.22203607348352036
0.026611328125,0.0042586849361266332,0.226294758419647
0.02685546875,0.019898880856960035,0.24619363927660703
0.027099609375,0.019852349320411605,0.26604598859701867
0.02734375,-0.014639452579092724,0.25140653601792595
0.027587890625,-0.02650374704029276,0.22490278897763319
0.02783203125,0.00085128115463127118,0.22575407013226445
0.028076171875,0.013884381600276705,0.23963845173254117
0.0283203125,0.0070264420108481851,0.24666489374338935
0.028564453125,-0.0024860734284420419,0.24417882031494731
0.02880859375,0.021660315096670772,0.26583913541161808
0.029052734375,0.0061801854464680669,0.27201932085808617
0.029296875,-0.011085497186341737,0.26093382367174445
0.029541015625,-0.017886905430298857,0.24304691824144559
0.02978515625,0.0005684244992727322,0.24361534274071833
0.030029296875,-0.0018984715918156424,0.2417168711489027
0.0302734375,-0.0060690568116230767,0.23564781433727963
0.030517578125,0.013169661912434641,0.24881747624971429
0.03076171875,0.0031334909896112233,0.25195096723932553
0.031005859375,0.002491291648178115,0.25444225888750366
0.03125,0.01274356081504667,0.26718581970255034
0.031494140625,0.026118611175225407,0.29330443087777575
0.03173828125,-0.0096206136798396742,0.28368381719793606
0.031982421875,0.017660597925143212,0.3013444151230793
0.0322265625,0.0055729850110018964,0.3069174001340812
0.032470703125,-0.012093749649542993,0.29482365048453818
0.03271484375,-0.00210905973636319,0.29271459074817496
0.032958984375,0.015037143641962496,0.30775173439013748
0.033203125,-0.015033762816903534,0.29271797157323393
0.033447265625,0.010599434406530146,0.30331740597976409
0.03369140625,0.0069917322138382202,0.31030913819360229
0.033935546875,-0.011175838665522247,0.29913329952808004
0.0341796875,-0.0039865641004840314,0.29514673542759601
0.034423828125,0.0075580905868736252,0.30270482601446963
0.03466796875,0.014880610540103006,0.31758543655457261
0.034912109375,0.011703269644987455,0.32928870619956008
0.03515625,0.018785988864550653,0.34807469506411071
0.035400390625,-0.0039074876085048518,0.34416720745560586
0.03564453125,0.013940012043305906,0.35810721949891178
0.035888671875,-0.018463341252304734,0.33964387824660702
0.0361328125,-0.0035188057410522901,0.33612507250555473
0.036376953125,-0.00067660215255300549,0.33544847035300174
0.03662109375,-0.01440991891482591,0.32103855143817583
0.036865234375,0.0051677209101519779,0.32620627234832783
0.037109375,0.010271908786631019,0.33647818113495886
0.037353515625,-0.004352617657215686,0.33212556347774319
0.03759765625,0.023375691914740843,0.35550125539248401
0.037841796875,0.014235009042690122,0.36973626443517416
0.0380859375,-0.0077918824033787835,0.36194438203179535
0.038330078125,-0.011302909786957261,0.3506414722448381
0.03857421875,-0.0068968016407939241,0.34374467060404418
0.038818359375,-0.02625640611357058,0.31748826449047363
0.0390625,-0.019567509330070839,0.29792075516040278
0.039306640625,-0.021899936441920335,0.27602081871848244
0.03955078125,-0.015761376052849056,0.26025944266563339
0.039794921875,0.0014983917948436078,0.26175783446047701
0.0400390625,0.019047192828311441,0.28080502728878848
0.040283203125,0.016943795645898173,0.29774882293468663
0.04052734375,0.0045879846900209386,0.30233680762470755
0.040771484375,-0.011062715540964472,0.29127409208374305
0.041015625,0.02184409488110596,0.313118186964849
0.041259765625,0.015427141958984579,0.32854532892383359
0.04150390625,-0.013107040713849707,0.31543828820998387
0.041748046875,-0.0066314745222893082,0.30880681368769458
0.0419921875,-0.013924661362575695,0.29488215232511888
0.042236328125,0.010900412880088304,0.30578256520520719
0.04248046875,0.0049370952790319788,0.31071966048423916
0.042724609375,-0.016458544465632656,0.29426111601860649
0.04296875,0.017563169927304226,0.31182428594591072
0.043212890625,-0.0075774359367478637,0.30424685000916285
0.04345703125,-0.0085660559333044818,0.29568079407585834
0.043701171875,0.022729469264790698,0.31841026334064904
0.0439453125,0.017407798022852396,0.33581806136350145
0.044189453125,0.010374124200316047,0.34619218556381748
0.04443359375,0.017673002652605144,0.36386518821642261
0.044677734375,0.011002506216665821,0.37486769443308843
0.044921875,-0.001815719364178443,0.37305197506890997
0.045166015625,-0.015602071915436286,0.35744990315347369
0.04541015625,-0.011899005544217495,0.34555089760925617
0.045654296875,-0.0011805201900585184,0.34437037741919763
0.0458984375,0.004433741563473783,0.34880411898267139
0.046142578125,-0.00047345459437645089,0.34833066438829491
0.04638671875,-0.021112761805214354,0.32721790258308053
0.046630859375,0.0035822199175309303,0.33080012250061147
0.046875,0.014595251762186845,0.34539537426279832
0.047119140625,-0.021446956490263451,0.32394841777253486
0.04736328125,0.0014317655966728348,0.32538018336920771
0.047607421875,-0.005756989147418231,0.31962319422178948
0.0478515625,-0.017120573311324921,0.30250262091046454
0.048095703125,0.022591639195470022,0.32509426010593456
0.04833984375,0.0035047444482410621,0.32859900455417562
0.048583984375,-0.018649168229102456,0.30994983632507317
0.048828125,-0.022240835515099699,0.28770900080997347
0.049072265625,0.013188622906370242,0.30089762371634371
0.04931640625,-0.0011033783984787083,0.29979424531786503
0.049560546875,0.0039872255379601353,0.30378147085582519
0.0498046875,0.0035490236944329505,0.30733049455025813
0.050048828125,-0.025547089264007134,0.28178340528625101
0.05029296875,0.0089763842532443305,0.29075978953949533
0.050537109375,-0.032234269475320092,0.25852552006417523
0.05078125,0.014611514525337909,0.27313703458951316
0.051025390625,0.01084423206599929,0.28398126665551243
0.05126953125,-0.0043668084606673496,0.27961445819484509
0.051513671875,0.0033237285008773047,0.2829381866957224
0.0517578125,0.0038186226286418168,0.2867568093243642
0.052001953125,-0.0050734830687399271,0.28168332625562426
0.05224609375,0.0047133653527219989,0.28639669160834624
0.052490234375,-0.0090002860616738983,0.27739640554667233
0.052734375,-0.022814697332910781,0.25458170821376153
0.052978515625,-0.016145750621780423,0.23843595759198111
0.05322265625,-0.0026360734314345453,0.23579988416054656
0.053466796875,-0.011011049197693752,0.22478883496285282
0.0537109375,-0.036864947488555747,0.18792388747429706
0.053955078125,0.0098122775463209012,0.19773616502061797
0.05419921875,0.013836860480846969,0.21157302550146495
0.054443359375,-0.010692174438252676,0.20088085106321227
0.0546875,-0.0086459984284618391,0.19223485263475043
0.054931640625,0.0024497715294586244,0.19468462416420906
0.05517578125,0.00097071905568752619,0.19565534321989658
0.055419921875,-0.0090464739966507213,0.18660886922324585
0.0556640625,-0.0024185879227022968,0.18419028130054355
0.055908203125,0.006630848425606929,0.19082112972615048
0.05615234375,-0.017022392778300716,0.17379873694784975
0.056396484375,-0.00036199465849796365,0.1734367422893518
0.056640625,0.021515694985983901,0.1949524372753357
0.056884765625,-0.015836989948991999,0.17911544732634371
0.05712890625,-0.010120189146424756,0.16899525817991895
0.057373046875,-0.016973988792220195,0.15202126938769875
0.0576171875,0.021159845670769097,0.17318111505846784
0.057861328125,-0.01434366779064173,0.15883744726782612
0.05810546875,0.010018673195125009,0.16885612046295112
0.058349609375,0.024840112372791212,0.19369623283574233
0.05859375,-0.022084796647558833,0.1716114361881835
0.058837890625,0.014057626861181807,0.18566906304936531
0.05908203125,-0.028526742063265602,0.1571423209860997
0.059326171875,-0.0088626952402692596,0.14827962574583045
0.0595703125,-0.0069532513981461997,0.14132637434768425
0.059814453125,0.017892088173511039,0.15921846252119529
0.06005859375,0.0095674414113528054,0.16878590393254808
0.060302734375,-0.0045830160264686221,0.16420288790607945
0.060546875,0.0048513650764631516,0.16905425298254262
0.060791015625,-0.010825261888545252,0.15822899109399738
0.06103515625,-0.0021941690037519043,0.15603482209024547
0.061279296875,0.022943750486713849,0.17897857257695932
0.0615234375,0.0022471213764518761,0.1812256939534112
0.061767578125,0.025372891559478031,0.20659858551288923
0.06201171875,-0.024447332140940418,0.18215125337194882
0.062255859375,-0.010528393936771274,0.17162285943517755
0.0625,0.0069606203782999849,0.17858347981347752
0.062744140625,4.2223875720821324e-06,0.17858770220104961
0.06298828125,-0.0032611717643467953,0.17532653043670282
0.063232421875,-0.011058229558721554,0.16426830087798128
0.0634765625,-0.004142415586050073,0.1601258852919312
0.063720703125,0.0030112070997255947,0.1631370923916568
0.06396484375,0.015526750277341721,0.17866384266899851
0.064208984375,0.0098129898210058825,0.18847683249000441
0.064453125,0.017247802570292403,0.20572463506029681
0.064697265625,0.021924845516229328,0.22764948057652615
0.06494140625,-0.011788409509715105,0.21586107106681104
0.065185546875,0.0049798132889235305,0.22084088435573457
0.0654296875,0.0082985695706983571,0.22913945392643292
0.065673828125,0.015142563932171281,0.24428201785860421
0.06591796875,-0.0033933299582181681,0.24088868790038603
0.066162109375,0.006216384751805166,0.2471050726521912
0.06640625,-0.013455808644891676,0.23364926400729952
0.066650390625,0.0072158305598533506,0.24086509456715288
0.06689453125,0.025751574222890237,0.26661666879004314
0.067138671875,-0.0039433937946937638,0.26267327499534937
0.0673828125,-0.033657442316903111,0.22901583267844627
0.067626953125,-0.0050506650421346892,0.22396516763631158
0.06787109375,0.002844708550371537,0.22680987618668311
0.068115234375,0.009226787147386643,0.23603666333406975
0.068359375,0.015215347671011721,0.25125201100508149
0.068603515625,0.0029800316661985878,0.25423204267128008
0.06884765625,-0.016930665655996376,0.2373013770152837
0.069091796875,-0.0003468386069823359,0.23695453840830136
0.0693359375,-0.023000973720818225,0.21395356468748314
0.069580078125,-0.009915420515085871,0.20403814417239727
0.06982421875,0.02560149727608196,0.22963964144847923
0.070068359375,-0.015704252044951485,0.21393538940352774
0.0703125,0.0062639109650793187,0.22019930036860705
0.070556640625,0.018636586773684592,0.23883588714229165
0.07080078125,-0.0054231936664905613,0.2334126934758011
0.071044921875,0.014768517234318318,0.24818121071011942
0.0712890625,-0.0010731670515988273,0.2471080436585206
0.071533203125,0.0084418145702082736,0.25554985822872889
0.07177734375,0.010444074627467874,0.26599393285619677
0.072021484375,0.0048304386074988631,0.27082437146369565
0.072265625,-0.021368542838167481,0.24945582862552818
0.072509765625,-0.0047527214055390178,0.24470310721998917
0.07275390625,0.0018061032599511169,0.24650921047994029
0.072998046875,0.035393995486564869,0.28190320596650514
0.0732421875,-0.0043325727415485342,0.27757063322495662
0.073486328125,0.0021928917915036632,0.27976352501646029
0.07373046875,0.022936818818389992,0.30270034383485028
0.073974609375,-0.00053987994683161284,0.30216046388801865
0.07421875,-0.006786612641456388,0.29537385124656224
0.074462890625,-0.013582594225939423,0.2817912570206228
0.07470703125,0.004754407054448761,0.28654566407507154
0.074951171875,0.018928455881934109,0.30547411995700563
0.0751953125,0.0023153370707093366,0.30778945702771499
0.075439453125,0.0036535830239961338,0.31144304005171114
0.07568359375,-0.0034617231450261247,0.30798131690668501
0.075927734375,0.014218769698449395,0.32220008660513438
0.076171875,-0.017398665620328248,0.30480142098480612
0.076416015625,-0.022156798907507911,0.28264462207729818
0.07666015625,0.0080758020916827395,0.29072042416898092
0.076904296875,0.018456239456136815,0.30917666362511775
0.0771484375,-0.021450721662301091,0.28772594196281664
0.077392578125,-0.0082753225512937952,0.27945061941152283
0.07763671875,0.011373051706018291,0.29082367111754109
0.077880859375,-0.023523825638785776,0.26729984547875529
0.078125,-0.017520698357363744,0.24977914712139154
0.078369140625,-0.012529034196774431,0.23725011292461712
0.07861328125,0.013994448817658761,0.25124456174227588
0.078857421875,0.015240937132422489,0.26648549887469836
0.0791015625,-0.0018021024093594041,0.26468339646533895
0.079345703125,0.0046021382123119306,0.26928553467765087
0.07958984375,0.0035409821340857055,0.27282651681173659
0.079833984375,0.0070845840513710425,0.27991110086310761
0.080078125,0.016948565894351831,0.29685966675745945
0.080322265625,-0.0065066483554907812,0.29035301840196864
0.08056640625,-0.017599518659498742,0.27275349974246987
0.080810546875,-0.02094866983642097,0.25180482990604891
0.0810546875,-0.008892742588823865,0.24291208731722505
0.081298828125,-0.0055421311023961372,0.23736995621482893
0.08154296875,-0.021245473771562575,0.21612448244326635
0.081787109375,0.017768242847517459,0.23389272529078381
0.08203125,-0.0094993427713364574,0.22439338251944735
0.082275390625,0.013175857283209903,0.23756923980265726
0.08251953125,-0.0082522347006433305,0.22931700510201394
0.082763671875,0.023890051113423325,0.25320705621543727
0.0830078125,-0.020168396655029352,0.23303865956040792
0.083251953125,-0.021513998804838619,0.2115246607555693
0.08349609375,0.027368330830476996,0.23889299158604629
0.083740234375,0.0027630441580957163,0.24165603574414202
0.083984375,0.0022935706010138949,0.24394960634515592
0.084228515625,-0.0049667327575444401,0.23898287358761147
0.08447265625,0.016252373577936154,0.25523524716554763
0.084716796875,0.026236658714655647,0.28147190588020327
0.0849609375,0.0011081812310742103,0.28258008711127747
0.085205078125,0.00015887426366441299,0.28273896137494187
0.08544921875,-0.0033384905059689949,0.27940047086897285
0.085693359375,-0.030192540370763896,0.24920793049820894
0.0859375,-0.01144223119254013,0.23776569930566882
0.086181640625,0.0051544447574819637,0.24292014406315079
0.08642578125,0.010280156465323832,0.25320030052847464
0.086669921875,-0.0025342974252883389,0.25066600310318632
0.0869140625,0.02237895511130885,0.27304495821449515
0.087158203125,-0.0073690267159129304,0.26567593149858221
0.08740234375,0.0072772726927052556,0.27295320419128744
0.087646484375,-0.01564943883327374,0.25730376535801369
0.087890625,0.026982296266987612,0.28428606162500131
0.088134765625,-0.011798505810560784,0.27248755581444051
0.08837890625,0.029143332102553855,0.30163088791699438
0.088623046875,0.0058849066235551585,0.30751579454054956
0.0888671875,0.010953587415995468,0.31846938195654501
0.089111328125,-0.008837040674474491,0.30963234128207051
0.08935546875,0.014077613240327341,0.32370995452239787
0.089599609375,0.0042524231299520716,0.32796237765234992
0.08984375,-0.003088377759784532,0.32487399989256538
0.090087890625,-0.01095319887942418,0.31392080101314118
0.09033203125,0.032108958834823433,0.34602975984796464
0.090576171875,0.025532788021431566,0.37156254786939619
0.0908203125,-0.0099003313678629867,0.36166221650153318
0.091064453125,0.010763341380137011,0.3724255578816702
0.09130859375,-0.011149636182156569,0.36127592169951361
0.091552734375,0.019948764768239736,0.38122468646775337
0.091796875,-0.016326248443722557,0.36489843802403082
0.092041015625,-0.010712254574347066,0.35418618344968378
0.09228515625,0.0099560013112655853,0.36414218476094934
0.092529296875,0.016674112734946081,0.38081629749589541
0.0927734375,0.0033390023411172111,0.38415529983701263
0.093017578125,-0.0026066365290803389,0.3815486633079323
0.09326171875,0.0062960912748872494,0.38784475458281953
0.093505859375,0.0073636935923443126,0.39520844817516382
0.09375,0.0020563262032292969,0.39726477437839314
0.093994140625,0.00037080650131682166,0.39763558087970996
0.09423828125,0.0076247809346371466,0.4052603618143471
0.094482421875,-0.017687751399432919,0.3875726104149142
0.0947265625,0.0034318512582457955,0.39100446167316
0.094970703125,-0.0095135471840031693,0.38149091448915684
0.09521484375,-0.0058250807957861287,0.3756658336933707
0.095458984375,-0.013330375583915874,0.36233545810945483
0.095703125,0.0034054584629060352,0.36574091657236085
0.095947265625,0.02163940828419612,0.38738032485655699
0.09619140625,-0.0092512292389873366,0.37812909561756963
0.096435546875,-0.035238890362843577,0.34289020525472608
0.0966796875,0.0063918482465397716,0.34928205350126584
0.096923828125,0.00058443220268009012,0.34986648570394591
0.09716796875,-0.011331614818507432,0.33853487088543849
0.097412109375,-0.001893332692112309,0.33664153819332621
0.09765625,-0.016367466341491884,0.32027407185183432
0.097900390625,0.013927903890283946,0.33420197574211824
0.09814453125,-0.010871469182638881,0.32333050655947937
0.098388671875,0.00025517193471139189,0.32358567849419079
0.0986328125,0.035755280557763308,0.35934095905195407
0.098876953125,0.033273470548412655,0.39261442960036674
0.09912109375,0.0052206361106053832,0.3978350657109721
0.099365234375,0.0023953462744911269,0.40023041198546322
0.099609375,-0.046773589126663649,0.35345682285879959
0.099853515625,0.008515077772299668,0.36197190063109924
0.10009765625,0.012784472586903324,0.37475637321800259
0.100341796875,-0.0027833176430758673,0.37197305557492671
0.1005859375,0.021650926796097047,0.39362398237102375
0.100830078125,0.0049017417037612154,0.39852572407478498
0.10107421875,-0.020377248036571649,0.37814847603821333
0.101318359375,0.011791919122078632,0.38994039516029194
0.1015625,-0.0085184113753130671,0.38142198378497888
0.101806640625,0.012075820319684894,0.39349780410466378
0.10205078125,-0.00021628435000383832,0.39328151975465997
0.102294921875,0.020094351670502362,0.41337587142516236
0.1025390625,-0.015816756760968935,0.39755911466419341
0.102783203125,-0.0082756738663758711,0.38928344079781751
0.10302734375,0.033173778943599394,0.42245721974141692
0.103271484375,-0.018663739349983943,0.40379348039143298
0.103515625,-0.023491338484430916,0.38030214190700207
0.103759765625,-0.014395351145240322,0.36590679076176175
0.10400390625,0.01448820781489437,0.3803949985766561
0.104248046875,0.010271918836741533,0.39066691741339765
0.1044921875,0.0026850380932081992,0.39335195550660584
0.104736328125,0.00049194453308781469,0.39384390003969366
0.10498046875,-0.021840875562092073,0.37200302447760158
0.105224609375,-0.008080831899278192,0.36392219257832337
0.10546875,-0.0049968746859833449,0.35892531789234
0.105712890625,-0.011183971551399767,0.34774134634094023
0.10595703125,0.011633490288046182,0.35937483662898639
0.106201171875,0.0032490304900384031,0.36262386711902478
0.1064453125,-0.00059981611452370126,0.36202405100450108
0.106689453125,-0.013820467819057722,0.34820358318544337
0.10693359375,0.0031161629595204739,0.35131974614496386
0.107177734375,0.0065686000270889161,0.35788834617205278
0.107421875,0.0090820582201832679,0.36697040439223605
0.107666015625,0.018083453675544724,0.38505385806778075
0.10791015625,-0.0056268837866565672,0.37942697428112421
0.108154296875,0.023508012150473663,0.40293498643159786
0.1083984375,-0.016236867527942869,0.38669811890365502
0.108642578125,0.000339699806912553,0.38703781871056758
0.10888671875,-0.027921291919491397,0.3591165267910762
0.109130859375,0.0018582397109337865,0.36097476650200999
0.109375,0.0099197361357469972,0.37089450263775697
0.109619140625,-0.029732798611909469,0.3411617040258475
0.10986328125,-0.0026173804822819959,0.33854432354356551
0.110107421875,-0.0039003380643407751,0.33464398547922475
0.1103515625,-0.0088816469884096475,0.3257623384908151
0.110595703125,0.021981066902276164,0.34774340539309123
0.11083984375,-0.032672527201601284,0.31507087819148993
0.111083984375,-0.0040574469551599799,0.31101343123632996
0.111328125,0.033723351333161629,0.34473678256949158
0.111572265625,-0.021736223985349655,0.32300055858414195
0.11181640625,-0.0043290789680759927,0.31867147961606596
0.112060546875,-0.0002289178093152765,0.31844256180675068
0.1123046875,-0.01332990559142941,0.30511265621532124
0.112548828125,0.012667588594568699,0.31778024480988992
0.11279296875,-0.016054969345691197,0.30172527546419875
0.113037109375,0.019909351048336188,0.32163462651253494
0.11328125,0.0007361544543544379,0.32237078096688937
0.113525390625,-0.0241519699489505,0.29821881101793885
0.11376953125,-0.0085075819234169178,0.2897112290945219
0.114013671875,-0.041683079559492783,0.24802814953502911
0.1142578125,-0.00855099865158763,0.23947715088344149
0.114501953125,-0.0059068317664322462,0.23357031911700923
0.11474609375,0.0086507212253871188,0.24222104034239636
0.114990234375,-0.0098373347475625775,0.23238370559483379
0.115234375,0.025972536279667474,0.25835624187450124
0.115478515625,-0.01826238793057567,0.24009385394392557
0.11572265625,-0.012841407922962421,0.22725244602096314
0.115966796875,-0.011358470851044987,0.21589397516991815
0.1162109375,-0.020507870836775129,0.19538610433314302
0.116455078125,-0.008915559812255381,0.18647054452088763
0.11669921875,0.025812893696562679,0.2122834382174503
0.116943359375,0.0030600858603557742,0.21534352407780608
0.1171875,-0.02489751988364804,0.19044600419415803
0.117431640625,-0.0031207237034204531,0.18732528049073757
0.11767578125,0.0072045150757986233,0.19452979556653618
0.117919921875,0.028548223048326042,0.22307801861486223
0.1181640625,0.00082934613286660174,0.22390736474772885
0.118408203125,0.0060621339990511005,0.22996949874677994
0.11865234375,0.00059447740920163595,0.23056397615598156
0.118896484375,-0.032038907109048123,0.19852506904693346
0.119140625,-0.0083141479885555855,0.19021092105837786
0.119384765625,-0.015029836323836495,0.17518108473454136
0.11962890625,-0.010170100775427246,0.16501098395911412
0.119873046875,0.0095935230057392316,0.17460450696485336
0.1201171875,0.014889665062809409,0.18949417202766278
0.120361328125,0.016315328571205389,0.20580950059886816
0.12060546875,-0.012517850499068298,0.19329165009979987
0.120849609375,-0.007550733807620281,0.18574091629217959
0.12109375,0.0027380563702093389,0.18847897266238894
0.121337890625,-0.0012061250940893259,0.18727284756829962
0.12158203125,0.00089388337751797168,0.1881667309458176
0.121826171875,-0.015861522319131762,0.17230520862668583
0.1220703125,0.014434965007720351,0.18674017363440618
0.122314453125,0.015019550139013113,0.20175972377341927
0.12255859375,-0.0080051293213225239,0.19375459445209675
0.122802734375,0.012776578489826633,0.20653117294192339
0.123046875,-0.0055962622151350117,0.20093491072678837
0.123291015625,0.0040836932969189358,0.20501860402370731
0.12353515625,0.0055564989128804648,0.21057510293658777
0.123779296875,-0.0071657787797440873,0.20340932415684368
0.1240234375,-0.017054005316335049,0.18635531884050863
0.124267578125,-0.0058954651015896619,0.18045985373891896
0.12451171875,0.0014892864328972157,0.18194914017181618
0.124755859375,-0.012352905247891698,0.16959623492392448
0.125,-0.039503000733285366,0.13009323419063912
0.125244140625,-0.0033649478936481803,0.12672828629699093
0.12548828125,-0.00013756749217888148,0.12659071880481204
0.125732421875,-0.016180708910016325,0.11041000989479571
0.1259765625,-0.0095255590597656866,0.10088445083503003
0.126220703125,0.027873019603121531,0.12875747043815156
0.12646484375,-0.010843226424188267,0.11791424401396329
0.126708984375,0.01049278308516214,0.12840702709912544
0.126953125,0.0010801117781566935,0.12948713887728214
0.127197265625,0.033442333084834089,0.16292947196211621
0.12744140625,-0.010927805784763954,0.15200166617735225
0.127685546875,0.021500109853223863,0.17350177603057612
0.1279296875,-0.015262436421873367,0.15823933960870276
0.128173828125,0.0030231806580968412,0.1612625202667996
0.12841796875,-0.022408225197127769,0.13885429506967184
0.128662109375,0.005397165931212082,0.14425146100088393
0.12890625,0.020398183000961339,0.16464964400184526
0.129150390625,-0.028177882170990352,0.13647176183085491
0.12939453125,0.0095179401668159403,0.14598970199767086
0.129638671875,-0.025947480698282968,0.12004222129938789
0.1298828125,9.9259351186250903e-05,0.12014148065057415
0.130126953125,0.015931434045506031,0.13607291469608018
0.13037109375,0.019525091260409164,0.15559800595648934
0.130615234375,-0.013805412698114819,0.14179259325837451
0.130859375,0.0064606016512248733,0.14825319490959937
0.131103515625,-0.013732814752623597,0.13452038015697579
0.13134765625,0.013751657967816595,0.14827203812479239
0.131591796875,-0.026241485339342691,0.12203055278544971
0.1318359375,-0.009051311199755557,0.11297924158569415
0.132080078125,0.020885754320750446,0.1338649959064446
0.13232421875,-0.0069745147263240836,0.12689048118012053
0.132568359375,-0.0023510057935632184,0.12453947538655731
0.1328125,0.028070306671867676,0.15260978205842499
0.133056640625,-0.014145842986461257,0.13846393907196372
0.13330078125,-0.021478074599731129,0.1169858644722326
0.133544921875,0.014691018231010664,0.13167688270324326
0.1337890625,0.013261503731401876,0.14493838643464513
0.134033203125,0.0096160335718975323,0.15455442000654265
0.13427734375,-0.006015838855261405,0.14853858115128124
0.134521484375,-0.020969613651375806,0.12756896749990543
0.134765625,-0.025398737579238356,0.10217022992066707
0.135009765625,0.0014093444067218616,0.10357957432738893
0.13525390625,-0.0018128929886571008,0.10176668133873183
0.135498046875,-0.013623574187078951,0.088143107151652883
0.1357421875,-0.011057511831743702,0.077085595319909175
0.135986328125,-0.00077021185469610786,0.076315383465213063
0.13623046875,-0.040109436107221029,0.036205947357992034
0.136474609375,-0.0020214203905777445,0.034184526967414287
0.13671875,-0.0036046737641347542,0.030579853203279533
0.136962890625,0.00089339636659278713,0.031473249569872318
0.13720703125,0.0034865395642270647,0.034959789134099382
0.137451171875,0.02150752589038504,0.056467315024484419
0.1376953125,-0.030198834333144176,0.026268480691340242
0.137939453125,0.022298070895459134,0.048566551586799372
0.13818359375,0.0053701374758052282,0.053936689062604598
0.138427734375,0.0094210803026157156,0.063357769365220307
0.138671875,-0.0053065619727288788,0.058051207392491429
0.138916015625,0.0026082304886377037,0.060659437881129132
0.13916015625,-0.030688965918081405,0.029970471963047727
0.139404296875,-0.025832225993581315,0.0041382459694664121
0.1396484375,0.0049308350057495629,0.0090690809752159741
0.139892578125,0.0016756651989063398,0.010744746174122313
0.14013671875,0.014290746130475894,0.025035492304598207
0.140380859375,-0.0116085304530177,0.013426961851580507
0.140625,-0.0071118492723725186,0.0063151125792079883
0.140869140625,-0.0094555543932724473,-0.003140441814064459
0.14111328125,0.00095354844636194591,-0.0021868933677025131
0.141357421875,-0.03306660430609127,-0.035253497673793779
0.1416015625,-0.0018426256951149739,-0.037096123368908752
0.141845703125,0.022690948823987096,-0.014405174544921656
0.14208984375,0.0098644111621896628,-0.0045407633827319934
0.142333984375,0.0090201698452905335,0.0044794064625585401
0.142578125,0.0017772606396763064,0.0062566671022348461
0.142822265625,0.025108174866847906,0.031364841969082749
0.14306640625,0.0013584630422955927,0.032723305011378344
0.143310546875,-0.013162358847405227,0.019560946163973116
0.1435546875,-0.02404524832421286,-0.0044843021602397441
0.143798828125,-0.028608908233862005,-0.033093210394101749
0.14404296875,-0.022076710089602703,-0.055169920483704449
0.144287109375,-0.0040237137132209016,-0.059193634196925353
0.14453125,-0.0028871580482029541,-0.062080792245128309
0.144775390625,-0.0010794376870924243,-0.063160229932220729
0.14501953125,0.0018792020209886114,-0.061281027911232119
0.145263671875,0.012517424660936175,-0.048763603250295946
0.1455078125,0.0045478253873311811,-0.044215777862964767
0.145751953125,-0.0067206699473848696,-0.050936447810349637
0.14599609375,-0.023724491547640843,-0.07466093935799048
0.146240234375,-0.010528645160437684,-0.08518958451842816
0.146484375,0.028984988431185639,-0.056204596087242521
0.146728515625,0.0093115390953066226,-0.046893056991935897
0.14697265625,-0.010452941402675716,-0.057345998394611616
0.147216796875,0.0025892238157079178,-0.054756774578903697
0.1474609375,0.0028579715604471834,-0.051898803018456514
0.147705078125,-0.0038849491398468741,-0.05578375215830339
0.14794921875,-0.01632301458539109,-0.072106766743694484
0.148193359375,-0.0086299046142015168,-0.080736671357896
0.1484375,-0.0034883056362344281,-0.084224976994130424
0.148681640625,-0.015217010431372972,-0.099441987425503392
0.14892578125,-0.0034636611212620185,-0.10290564854676541
0.149169921875,-0.016324185729822405,-0.11922983427658781
0.1494140625,-0.0062113161529988338,-0.12544115042958665
0.149658203125,-0.0042694681597587299,-0.12971061858934538
0.14990234375,-0.028194984171580506,-0.15790560276092588
0.150146484375,-0.0059729564303497469,-0.16387855919127564
0.150390625,0.014024202467940087,-0.14985435672333555
0.150634765625,-0.008135487386013841,-0.15798984410934938
0.15087890625,0.019401649761874199,-0.13858819434747519
0.151123046875,-0.01523918510318422,-0.15382737945065941
0.1513671875,0.0082495610923006366,-0.14557781835835878
0.151611328125,-0.0082299402226689109,-0.15380775858102769
0.15185546875,-0.0036889438790827195,-0.15749670246011041
0.152099609375,-0.0025783843435737783,-0.16007508680368418
0.15234375,0.0020298631755743422,-0.15804522362810983
0.152587890625,0.0092297812954370544,-0.14881544233267277
0.15283203125,-0.0047347089441231206,-0.15355015127679589
0.153076171875,-0.013004486473370526,-0.16655463775016641
0.1533203125,-0.020898194622804275,-0.18745283237297067
0.153564453125,-0.000323019271804027,-0.1877758516447747
0.15380859375,0.012664069439116288,-0.1751117822056584
0.154052734375,-0.014436744171889698,-0.1895485263775481
0.154296875,-0.012144035325043394,-0.20169256170259151
0.154541015625,0.0047730309325604821,-0.19691953077003102
0.15478515625,-0.0065889500780762613,-0.20350848084810727
0.155029296875,0.026008376144903592,-0.17750010470320368
0.1552734375,0.022520996526388771,-0.1549791081768149
0.155517578125,-0.0039868834605431402,-0.15896599163735803
0.15576171875,-0.0017274181709165499,-0.16069340980827457
0.156005859375,0.017426307368025133,-0.14326710244024943
0.15625,0.00048110313244344036,-0.142785999307806
0.156494140625,-0.021045107843923612,-0.1638311071517296
0.15673828125,0.010534665485235583,-0.15329644166649403
0.156982421875,0.014121029833160608,-0.13917541183333343
0.1572265625,0.010729455909868013,-0.12844595592346542
0.157470703125,0.022386732914079693,-0.10605922300938572
0.15771484375,-0.027599673531889087,-0.1336588965412748
0.157958984375,0.0035531412916384483,-0.13010575524963636
0.158203125,-0.0046695166797369259,-0.13477527192937327
0.158447265625,0.0024321019601242114,-0.13234316996924905
0.15869140625,-0.016963932006739495,-0.14930710197598854
0.158935546875,0.0066529025645593407,-0.14265419941142921
0.1591796875,0.0052601444268758103,-0.1373940549845534
0.159423828125,0.024766907561535621,-0.11262714742301777
0.15966796875,0.020686205255682679,-0.091940942167335088
0.159912109375,0.011917718027336703,-0.080023224139998378
0.16015625,-0.00072344144681286114,-0.080746665586811234
0.160400390625,-0.0072245444902025247,-0.087971210077013764
0.16064453125,-0.0070207640990671838,-0.094991974176080948
0.160888671875,0.018997177707565299,-0.075994796468515646
0.1611328125,0.021466707380457889,-0.054528089088057757
0.161376953125,0.0056881931609549623,-0.048839895927102792
0.16162109375,0.027468991718798155,-0.021370904208304637
0.161865234375,0.022187643759476575,0.0008167395511719383
0.162109375,0.0017819277663297366,0.0025986673175016749
0.162353515625,0.012871655906219123,0.015470323223720798
0.16259765625,-0.0048436676979269483,0.01062665552579385
0.162841796875,-0.0073651592968837524,0.0032614962289100975
0.1630859375,0.013930659549241697,0.017192155778151794
0.163330078125,-0.0043789614750160107,0.012813194303135784
0.16357421875,-0.044664938707615773,-0.031851744404479992
0.163818359375,0.019631153100734516,-0.012220591303745476
0.1640625,0.0080540730013816519,-0.0041665183023638242
0.164306640625,0.015594300017929087,0.011427781715565263
0.16455078125,-0.013509300343004361,-0.0020815186274390982
0.164794921875,-0.00060023463062745699,-0.0026817532580665554
0.1650390625,0.0046425429729316809,0.0019607897148651255
0.165283203125,-0.0087910574301719238,-0.0068302677153067983
0.16552734375,-0.010575940247746093,-0.017406207963052891
0.165771484375,-0.030418181155895438,-0.047824389118948332
0.166015625,0.0061733904891783167,-0.041650998629770015
0.166259765625,-0.016591506162083224,-0.058242504791853236
0.16650390625,0.011173723089300033,-0.0470687817025532
0.166748046875,0.0022944469754725368,-0.044774334727080665
0.1669921875,-0.0030443218883252441,-0.047818656615405908
0.167236328125,-0.0083215379785071888,-0.056140194593913097
0.16748046875,0.00076485525259307942,-0.055375339341320017
0.167724609375,-0.0035883337151362657,-0.058963673056456285
0.16796875,-0.0089255790841564348,-0.067889252140612727
0.168212890625,-0.036952168820634824,-0.10484142096124754
0.16845703125,-0.010216954111773955,-0.1150583750730215
0.168701171875,-0.01435894919556761,-0.1294173242685891
0.1689453125,-0.019974821811644925,-0.14939214608023402
0.169189453125,0.016404027954563777,-0.13298811812567024
0.16943359375,0.027324203613457939,-0.1056639145122123
0.169677734375,0.00065599366255023864,-0.10500792084966205
0.169921875,0.0051053925802903187,-0.099902528269371738
0.170166015625,-0.00035630215842037086,-0.10025883042779211
0.17041015625,0.011813420790645436,-0.088445409637146671
0.170654296875,0.014173523048244176,-0.074271886588902492
0.1708984375,0.01391166928084718,-0.060360217308055311
0.171142578125,0.013316964060229104,-0.047043253247826211
0.17138671875,0.01085745282752559,-0.036185800420300618
0.171630859375,0.011463887847087958,-0.02472191257321266
0.171875,0.004020828222995685,-0.020701084350216975
0.172119140625,-0.032168731776040418,-0.052869816126257393
0.17236328125,0.0011646016735678449,-0.051705214452689552
0.172607421875,-0.017192367858333144,-0.068897582311022693
0.1728515625,0.025511746394918756,-0.04338583591610394
0.173095703125,0.0058226690908302226,-0.037563166825273719
0.17333984375,-0.0058927118077857776,-0.043455878633059497
0.173583984375,0.0035848884737168783,-0.039870990159342617
0.173828125,0.0039599538216877278,-0.035911036337654891
0.174072265625,0.036846986461593428,0.00093595012393853788
0.17431640625,0.00464856212334081,0.0055845122472793478
0.174560546875,-0.027958438292221704,-0.022373926044942358
0.1748046875,0.04054128278294622,0.018167356738003862
0.175048828125,0.0044772936304684607,0.022644650368472324
0.17529296875,-0.018918457957260555,0.0037261924112117692
0.175537109375,0.020014612557002383,0.023740804968214152
0.17578125,0.012686600929996624,0.03642740589821078
0.176025390625,-0.037003838705426291,-0.00057643280721551143
0.17626953125,0.028483414661757731,0.027906981854542219
0.176513671875,0.0026035301400656693,0.03051051199460789
0.1767578125,-0.011557871576030096,0.018952640418577794
0.177001953125,-0.013125356040945177,0.0058272843776326164
0.17724609375,0.0015364507976987371,0.0073637351753313533
0.177490234375,-0.0089309663923568573,-0.001567231217025504
0.177734375,0.019877329635465599,0.018310098418440095
0.177978515625,0.014162706919859719,0.032472805338299812
0.17822265625,0.0010784774882330163,0.03355128282653283
0.178466796875,0.011864267459977543,0.04541555028651037
0.1787109375,-0.039252006643155542,0.0061635436433548282
0.178955078125,0.022892373982290458,0.029055917625645286
0.17919921875,0.0089416957385176059,0.037997613364162894
0.179443359375,0.029537284808990701,0.067534898173153599
0.1796875,0.026153464451613564,0.093688362624767166
0.179931640625,0.013882267896624329,0.1075706305213915
0.18017578125,-0.021251567963954141,0.086319062557437362
0.180419921875,0.019185020940630945,0.10550408349806831
0.1806640625,0.0082256057607046316,0.11372968925877294
0.180908203125,-0.010523835538617294,0.10320585372015564
0.18115234375,-0.0007355038778818411,0.10247034984227381
0.181396484375,0.017341023568544143,0.11981137341081795
0.181640625,0.033393041360519467,0.15320441477133742
0.181884765625,0.017812351937794676,0.1710167667091321
0.18212890625,0.0070376042560072538,0.17805437096513935
0.182373046875,-0.0070405627808303225,0.17101380818430903
0.1826171875,-0.010091678507343159,0.16092212967696587
0.182861328125,0.0093388707576884302,0.17026100043465431
0.18310546875,-0.004906379494463738,0.16535462094019057
0.183349609375,-0.010807320552794934,0.15454730038739564
0.18359375,0.014099941776183336,0.16864724216357899
0.183837890625,-0.00051368585666195172,0.16813355630691704
0.18408203125,0.00021285196698922869,0.16834640827390626
0.184326171875,-0.0040905257965811537,0.16425588247732512
0.1845703125,0.014053943159474495,0.17830982563679962
0.184814453125,-0.0005857915733602872,0.17772403406343934
0.18505859375,-0.011045922943218191,0.16667811112022116
0.185302734375,-0.014660958635055479,0.15201715248516567
0.185546875,0.0071797940517837099,0.15919694653694938
0.185791015625,0.013238250619838772,0.17243519715678815
0.18603515625,-0.0098773415931760009,0.16255785556361216
0.186279296875,0.023792666505817208,0.18635052206942937
0.1865234375,0.0105549140202686,0.19690543608969796
0.186767578125,0.011629577406313062,0.20853501349601103
0.18701171875,0.021069618562660378,0.2296046320586714
0.187255859375,0.00044843780668842254,0.23005306986535984
0.1875,-0.0020861620268869513,0.2279669078384729
0.187744140625,-0.0049506481201363568,0.22301625971833655
0.18798828125,0.0050727223663694027,0.22808898208470596
0.188232421875,-0.01366183042743902,0.21442715165726695
0.1884765625,-0.0024231200849684003,0.21200403157229855
0.188720703125,-0.0033788589911560689,0.20862517258114249
0.18896484375,-0.0027007301575141473,0.20592444242362834
0.189208984375,-0.01041920214890376,0.19550524027472457
0.189453125,0.025694377101695656,0.22119961737642024
0.189697265625,0.0037325955573637528,0.22493221293378399
0.18994140625,-0.012078314347690199,0.2128538985860938
0.190185546875,0.020286196852352535,0.23314009543844633
0.1904296875,0.044504937681956652,0.27764503312040301
0.190673828125,-0.026652009397807441,0.25099302372259558
0.19091796875,0.025248222325465104,0.27624124604806066
0.191162109375,-0.0094224300800435784,0.2668188159680171
0.19140625,-0.017098512775227646,0.24972030319278946
0.191650390625,0.0052349570749006744,0.25495526026769011
0.19189453125,-0.024682324052495618,0.23027293621519448
0.192138671875,0.015379466878026113,0.24565240309322059
0.1923828125,0.004185475942016517,0.2498378790352371
0.192626953125,0.013859796547505894,0.26369767558274299
0.19287109375,-0.012797531117593837,0.25090014446514913
0.193115234375,-0.0023670089808792922,0.24853313548426983
0.193359375,-0.014272317080535911,0.23426081840373392
0.193603515625,0.011109659397760771,0.24537047780149468
0.19384765625,-0.021278690937337731,0.22409178686415696
0.194091796875,0.0047841777496142428,0.22887596461377119
0.1943359375,-0.0042456247997319308,0.22463033981403926
0.194580078125,-0.0032776259719312947,0.22135271384210797
0.19482421875,-0.044982781573448996,0.17636993226865899
0.195068359375,-0.0022129425220559508,0.17415698974660304
0.1953125,-0.017085273541125798,0.15707171620547725
0.195556640625,0.011592634079629191,0.16866435028510643
0.19580078125,-0.020420511252114852,0.14824383903299157
0.196044921875,0.018513215680862956,0.16675705471385452
0.1962890625,-0.00011359475907817447,0.16664345995477634
0.196533203125,-0.0053856751747675454,0.16125778478000879
0.19677734375,-0.00070951822973715727,0.16054826655027163
0.197021484375,0.020738020783041936,0.18128628733331356
0.197265625,0.0063912824245587717,0.18767756975787234
0.197509765625,0.0036239779187295295,0.19130154767660187
0.19775390625,-0.00055240209274271391,0.19074914558385916
0.197998046875,-0.0045032856501743788,0.18624585993368478
0.1982421875,0.0023166522979390139,0.18856251223162379
0.198486328125,-0.013043822019669775,0.17551869021195401
0.19873046875,-0.0086872325131524541,0.16683145769880156
0.198974609375,-0.014058532726285324,0.15277292497251624
0.19921875,-0.010779307160120148,0.14199361781239608
0.199462890625,-0.0056462679830135455,0.13634734982938254
0.19970703125,-0.0076056676649005894,0.12874168216448195
0.199951171875,0.021151898425321218,0.14989358058980318
0.2001953125,0.0084119843430305215,0.15830556493283371
0.200439453125,0.014390748514462046,0.17269631344729575
0.20068359375,-0.0045105366399522118,0.16818577680734353
0.200927734375,-0.0055345803528886583,0.16265119645445489
0.201171875,0.021525926136281275,0.18417712259073615
0.201416015625,-0.011910181746365898,0.17226694084437025
0.20166015625,0.0074509666114957922,0.17971790745586605
0.201904296875,0.030926061853928263,0.21064396930979432
0.2021484375,0.0048543673790629677,0.21549833668885729
0.202392578125,0.020876877814665826,0.23637521450352311
0.20263671875,0.024033452523241072,0.26040866702676418
0.202880859375,-0.022467613435543647,0.23794105359122053
0.203125,-0.0021956625263995053,0.23574539106482104
0.203369140625,-0.0029648673915527858,0.23278052367326826
0.20361328125,-0.0016104849573234101,0.23117003871594485
0.203857421875,-0.033164990486121565,0.19800504822982329
0.2041015625,0.010239958878825301,0.2082450071086486
0.204345703125,-0.014697469101404379,0.19354753800724422
0.20458984375,-0.00087598324823917899,0.19267155475900505
0.204833984375,0.013004174093694599,0.20567572885269964
0.205078125,-0.0017420805711300339,0.2039336482815696
0.205322265625,-0.005513267673053995,0.19842038060851561
0.20556640625,0.024373198172335818,0.22279357878085143
0.205810546875,-0.0043447089458782881,0.21844886983497314
0.2060546875,-0.0060333615901710016,0.21241550824480213
0.206298828125,0.0086610270346013842,0.22107653527940352
0.20654296875,0.0055944178318963183,0.22667095311129984
0.206787109375,-0.011551592939253074,0.21511936017204678
0.20703125,-0.03375206176087598,0.1813672984111708
0.207275390625,-0.011493117050939885,0.16987418136023091
0.20751953125,-0.0029906725116942263,0.1668835088485367
0.207763671875,-0.0038565165897300772,0.16302699225880662
0.2080078125,0.037548735150622355,0.20057572740942897
0.208251953125,0.0023267593052823002,0.20290248671471128
0.20849609375,0.016761145950015405,0.21966363266472669
0.208740234375,-0.017634785576433248,0.20202884708829344
0.208984375,0.027421693087536884,0.22945054017583033
0.209228515625,0.031688661710669593,0.26113920188649992
0.20947265625,-0.0062446281121570696,0.25489457377434283
0.209716796875,-0.0056364795970969316,0.2492580941772459
0.2099609375,0.013618081219979497,0.26287617539722541
0.210205078125,0.010534863706322478,0.27341103910354791
0.21044921875,-0.0076854487641470322,0.26572559033940091
0.210693359375,-0.008075873159257594,0.25764971718014329
0.2109375,-0.0011179032921546526,0.25653181388798862
0.211181640625,0.0061910426253762064,0.26272285651336486
0.21142578125,0.0019174337861614442,0.26464029029952629
0.211669921875,-0.0013188955845797089,0.26332139471494659
0.2119140625,-0.014853773445912653,0.24846762126903393
0.212158203125,0.021532312986475316,0.26999993425550928
0.21240234375,-0.010364243702162506,0.25963569055334679
0.212646484375,0.023186830276638423,0.28282252082998521
0.212890625,-0.0065301304753593737,0.27629239035462583
0.213134765625,-0.0082740631336803445,0.26801832722094548
0.21337890625,-0.021585302959272919,0.24643302426167257
0.213623046875,0.0013868107632347697,0.24781983502490734
0.2138671875,0.011648561679928816,0.25946839670483618
0.214111328125,0.008094184600963273,0.26756258130579946
0.21435546875,-0.021707264990007726,0.24585531631579174
0.214599609375,-0.046544091336836083,0.19931122497895565
0.21484375,-0.0068425051694498296,0.19246871980950581
0.215087890625,-0.026606197247589648,0.16586252256191616
0.21533203125,-0.0043806734418816232,0.16148184912003455
0.215576171875,0.028354535016665201,0.18983638413669976
0.2158203125,0.007689580554486525,0.19752596469118627
0.216064453125,-0.0055141383036642648,0.19201182638752201
0.21630859375,-0.0045169982322640764,0.18749482815525795
0.216552734375,0.013348288433644665,0.20084311658890261
0.216796875,-0.021246419201449956,0.17959669738745265
0.217041015625,-0.0029518429808262628,0.17664485440662639
0.21728515625,-0.0048974998313452986,0.17174735457528109
0.217529296875,-0.0094898373591802629,0.16225751721610082
0.2177734375,-0.01224200618258952,0.1500155110335113
0.218017578125,0.023739834782238088,0.17375534581574939
0.21826171875,0.0011087789289859703,0.17486412474473537
0.218505859375,0.002248281994724358,0.17711240673945972
0.21875,0.0062707694604285068,0.18338317619988823
0.218994140625,-0.0212453041354549,0.16213787206443334
0.21923828125,0.011192698937918341,0.17333057100235166
0.219482421875,-0.0026243857363734183,0.17070618526597825
0.2197265625,-0.0067581717705489115,0.16394801349542934
0.219970703125,0.022500137960291263,0.18644815145572061
0.22021484375,-0.0026280552388914134,0.18382009621682918
0.220458984375,-0.0005361460633246161,0.18328395015350457
0.220703125,-0.004859704853597574,0.178424245299907
0.220947265625,-0.0044874449611786394,0.17393680033872835
0.22119140625,0.026767719945941421,0.20070452028466979
0.221435546875,0.010908293222185115,0.2116128135068549
0.2216796875,0.0016222937550037216,0.21323510726185863
0.221923828125,-0.014596066506719331,0.1986390407551393
0.22216796875,0.0084948157771291503,0.20713385653226846
0.222412109375,-0.049838491171862995,0.15729536536040545
0.22265625,-0.03294023813781996,0.12435512722258549
0.222900390625,-0.041103805082535069,0.083251322140050418
0.22314453125,-0.0099808373911883397,0.07327048474886208
0.223388671875,-0.013443670258514107,0.059826814490347976
0.2236328125,0.0037400085205048133,0.063566823010852785
0.223876953125,-0.0026661054739121576,0.060900717536940631
0.22412109375,-0.0033054861047676892,0.05759523143217294
0.224365234375,0.0047552322694242267,0.062350463701597164
0.224609375,-0.019607070761331481,0.042743392940265683
0.224853515625,0.0073932496283869156,0.050136642568652599
0.22509765625,-0.017264116602062708,0.032872525966589891
0.225341796875,0.009982308784523438,0.042854834751113333
0.2255859375,-0.0059584429472592194,0.036896391803854116
0.225830078125,0.0077268162402520987,0.044623208044106216
0.22607421875,-0.0018922848920368981,0.042730923152069319
0.226318359375,-0.0042935005117972326,0.038437422640272084
0.2265625,0.019086003186719647,0.057523425826991728
0.226806640625,0.0056412702781650208,0.063164696105156751
0.22705078125,0.00063683138294959719,0.063801527488106344
0.227294921875,0.030726415080736189,0.094527942568842532
0.2275390625,-0.031008088347194433,0.063519854221648103
0.227783203125,0.030010871731317744,0.093530725952965854
0.22802734375,-0.017517600648504376,0.076013125304461471
0.228271484375,0.0073711425435027175,0.083384267847964183
0.228515625,-0.0039786948137386048,0.079405573034225574
0.228759765625,-0.01974253416424827,0.0596630388699773
0.22900390625,0.018371044013806428,0.078034082883783731
0.229248046875,0.0069912002951647879,0.085025283178948516
0.2294921875,-0.0030510931769095317,0.081974190002038982
0.229736328125,0.014002152354120733,0.095976342356159719
0.22998046875,-0.0089710818226969337,0.087005260533462789
0.230224609375,-0.0022300251130400678,0.084775235420422715
0.23046875,-0.0016928378207406959,0.083082397599682015
0.230712890625,-0.039313161338677315,0.0437692362610047
0.23095703125,-0.0043991262540424292,0.039370110006962271
0.231201171875,-0.027105994536418886,0.012264115470543385
0.2314453125,0.0068612307499389697,0.019125346220482356
0.231689453125,0.042706235681486689,0.061831581901969045
0.23193359375,0.023783353530748938,0.085614935432717976
0.232177734375,4.0560775071493726e-05,0.085655496207789464
0.232421875,-0.013868347597339879,0.071787148610449589
0.232666015625,0.025124192960196436,0.096911341570646028
0.23291015625,-0.0014610035237942573,0.095450338046851768
0.233154296875,-0.018930570667250842,0.076519767379600923
0.2333984375,-0.017356971863135201,0.059162795516465722
0.233642578125,0.0071074698720510572,0.066270265388516783
0.23388671875,0.0020592724416421118,0.068329537830158896
0.234130859375,-0.026231848264940186,0.042097689565218713
0.234375,-0.0066259902322840332,0.035471699332934682
0.234619140625,0.015923471998480345,0.051395171331415024
0.23486328125,0.00061384453404360361,0.052009015865458627
0.235107421875,-0.01940883943514023,0.032600176430318401
0.2353515625,-0.022250358349361489,0.010349818080956912
0.235595703125,0.0014166976916898208,0.011766515772646733
0.23583984375,0.0028851816192772095,0.014651697391923943
0.236083984375,0.024081634615949546,0.038733332007873489
0.236328125,0.00012000880240094067,0.038853340810274431
0.236572265625,0.0036459665058224096,0.042499307316096843
0.23681640625,0.0041731923112569369,0.046672499627353779
0.237060546875,0.0058739002571628627,0.052546399884516641
0.2373046875,0.0056905404974057962,0.058236940381922439
0.237548828125,0.028222075090780046,0.086459015472702488
0.23779296875,-0.010265503454262035,0.076193512018440449
0.238037109375,0.0097218541337165711,0.085915366152157016
0.23828125,0.0064868522509786732,0.092402218403135686
0.238525390625,0.010418460884183521,0.10282067928731921
0.23876953125,-0.002157625027955148,0.10066305425936406
0.239013671875,0.033045658099492406,0.13370871235885645
0.2392578125,0.0063979678542217793,0.14010668021307823
0.239501953125,-0.0076898033259895108,0.13241687688708872
0.23974609375,-0.00086862230745681065,0.1315482545796319
0.239990234375,-0.0024938659079521159,0.12905438867167979
0.240234375,0.011655464166543814,0.1407098528382236
0.240478515625,-0.018725560794804075,0.12198429204341953
0.24072265625,0.0088685372161613363,0.13085282925958086
0.240966796875,-0.026129128290648673,0.10472370096893219
0.2412109375,-0.0022955540632287851,0.1024281469057034
0.241455078125,0.017118797106117856,0.11954694401182125
0.24169921875,-0.0015451086708733787,0.11800183534094788
0.241943359375,0.0014481848795501974,0.11945002022049808
0.2421875,-0.016153120187287557,0.10329690003321053
0.242431640625,-0.010029760162608545,0.093267139870601978
0.24267578125,0.00048325018984088207,0.093750390060442862
0.242919921875,-0.0038812334871946093,0.089869156573248246
0.2431640625,0.0092087044547646303,0.099077861028012873
0.243408203125,-0.018843790261740913,0.080234070766271953
0.24365234375,0.00073537500452434436,0.080969445770796303
0.243896484375,0.0076055282887546134,0.088574974059550921
0.244140625,0.02797810108256361,0.11655307514211453
0.244384765625,-0.0024532094598903927,0.11409986568222415
0.24462890625,0.0073621951637855843,0.12146206084600973
0.244873046875,0.0057366933179169247,0.12719875416392665
0.2451171875,-0.014297843489122509,0.11290091067480414
0.245361328125,0.02068325180062679,0.13358416247543092
0.24560546875,-0.010611973523207108,0.12297218895222381
0.245849609375,0.011155730571171009,0.13412791952339481
0.24609375,0.010854887150651376,0.1449828066740462
0.246337890625,0.016060973479504279,0.16104378015355048
0.24658203125,-0.01132602281695951,0.14971775733659096
0.246826171875,-0.028171061938743823,0.12154669539784713
0.2470703125,-0.0023816731099708952,0.11916502228787623
0.247314453125,0.0033975717639521709,0.1225625940518284
0.24755859375,0.020553030071267395,0.14311562412309581
0.247802734375,0.011991395089128772,0.15510701921222458
0.248046875,-0.030358908552662708,0.12474811065956187
0.248291015625,-0.022180932806274218,0.10256717785328766
0.24853515625,0.014095322754592726,0.11666250060788039
0.248779296875,0.026788969899640181,0.14345147050752058
0.2490234375,0.02631689411730033,0.16976836462482092
0.249267578125,0.0038719514076500233,0.17364031603247093
0.24951171875,0.015810881015926568,0.1894511970483975
0.249755859375,-0.0062449331160750457,0.18320626393232245
0.25,-0.023999435213247194,0.15920682871907527
0.250244140625,0.029526137730621925,0.1887329664496972
0.25048828125,0.0098623975194490135,0.1985953639691462
0.250732421875,-5.4364438159856125e-05,0.19854099953098636
0.2509765625,0.018833622759411781,0.21737462229039814
0.251220703125,-0.012333602661659256,0.20504101962873889
0.25146484375,0.011545661764588894,0.21658668139332779
0.251708984375,0.017108318650443977,0.23369500004377178
0.251953125,0.021182703664322462,0.25487770370809426
0.252197265625,0.02537299962770876,0.28025070333580304
0.25244140625,0.0042968817939957327,0.28454758512979877
0.252685546875,-0.003442275744707519,0.28110530938509126
0.2529296875,-0.011363037243364406,0.26974227214172686
0.253173828125,-0.013373559165891332,0.25636871297583552
0.25341796875,-0.0032068901141625149,0.25316182286167299
0.253662109375,0.0076229488045794526,0.26078477166625247
0.25390625,0.0025671981308446885,0.26335196979709713
0.254150390625,0.012545667906377659,0.27589763770347481
0.25439453125,-0.0038933855290249116,0.2720042521744499
0.254638671875,0.008210787894188977,0.2802150400686389
0.2548828125,0.00096437334670357202,0.28117941341534247
0.255126953125,0.01673043049817213,0.2979098439135146
0.25537109375,0.028485939262168365,0.32639578317568296
0.255615234375,0.0049434851836582016,0.33133926835934119
0.255859375,-0.016989245823368533,0.31435002253597266
0.256103515625,-0.017111466242032802,0.29723855629393986
0.25634765625,0.023000014821501876,0.32023857111544174
0.256591796875,0.0077058727301687032,0.32794444384561044
0.2568359375,-0.0049045016941212521,0.32303994215148918
0.257080078125,0.0038192038261313042,0.3268591459776205
0.25732421875,0.014349168021550361,0.34120831399917084
0.257568359375,0.0049271176517417456,0.3461354316509126
0.2578125,0.0098577372987552429,0.35599316894966782
0.258056640625,0.020221319894891517,0.37621448884455932
0.25830078125,-0.014930975063470622,0.36128351378108869
0.258544921875,-0.01084475106926051,0.35043876271182817
0.2587890625,-0.015661519806109969,0.3347772429057182
0.259033203125,0.022938962342966083,0.3577162052486843
0.25927734375,-0.038600187768657854,0.31911601748002644
0.259521484375,0.009452618630840081,0.32856863611086651
0.259765625,-0.011145335717748138,0.31742330039311839
0.260009765625,0.015684504482611075,0.33310780487572944
0.26025390625,0.0159958428021422,0.34910364767787166
0.260498046875,0.046187628990051299,0.39529127666792296
0.2607421875,-0.0086646005727643999,0.38662667609515855
0.260986328125,0.0049807664445928081,0.39160744253975138
0.26123046875,-0.0076792465864915713,0.38392819595325983
0.261474609375,0.046866487554588707,0.43079468350784855
0.26171875,0.022338344727574622,0.45313302823542317
0.261962890625,-0.010407096987661721,0.44272593124776144
0.26220703125,-0.0003741847401006784,0.44235174650766074
0.262451171875,-0.014668316442717891,0.42768343006494286
0.2626953125,-0.0091413366010391871,0.4185420934639037
0.262939453125,-0.0045176312002014798,0.41402446226370221
0.26318359375,-0.0078614211476658938,0.40616304111603629
0.263427734375,-0.029987824015018854,0.37617521710101742
0.263671875,0.0071912667259521387,0.38336648382696958
0.263916015625,0.028334680799032556,0.41170116462600215
0.26416015625,0.013633335107517783,0.42533449973351994
0.264404296875,-0.024627877372687124,0.40070662236083282
0.2646484375,-0.0013630456581709719,0.39934357670266185
0.264892578125,0.029471560462723787,0.42881513716538566
0.26513671875,-0.0038282307026986447,0.424986906462687
0.265380859375,-0.014775873388820129,0.41021103307386686
0.265625,0.016508971903334963,0.42672000497720181
0.265869140625,0.02773166495558381,0.45445166993278563
0.26611328125,-0.02409695981781796,0.43035471011496768
0.266357421875,0.0016210546689528684,0.43197576478392052
0.2666015625,0.022276771756546545,0.45425253654046704
0.266845703125,0.015109248689242303,0.46936178522970934
0.26708984375,-0.00037535660202055041,0.4689864286276888
0.267333984375,0.0075998881722588079,0.47658631679994762
0.267578125,0.0081071701822016829,0.48469348698214931
0.267822265625,-0.010999565832140961,0.47369392115000836
0.26806640625,0.016291213812690313,0.48998513496269869
0.268310546875,0.0044988815003223241,0.49448401646302104
0.2685546875,0.021180738672112471,0.51566475513513355
0.268798828125,-0.041601419639990395,0.47406333549514312
0.26904296875,0.010965184475740191,0.48502851997088331
0.269287109375,-0.019436332816299612,0.46559218715458373
0.26953125,-0.012075355195762664,0.45351683195882109
0.269775390625,-0.016239390247521964,0.43727744171129912
0.27001953125,0.0092026296032796853,0.44648007131457879
0.270263671875,0.024531691937396904,0.47101176325197569
0.2705078125,-0.0099565555585698039,0.46105520769340591
0.270751953125,0.01049274780454868,0.47154795549795459
0.27099609375,-0.012235483159001265,0.45931247233895334
0.271240234375,-0.019565052734556356,0.43974741960439701
0.271484375,-0.025786222618998794,0.41396119698539824
0.271728515625,0.0058527946952768401,0.41981399168067507
0.27197265625,-0.014655667753085249,0.40515832392758983
0.272216796875,-2.6105536639715444e-05,0.40513221839095009
0.2724609375,-0.0027823828939817202,0.4023498354969684
0.272705078125,0.029800254327862857,0.43215008982483127
0.27294921875,0.013353024050429244,0.44550311387526054
0.273193359375,0.0096813331070007141,0.45518444698226124
0.2734375,-0.013529290997375206,0.44165515598488603
0.273681640625,6.7920984794375862e-05,0.44172307696968038
0.27392578125,0.0084446480382584493,0.45016772500793883
0.274169921875,-0.0029343633114637066,0.44723336169647515
0.2744140625,-0.0036842740820613356,0.44354908761441381
0.274658203125,0.0037678257556205915,0.44731691337003437
0.27490234375,0.0025391944434595606,0.44985610781349394
0.275146484375,-0.0086973656764939844,0.44115874213699996
0.275390625,0.017965133958192912,0.4591238760951929
0.275634765625,0.0013759224224218474,0.46049979851761474
0.27587890625,0.021826231760096106,0.48232603027771087
0.276123046875,0.024932466777897622,0.50725849705560844
0.2763671875,0.0097061306588818366,0.51696462771449025
0.276611328125,-0.024272064729981117,0.49269256298450914
0.27685546875,0.010697188912990712,0.5033897518974999
0.277099609375,0.0044751049252456133,0.50786485682274551
0.27734375,0.016528968591881042,0.52439382541462654
0.277587890625,0.041044580624102073,0.56543840603872864
0.27783203125,0.028722229369341209,0.59416063540806985
0.278076171875,-0.01321617395333561,0.58094446145473422
0.2783203125,-0.0016847825321156136,0.57925967892261865
0.278564453125,0.022609855945023103,0.60186953486764172
0.27880859375,0.0033536234361957349,0.60522315830383744
0.279052734375,-0.0046699577615566899,0.60055320054228079
0.279296875,0.0040184231838527327,0.60457162372613349
0.279541015625,0.0054034106249010562,0.60997503435103451
0.27978515625,0.0075195779138371452,0.61749461226487168
0.280029296875,0.012592052383763201,0.63008666464863483
0.2802734375,-0.00082077873208436707,0.62926588591655042
0.280517578125,-0.01463423713435911,0.61463164878219134
0.28076171875,0.00055385177571122676,0.61518550055790255
0.281005859375,-0.014978336070675948,0.60020716448722655
0.28125,-0.010795962825288078,0.5894112016619385
0.281494140625,0.017412503195267413,0.60682370485720594
0.28173828125,0.026372441592994386,0.63319614645020028
0.281982421875,-0.0034150293864507659,0.62978111706374951
0.2822265625,0.0077544953921196641,0.63753561245586921
0.282470703125,0.042586627113473198,0.68012223956934237
0.28271484375,-0.034865232069357453,0.64525700749998494
0.282958984375,0.0047828728565954192,0.65003988035658034
0.283203125,0.018277007045324086,0.66831688740190442
0.283447265625,-0.0079826027175040025,0.66033428468440047
0.28369140625,-0.023232530879802246,0.63710175380459821
0.283935546875,-0.015093960117492604,0.62200779368710557
0.2841796875,-0.0012938730621405044,0.62071392062496511
0.284423828125,0.012632037745722779,0.63334595837068786
0.28466796875,-0.015153580668216165,0.61819237770247171
0.284912109375,-0.0030322937892146972,0.61516008391325705
0.28515625,-0.003090710994107401,0.61206937291914965
0.285400390625,-0.012801615209434042,0.59926775770971563
0.28564453125,-0.0084247965170945877,0.59084296119262103
0.285888671875,0.0089626905518722707,0.5998056517444933
0.2861328125,-0.020758841410617755,0.57904681033387551
0.286376953125,0.010951794260572925,0.58999860459444842
0.28662109375,-0.032813718999568954,0.55718488559487944
0.286865234375,0.0035911919273800981,0.56077607752225955
0.287109375,-0.0050344646440865269,0.55574161287817303
0.287353515625,-0.0094725079629109261,0.54626910491526215
0.28759765625,0.0047816595085543988,0.55105076442381651
0.287841796875,0.012171927962840466,0.56322269238665701
0.2880859375,-0.0082546004284733947,0.55496809195818364
0.288330078125,-0.0012330438574788549,0.55373504810070484
0.28857421875,-0.019873025922236442,0.53386202217846845
0.288818359375,-0.0077718072832804828,0.52609021489518792
0.2890625,0.0060010010323139863,0.53209121592750186
0.289306640625,0.010944143543420774,0.54303535947092263
0.28955078125,0.020054047614017859,0.56308940708494049
0.289794921875,0.015074216088583498,0.57816362317352399
0.2900390625,0.014254680921167062,0.59241830409469109
0.290283203125,0.028802525074573981,0.62122082916926513
0.29052734375,-0.0364403628233732,0.58478046634589198
0.290771484375,0.0031728487291232373,0.58795331507501525
0.291015625,-0.012247183216140548,0.57570613185887465
0.291259765625,-0.0234251467099829,0.55228098514889179
0.29150390625,-0.018114805073766855,0.53416618007512495
0.291748046875,-0.027402121835981341,0.50676405823914361
0.2919921875,-0.00072481751488627098,0.50603924072425732
0.292236328125,-0.017660112999841,0.48837912772441633
0.29248046875,0.023059587334114652,0.511438715058531
0.292724609375,-0.027493569112480999,0.48394514594604998
0.29296875,0.013346329982678522,0.49729147592872852
0.293212890625,-0.0078725994346569659,0.48941887649407156
0.29345703125,-0.0043578764814789766,0.48506100001259261
0.293701171875,0.014230146147024347,0.49929114615961695
0.2939453125,0.011677432693788984,0.51096857885340596
0.294189453125,-0.017275576705171675,0.49369300214823431
0.29443359375,-0.012486662359357369,0.48120633978887695
0.294677734375,-0.013030759668181119,0.46817558012069582
0.294921875,-0.0043922078739347063,0.46378337224676114
0.295166015625,-0.01423636914370425,0.4495470031030569
0.29541015625,0.0053422101284328312,0.45488921323148973
0.295654296875,0.0090445370401341547,0.46393375027162387
0.2958984375,0.011508532055883284,0.47544228232750713
0.296142578125,-0.0079690593908582196,0.46747322293664889
0.29638671875,-0.024566372890965468,0.44290685004568342
0.296630859375,-0.022656526916037801,0.42025032312964561
0.296875,-0.0064494197379505198,0.41380090339169506
0.297119140625,0.0094923976369274306,0.4232933010286225
0.29736328125,-0.022039037380972768,0.40125426364764971
0.297607421875,0.0093549142513899546,0.41060917789903967
0.2978515625,-0.00059318857992587406,0.41001598931911382
0.298095703125,0.019792764494977817,0.42980875381409162
0.29833984375,-0.02814263439879942,0.40166611941529218
0.298583984375,0.00970300164103036,0.41136912105632256
0.298828125,0.028451192617610529,0.43982031367393309
0.299072265625,0.027458396645404535,0.46727871031933765
0.29931640625,-0.0040046311586138623,0.46327407916072377
0.299560546875,0.023036351888936595,0.48631043104966037
0.2998046875,-0.025087196148091639,0.46122323490156875
0.300048828125,-0.011144262881565612,0.45007897202000313
0.30029296875,0.0077289818241374365,0.45780795384414058
0.300537109375,-0.02002333413448493,0.43778461970965565
0.30078125,-0.03356622234062457,0.40421839736903109
0.301025390625,0.017175489732642837,0.42139388710167391
0.30126953125,-0.0067586665098377649,0.41463522059183616
0.301513671875,-0.0014785742385689613,0.41315664635326721
0.3017578125,0.0036740185363204757,0.4168306648895877
0.302001953125,-0.013399729232181095,0.40343093565740662
0.30224609375,-0.0087703007423224552,0.39466063491508419
0.302490234375,0.01391314978020532,0.40857378469528949
0.302734375,-0.0063170831793013544,0.40225670151598814
0.302978515625,0.011243530169019125,0.41350023168500727
0.30322265625,-0.0027338580984295805,0.41076637358657769
0.303466796875,-0.01502061983548683,0.39574575375109089
0.3037109375,0.016236300429776557,0.41198205418086742
0.303955078125,-0.01634899590029595,0.39563305828057149
0.30419921875,0.017611482190904974,0.41324454047147646
0.304443359375,-0.015788059201542751,0.39745648126993371
0.3046875,-0.012600840223843999,0.38485564104608971
0.304931640625,0.0011996405938557745,0.38605528163994551
0.30517578125,0.016596751653850963,0.40265203329379645
0.305419921875,0.0011563593422319926,0.40380839263602847
0.3056640625,0.00028917724822748316,0.40409756988425594
0.305908203125,0.00072455326482252823,0.40482212314907845
0.30615234375,-0.026653215840648642,0.37816890730842978
0.306396484375,0.025514629146046474,0.40368353645447624
0.306640625,-0.00012776133165706328,0.4035557751228192
0.306884765625,0.0046527315331715783,0.40820850665599079
0.30712890625,-0.0060746720008633872,0.40213383465512742
0.307373046875,0.009282298249180549,0.41141613290430795
0.3076171875,0.019873217302503878,0.43128935020681181
0.307861328125,-0.011940292111170798,0.41934905809564099
0.30810546875,0.01827171255203789,0.4376207706476789
0.308349609375,0.013096218575569477,0.45071698922324838
0.30859375,-0.025065269030382038,0.42565172019286635
0.308837890625,-0.0038752979644906447,0.42177642222837569
0.30908203125,0.0061335111602085941,0.4279099333885843
0.309326171875,-0.015101629754596207,0.41280830363398807
0.3095703125,0.0035286153818694516,0.41633691901585751
0.309814453125,0.043035985886124901,0.4593729049019824
0.31005859375,0.010961818713730309,0.47033472361571271
0.310302734375,-0.016740341304664876,0.45359438231104782
0.310546875,0.00016894515222595918,0.4537633274632738
0.310791015625,0.012158219138224379,0.4659215466014982
0.31103515625,0.0052977819427627929,0.47121932854426102
0.311279296875,0.015003806075850924,0.48622313462011196
0.3115234375,0.025563620413684533,0.51178675503379645
0.311767578125,-0.029150467134424873,0.48263628789937157
0.31201171875,0.017021192193070984,0.49965748009244254
0.312255859375,0.025462434734985162,0.5251199148274277
0.3125,0.011112890864210355,0.536232805691638
0.312744140625,0.0055800317451892003,0.54181283743682718
0.31298828125,-0.008233397351182099,0.53357944008564506
0.313232421875,0.0016716819289452325,0.53525112201459024
0.3134765625,0.026113989789940572,0.56136511180453086
0.313720703125,0.021376369574305408,0.5827414813788363
0.31396484375,-0.0024889834652051944,0.58025249791363109
0.314208984375,-0.0095719493974481453,0.57068054851618299
0.314453125,0.0026852138907039295,0.57336576240688697
0.314697265625,-0.008805964003499903,0.5645597984033871
0.31494140625,0.010016871500388606,0.57457666990377576
0.315185546875,0.0059975732816263368,0.58057424318540207
0.3154296875,0.0062197868974996741,0.58679403008290176
0.315673828125,0.0058481503387952999,0.59264218042169703
0.31591796875,0.00047063068380615535,0.59311281110550318
0.316162109375,-0.019610833133701412,0.5735019779718018
0.31640625,0.0049534859873274885,0.57845546395912928
0.316650390625,-0.018231561398226816,0.56022390256090249
0.31689453125,0.022488490431794388,0.58271239299269684
0.317138671875,-0.019467515778580375,0.56324487721411642
0.3173828125,0.0022180564716924507,0.56546293368580891
0.317626953125,-0.0035077386477390059,0.5619551950380699
0.31787109375,0.013418500983736974,0.57537369602180688
0.318115234375,-0.018304048227269488,0.55706964779453738
0.318359375,0.0082110425314882874,0.56528069032602568
0.318603515625,-0.013198297632559537,0.55208239269346615
0.31884765625,0.00046861465616559696,0.5525510073496317
0.319091796875,0.0010441286590412756,0.55359513600867294
0.3193359375,0.0038936251232234674,0.55748876113189638
0.319580078125,-0.0051023989635675115,0.55238636216832893
0.31982421875,-0.0058060003875774263,0.54658036178075153
0.320068359375,0.008001882338361738,0.55458224411911328
0.3203125,-0.0031212693796334214,0.55146097473947986
0.320556640625,-0.0056557968540382675,0.54580517788544158
0.32080078125,-0.017077089607429444,0.5287280882780121
0.321044921875,-0.00024512599162379356,0.52848296228638836
0.3212890625,-0.019797104205209425,0.50868585808117894
0.321533203125,0.00816668093065623,0.51685253901183514
0.32177734375,0.0032492218116514991,0.52010176082348669
0.322021484375,-0.0064672178774909661,0.51363454294599575
0.322265625,0.013162547857837333,0.52679709080383308
0.322509765625,-0.0018968384580390759,0.52490025234579396
0.32275390625,-0.0043025143542380056,0.52059773799155595
0.322998046875,-0.030072870701087155,0.49052486729046879
0.3232421875,0.0012850104571236487,0.49180987774759244
0.323486328125,-0.0037408341593244262,0.48806904358826803
0.32373046875,0.010734747336045293,0.49880379092431332
0.323974609375,0.0032590701033229268,0.5020628610276362
0.32421875,0.0012402061316486948,0.50330306715928486
0.324462890625,0.020501417035801824,0.52380448419508663
0.32470703125,-0.010638871177756052,0.51316561301733055
0.324951171875,-0.0066272060517002943,0.50653840696563024
0.3251953125,0.014477769842993109,0.52101617680862333
0.325439453125,-0.0012455618422135978,0.51977061496640975
0.32568359375,-0.034639603629279515,0.48513101133713021
0.325927734375,-0.0012097093542620281,0.4839213019828682
0.326171875,-0.016177483201653488,0.46774381878121474
0.326416015625,-0.01057135608111125,0.45717246270010348
0.32666015625,-0.015440399418219748,0.44173206328188375
0.326904296875,-0.030986987964738668,0.4107450753171451
0.3271484375,-0.052065545010011004,0.35867953030713412
0.327392578125,-0.019178624751759434,0.33950090555537471
0.32763671875,-0.0091979682741088059,0.33030293728126592
0.327880859375,-0.031425002218135475,0.29887793506313043
0.328125,0.0039339242131626456,0.30281185927629306
0.328369140625,0.010884041511277512,0.31369590078757059
0.32861328125,-0.0027066225197256142,0.310989278267845
0.328857421875,-0.024146421519042612,0.28684285674880239
0.3291015625,0.0017744027602077609,0.28861725950901013
0.329345703125,-0.015785969264284782,0.27283129024472536
0.32958984375,0.022805947657951065,0.29563723790267643
0.329833984375,-0.0019960244094045605,0.29364121349327188
0.330078125,-0.0067409270402480461,0.28690028645302385
0.330322265625,-0.0076653397809112222,0.27923494667211263
0.33056640625,-0.0030306355311945734,0.27620431114091804
0.330810546875,-0.0078037518782102591,0.26840055926270778
0.3310546875,-0.0048116785675929152,0.26358888069511488
0.331298828125,-0.0076539896388266651,0.25593489105628819
0.33154296875,0.018679457284715852,0.27461434834100407
0.331787109375,0.011850274814142135,0.2864646231551462
0.33203125,0.0073608639769119138,0.29382548713205814
0.332275390625,0.012258143881362326,0.30608363101342045
0.33251953125,-0.013719446869486677,0.29236418414393378
0.332763671875,0.0045614317426680307,0.29692561588660182
0.3330078125,0.025350248521102948,0.32227586440770478
0.333251953125,-0.038902704731951634,0.28337315967575316
0.33349609375,-0.0077814414091282921,0.27559171826662487
0.333740234375,-0.014090341232099358,0.26150137703452553
0.333984375,0.0033258420783702741,0.26482721911289581
0.334228515625,-0.029109654826226579,0.23571756428666923
0.33447265625,0.0021015408079237581,0.237819105094593
0.334716796875,-0.0070439407056408177,0.23077516438895218
0.3349609375,0.015937444882163719,0.24671260927111591
0.335205078125,-0.015027581419686367,0.23168502785142953
0.33544921875,0.01690543157007943,0.24859045942150895
0.335693359375,0.010340859125628127,0.25893131854713708
0.3359375,-0.021986742853882905,0.23694457569325417
0.336181640625,0.007710858300876487,0.24465543399413064
0.33642578125,-0.018187881565065855,0.2264675524290648
0.336669921875,-0.013597359336281777,0.21287019309278302
0.3369140625,-0.005647003928322107,0.20722318916446092
0.337158203125,0.017656587267783908,0.22487977643224483
0.33740234375,0.0021450800394227157,0.22702485647166754
0.337646484375,-0.018065714263627953,0.20895914220803957
0.337890625,0.0054400053079587569,0.21439914751599834
0.338134765625,0.021716831470242819,0.23611597898624115
0.33837890625,-0.0093572265715014483,0.22675875241473969
0.338623046875,0.0098829379608560662,0.23664169037559576
0.3388671875,-0.022113446072781217,0.21452824430281456
0.339111328125,0.014509906517419291,0.22903815082023385
0.33935546875,0.014495177577229925,0.24353332839746378
0.339599609375,0.019811395037935525,0.26334472343539927
0.33984375,0.019509717234078242,0.28285444066947751
0.340087890625,-0.03034723950464006,0.25250720116483744
0.34033203125,0.0032589110613940224,0.25576611222623147
0.340576171875,-0.00020685325482920494,0.25555925897140225
0.3408203125,-0.010074769521121128,0.24548448945028112
0.341064453125,0.013347373254052478,0.25883186270433362
0.34130859375,-0.010685597464551359,0.24814626523978225
0.341552734375,0.0060394053164589479,0.25418567055624119
0.341796875,0.020363175617140628,0.27454884617338182
0.342041015625,-0.020804962105835139,0.25374388406754667
0.34228515625,-0.022538342777149556,0.23120554129039711
0.342529296875,-0.015398789562973671,0.21580675172742345
0.3427734375,0.0034237196018961249,0.21923047132931958
0.343017578125,0.00089946219149694381,0.22012993352081653
0.34326171875,0.0053383716844538753,0.22546830520527039
0.343505859375,-0.024097427767949799,0.2013708774373206
0.34375,-0.010069565033717557,0.19130131240360304
0.343994140625,0.040050107954173332,0.23135142035777637
0.34423828125,-0.007438684157348891,0.22391273620042748
0.344482421875,0.0015998435720263851,0.22551257977245387
0.3447265625,0.0038488573429578412,0.22936143711541171
0.344970703125,0.0069168716053672977,0.23627830872077901
0.34521484375,0.0046248063307318781,0.24090311505151088
0.345458984375,0.0031446087137578654,0.24404772376526873
0.345703125,0.012541204934899696,0.25658892870016842
0.345947265625,0.017708010222490141,0.27429693892265855
0.34619140625,-0.02984600887540894,0.2444509300472496
0.346435546875,0.020342977879281694,0.26479390792653129
0.3466796875,-0.019756322704512178,0.24503758522201913
0.346923828125,0.0095620180078034613,0.25459960322982261
0.34716796875,0.0071919298194191303,0.26179153304924174
0.347412109375,0.005412070224229684,0.26720360327347142
0.34765625,-0.0057981664319854869,0.26140543684148593
0.347900390625,-0.018832860893182604,0.24257257594830334
0.34814453125,-0.0015577674718017362,0.24101480847650161
0.348388671875,-0.027088973108954938,0.21392583536754667
0.3486328125,0.0038794745618926556,0.21780530992943933
0.348876953125,-0.028506187662518424,0.18929912226692092
0.34912109375,-0.012516809248571606,0.17678231301834932
0.349365234375,-0.025353633377418323,0.15142867964093099
0.349609375,0.00073769989905668779,0.15216637953998768
0.349853515625,-0.0018714027038126933,0.15029497683617499
0.35009765625,-0.0010322515236335335,0.14926272531254145
0.350341796875,-0.010260230173129695,0.13900249513941176
0.3505859375,0.0063293082422702556,0.14533180338168203
0.350830078125,0.008288801359971773,0.15362060474165379
0.35107421875,-0.012233297459194261,0.14138730728245952
0.351318359375,-0.017892083119811438,0.12349522416264808
0.3515625,-0.0056221641671808532,0.11787305999546722
0.351806640625,0.01690191772180339,0.13477497771727062
0.35205078125,0.029198961268214911,0.16397393898548554
0.352294921875,-0.009657510504749358,0.15431642848073618
0.3525390625,0.0054907627949714946,0.15980719127570767
0.352783203125,0.01158012294775849,0.17138731422346615
0.35302734375,0.0070724074780528301,0.17845972170151897
0.353271484375,0.00029784998080069889,0.17875757168231968
0.353515625,-0.019573349200170044,0.15918422248214964
0.353759765625,0.010963462951600332,0.17014768543374997
0.35400390625,0.022524019517516276,0.19267170495126626
0.354248046875,-0.013891299051915246,0.17878040589935101
0.3544921875,0.02827055611374955,0.20705096201310055
0.354736328125,-0.0057015751632724081,0.20134938684982814
0.35498046875,0.0077837257004968099,0.20913311255032496
0.355224609375,0.0044538829769654731,0.21358699552729044
0.35546875,0.014023497608354129,0.22761049313564458
0.355712890625,-0.021723019998722587,0.20588747313692199
0.35595703125,-0.013726682097337501,0.1921607910395845
0.356201171875,-0.00445790814687568,0.18770288289270881
0.3564453125,-0.0078554717844068755,0.17984741110830194
0.356689453125,-0.0093886235403781992,0.17045878756792374
0.35693359375,0.00063292311912864648,0.1710917106870524
0.357177734375,0.0013721693097686115,0.172463879996821
0.357421875,0.022025545272190566,0.19448942526901156
0.357666015625,-0.014366417008488324,0.18012300826052324
0.35791015625,0.026597030279658922,0.20672003854018217
0.358154296875,-0.011807321416277777,0.1949127171239044
0.3583984375,0.021566221083237233,0.21647893820714165
0.358642578125,-0.0028507760399280203,0.21362816216721361
0.35888671875,0.0021493241474666537,0.21577748631468027
0.359130859375,0.026923133996952966,0.24270062031163325
0.359375,0.0034323415626453585,0.24613296187427861
0.359619140625,-0.015741483284283889,0.2303914785899947
0.35986328125,-0.026140104648987375,0.20425137394100734
0.360107421875,0.0069966507902984821,0.21124802473130583
0.3603515625,0.010012975154545918,0.22126099988585174
0.360595703125,-0.0060400943614480652,0.21522090552440368
0.36083984375,0.0062632916468000526,0.22148419717120374
0.361083984375,0.0090895665023562836,0.23057376367356003
0.361328125,0.019435185232864631,0.25000894890642467
0.361572265625,-0.020948972615842699,0.22905997629058197
0.36181640625,0.010134822198909228,0.23919479848949121
0.362060546875,-0.0094335105366737792,0.22976128795281744
0.3623046875,0.022227612179192072,0.25198890013200953
0.362548828125,-0.01975040597927687,0.23223849415273265
0.36279296875,0.0021186299884511073,0.23435712414118376
0.363037109375,-0.023545687019214032,0.21081143712196973
0.36328125,-0.0077568431743789603,0.20305459394759076
0.363525390625,0.011706542207950156,0.2147611361555409
0.36376953125,0.012800334831703635,0.22756147098724455
0.364013671875,-0.013659372588449039,0.21390209839879551
0.3642578125,0.017746545410896493,0.231648643809692
0.364501953125,0.0052942356182762934,0.23694287942796829
0.36474609375,-0.00014908161795651497,0.23679379781001178
0.364990234375,-0.010132260635418522,0.22666153717459325
0.365234375,-0.018079041651661236,0.20858249552293201
0.365478515625,-0.011567010787246567,0.19701548473568545
0.36572265625,0.012945896846940808,0.20996138158262626
0.365966796875,0.013495123939844882,0.22345650552247115
0.3662109375,0.0027995264482521443,0.2262560319707233
0.366455078125,-0.0054025307929485801,0.22085350117777472
0.36669921875,0.0042226532347512252,0.22507615441252593
0.366943359375,-0.011228036765466277,0.21384811764705966
0.3671875,0.015339532004716286,0.22918764965177596
0.367431640625,-0.011800678654661828,0.21738697099711413
0.36767578125,-0.010919270685448379,0.20646770031166575
0.367919921875,-3.7487264982994987e-05,0.20643021304668277
0.3681640625,0.030911227809432895,0.23734144085611567
0.368408203125,-0.018993205929196746,0.2183482349269189
0.36865234375,-0.01700936155084638,0.20133887337607254
0.368896484375,-0.0091014808211565355,0.19223739255491601
0.369140625,-0.015254120697152521,0.1769832718577635
0.369384765625,0.00070358623355565688,0.17768685809131915
0.36962890625,0.0021147271923191084,0.17980158528363827
0.369873046875,0.019387086330027919,0.19918867161366619
0.3701171875,0.014967061897911912,0.2141557335115781
0.370361328125,-0.010233030692916589,0.20392270281866151
0.37060546875,-0.013454173986412533,0.19046852883224899
0.370849609375,0.0086666375173444412,0.19913516634959344
0.37109375,0.0056608371222122891,0.20479600347180574
0.371337890625,0.01205636603425041,0.21685236950605616
0.37158203125,0.0076567154915518172,0.22450908499760797
0.371826171875,-0.0085993720805692016,0.21590971291703875
0.3720703125,0.027553121448551196,0.24346283436558996
0.372314453125,-0.026606564071541574,0.21685627029404839
0.37255859375,0.014677750001999078,0.23153402029604747
0.372802734375,0.010147003669578433,0.24168102396562591
0.373046875,0.018078546237515394,0.25975957020314128
0.373291015625,-0.020849828077616213,0.23890974212552507
0.37353515625,0.004706295129343575,0.24361603725486863
0.373779296875,0.00043177281407214539,0.24404781006894077
0.3740234375,0.027058012070856976,0.27110582213979773
0.374267578125,0.0029789725551203849,0.27408479469491809
0.37451171875,-0.0035287899442282451,0.27055600475068986
0.374755859375,-0.011840863085846729,0.25871514166484311
0.375,-0.021471749114123636,0.23724339255071947
0.375244140625,-0.0093947973274822964,0.22784859522323717
0.37548828125,0.013352997677328723,0.24120159290056589
0.375732421875,0.016744379461359853,0.25794597236192573
0.3759765625,-0.013443449428151068,0.24450252293377467
0.376220703125,0.010551053033845435,0.25505357596762013
0.37646484375,-0.010190229040676443,0.24486334692694367
0.376708984375,0.010631893632194456,0.25549524055913814
0.376953125,0.0055783791437809399,0.26107361970291909
0.377197265625,-0.0049819535088644722,0.2560916661940546
0.37744140625,-0.030223357411677369,0.22586830878237724
0.377685546875,0.00018040926533832724,0.22604871804771556
0.3779296875,-0.005853483945729673,0.22019523410198588
0.378173828125,0.010743790742034744,0.23093902484402062
0.37841796875,0.03710881224364939,0.26804783708766999
0.378662109375,0.0035323882725969849,0.27158022536026699
0.37890625,0.0029890092421848893,0.27456923460245186
0.379150390625,0.0048124636504506017,0.27938169825290249
0.37939453125,-0.0040286300913568787,0.27535306816154559
0.379638671875,0.013195980988898005,0.2885490491504436
0.3798828125,-0.03150110369014892,0.25704794546029469
0.380126953125,0.028576060207831683,0.2856240056681264
0.38037109375,-0.002393123429197062,0.28323088223892934
0.380615234375,0.010853916898914949,0.2940847991378443
0.380859375,-0.0040298732866398479,0.29005492585120446
0.381103515625,0.0063257389783856937,0.29638066482959013
0.38134765625,-0.045408114793787285,0.25097255003580288
0.381591796875,0.021573061617354478,0.27254561165315738
0.3818359375,-0.0033210072244167226,0.26922460442874063
0.382080078125,0.0067995779658056007,0.27602418239454624
0.38232421875,-0.0081878853643095901,0.26783629703023665
0.382568359375,0.016581671301999813,0.28441796833223648
0.3828125,-0.0015809892460908535,0.28283697908614563
0.383056640625,0.013055836097756615,0.29589281518390226
0.38330078125,0.014524043490821384,0.31041685867472363
0.383544921875,-0.023330210242594126,0.2870866484321295
0.3837890625,0.0090921151630708151,0.29617876359520029
0.384033203125,0.0020190223970394483,0.29819778599223973
0.38427734375,0.025374720037237373,0.32357250602947712
0.384521484375,-0.0015421397357888802,0.32203036629368825
0.384765625,0.032319054384218823,0.35434942067790709
0.385009765625,0.0045392332792814653,0.35888865395718855
0.38525390625,0.020870849427652001,0.37975950338484055
0.385498046875,-0.016264452552392859,0.36349505083244771
0.3857421875,0.0015404459011704036,0.36503549673361813
0.385986328125,0.02370637881827424,0.38874187555189238
0.38623046875,0.012274282200665515,0.40101615775255789
0.386474609375,0.035473787925977759,0.43648994567853566
0.38671875,0.0053645843021740665,0.44185452998070973
0.386962890625,0.010426219810916843,0.45228074979162658
0.38720703125,-0.010591228777369439,0.44168952101425712
0.387451171875,0.020184727919797339,0.46187424893405449
0.3876953125,0.021282977063611604,0.48315722599766608
0.387939453125,0.010907204922363216,0.49406443092002927
0.38818359375,0.010843272557129626,0.50490770347715885
0.388427734375,-0.0027473014138721962,0.5021604020632866
0.388671875,0.018060550666601338,0.520220952729888
0.388916015625,0.011958832009454211,0.53217978473934224
0.38916015625,0.022898665809425525,0.55507845054876781
0.389404296875,-0.030176978586020586,0.52490147196274717
0.3896484375,-0.029470924093737735,0.49543054786900942
0.389892578125,-0.007867243576418612,0.48756330429259082
0.39013671875,-0.01023910940293668,0.47732419488965416
0.390380859375,-0.013214027142567662,0.46411016774708652
0.390625,0.0074143201100220091,0.47152448785710854
0.390869140625,0.0089099824675867891,0.48043447032469533
0.39111328125,0.0054788008845168441,0.48591327120921218
0.391357421875,-0.002748318540868694,0.48316495266834347
0.3916015625,-0.001625407960355447,0.48153954470798804
0.391845703125,-0.016648386552037597,0.46489115815595045
0.39208984375,0.0078204284009047772,0.47271158655685525
0.392333984375,0.0091719161657223217,0.48188350272257757
0.392578125,0.0069699788582767231,0.48885348158085429
0.392822265625,-0.015334237113057307,0.47351924446779697
0.39306640625,0.011690555515755192,0.48520979998355218
0.393310546875,0.018218900664758047,0.50342870064831025
0.3935546875,-0.0017157584706840824,0.50171294217762619
0.393798828125,0.023832166701479255,0.52554510887910544
0.39404296875,0.014814204883212539,0.54035931376231794
0.394287109375,0.015827126087418198,0.55618643984973615
0.39453125,0.024039677449707142,0.58022611729944329
0.394775390625,0.0025284723523725516,0.58275458965181581
0.39501953125,0.0017940932591720882,0.58454868291098794
0.395263671875,0.003682182897722497,0.58823086580871042
0.3955078125,-0.0056065741039839148,0.58262429170472652
0.395751953125,0.018346725776925015,0.60097101748165149
0.39599609375,0.0012709418532156878,0.60224195933486713
0.396240234375,0.014998093403218747,0.61724005273808591
0.396484375,0.005818489146624339,0.62305854188471022
0.396728515625,-0.017034890570677568,0.60602365131403269
0.39697265625,-0.0094234744707854569,0.59660017684324718
0.397216796875,0.023196331479360108,0.61979650832260724
0.3974609375,-0.010687353537429597,0.60910915478517769
0.397705078125,-0.0051860986038804969,0.60392305618129716
0.39794921875,0.023611718215318281,0.62753477439661542
0.398193359375,-0.0010107926363332844,0.62652398176028212
0.3984375,-0.010297313771364124,0.61622666798891801
0.398681640625,-0.031600235612512184,0.58462643237640588
0.39892578125,0.012121450492009838,0.59674788286841574
0.399169921875,-0.0059344864980751533,0.59081339637034058
0.3994140625,-0.027820298248867142,0.56299309812147347
0.399658203125,-0.028975796582501701,0.53401730153897176
0.39990234375,0.012110720163442678,0.54612802170241448
0.400146484375,0.027619684248825358,0.57374770595123981
0.400390625,-0.0017975486802829807,0.57195015727095677
0.400634765625,0.0045011262558390724,0.57645128352679587
0.40087890625,0.010674260864128772,0.58712554439092468
0.401123046875,-0.045226126641089388,0.5418994177498353
0.4013671875,0.020631855013771058,0.56253127276360637
0.401611328125,-0.016533273522705585,0.54599799924090076
0.40185546875,0.0051600358466388895,0.55115803508753969
0.402099609375,-0.012670886552269715,0.53848714853527002
0.40234375,-0.0045808626233615557,0.53390628591190847
0.402587890625,-0.016005347385519751,0.51790093852638874
0.40283203125,0.0099534644297806819,0.52785440295616948
0.403076171875,0.0021488281175670969,0.53000323107373659
0.4033203125,-0.0034544617698867089,0.52654876930384986
0.403564453125,0.0022170619288086738,0.52876583123265852
0.40380859375,-0.0070921321137745255,0.52167369911888395
0.404052734375,0.00039054204891322619,0.52206424116779715
0.404296875,-0.012597501346138539,0.50946673982165858
0.404541015625,0.0019860283152350624,0.51145276813689367
0.40478515625,-0.021502807863426645,0.48994996027346704
0.405029296875,-0.0053928504286520421,0.48455710984481498
0.4052734375,0.0022283758886483128,0.48678548573346331
0.405517578125,-0.010411619777642116,0.47637386595582121
0.40576171875,0.004736467642527515,0.48111033359834871
0.406005859375,-0.0048386574506529096,0.47627167614769578
0.40625,-0.0091525326992078319,0.46711914344848793
0.406494140625,0.014424899338931683,0.48154404278741963
0.40673828125,0.027636648894219035,0.50918069168163871
0.406982421875,-0.020390074169256211,0.48879061751238251
0.4072265625,-0.022103177917218542,0.46668743959516396
0.407470703125,0.0071677464729414898,0.47385518606810545
0.40771484375,-0.0084978942311429561,0.46535729183696251
0.407958984375,0.020195161949836133,0.48555245378679862
0.408203125,-0.0032860762027482745,0.48226637758405033
0.408447265625,-0.026464622015828096,0.45580175556822222
0.40869140625,0.0051235384246897464,0.46092529399291199
0.408935546875,0.00059099213793207075,0.46151628613084406
0.4091796875,0.0011181423919629917,0.46263442852280706
0.409423828125,-0.022139665496121723,0.44049476302668533
0.40966796875,-0.013657618930502161,0.42683714409618317
0.409912109375,0.0038573378439340613,0.43069448194011722
0.41015625,-0.00071483109525819117,0.42997965084485901
0.410400390625,0.0054415430247581748,0.4354211938696172
0.41064453125,0.017141964682216113,0.45256315855183332
0.410888671875,0.0044939139802917406,0.45705707253212507
0.4111328125,0.0087747907857960855,0.46583186331792115
0.411376953125,0.00080684883174913743,0.46663871214967029
0.41162109375,0.020111281578312382,0.48674999372798267
0.411865234375,-0.0031898628731096097,0.48356013085487304
0.412109375,-0.016756070017250803,0.46680406083762221
0.412353515625,0.0081087112696416764,0.4749127721072639
0.41259765625,-0.028082984692674468,0.44682978741458945
0.412841796875,-0.017286895912944161,0.42954289150164526
0.4130859375,0.023409038999179128,0.45295193050082438
0.413330078125,-0.00018173498755411999,0.45277019551327025
0.41357421875,0.028833433168603737,0.48160362868187401
0.413818359375,0.0051676333713437618,0.48677126205321775
0.4140625,-0.013989693519524535,0.47278156853369319
0.414306640625,-0.019276143270446487,0.45350542526324672
0.41455078125,-0.013425426035166036,0.44007999922808066
0.414794921875,-0.009017087588829421,0.43106291163925126
0.4150390625,-0.0004745910617144465,0.43058832057753682
0.415283203125,-0.03644092577884319,0.39414739479869365
0.41552734375,0.0011069289108881102,0.39525432370958175
0.415771484375,-0.015296162332084723,0.37995816137749705
0.416015625,0.020735331868333543,0.40069349324583059
0.416259765625,0.0062314876450939903,0.4069249808909246
0.41650390625,-0.013124149115329779,0.39380083177559483
0.416748046875,0.013889011893219994,0.40768984366881483
0.4169921875,0.010807273422699652,0.41849711709151449
0.417236328125,-0.00047741070116260833,0.41801970639035191
0.41748046875,0.023224437948159486,0.44124414433851139
0.417724609375,-0.00076552383063213181,0.44047862050787928
0.41796875,-0.0084223468275639903,0.43205627368031529
0.418212890625,0.0038315894367213573,0.43588786311703664
0.41845703125,0.0088911834766170674,0.44477904659365369
0.418701171875,-0.0014600623871860936,0.44331898420646759
0.4189453125,-0.003208422845870508,0.44011056136059706
0.419189453125,-0.0027700990166044008,0.43734046234399265
0.41943359375,-0.0019086615406977135,0.43543180080329497
0.419677734375,-0.0095447212486627648,0.42588707955463218
0.419921875,0.0085290438599021599,0.43441612341453434
0.420166015625,0.022425900986605227,0.45684202440113958
0.42041015625,-0.027294347894982328,0.42954767650615727
0.420654296875,-0.016380580596981359,0.41316709590917589
0.4208984375,-0.011714404419887822,0.40145269148928808
0.421142578125,0.020181844033686856,0.42163453552297492
0.42138671875,0.029998792364894659,0.45163332788786958
0.421630859375,0.0067807708084706535,0.45841409869634026
0.421875,-0.011416190322231498,0.44699790837410874
0.422119140625,0.010850547477801118,0.45784845585190986
0.42236328125,-0.0071875335989829781,0.45066092225292687
0.422607421875,0.020277701411535523,0.47093862366446237
0.4228515625,0.01170038669667327,0.48263901036113566
0.423095703125,-0.0034336573835224292,0.47920535297761324
0.42333984375,-0.0051611023127450147,0.47404425066486822
0.423583984375,0.01466909205254773,0.48871334271741596
0.423828125,-0.010090610890576206,0.47862273182683973
0.424072265625,-0.0027345434564961814,0.47588818837034352
0.42431640625,0.029273873498908067,0.50516206186925161
0.424560546875,-0.0048346672833970723,0.50032739458585451
0.4248046875,-0.028608529499876176,0.47171886508597832
0.425048828125,-0.020943849341751284,0.45077501574422701
0.42529296875,0.027773373334317415,0.47854838907854441
0.425537109375,0.0013562618800077751,0.47990465095855217
0.42578125,0.020752000524290087,0.50065665148284222
0.426025390625,0.034663371960101372,0.5353200234429436
0.42626953125,0.021115472285788365,0.55643549572873197
0.426513671875,-0.010712838108904081,0.54572265761982786
0.4267578125,0.017843064170792178,0.56356572179062003
0.427001953125,0.0088056663913678376,0.57237138818198785
0.42724609375,-0.002089674155814823,0.570281714026173
0.427490234375,-0.0066210043117501749,0.56366070971442284
0.427734375,0.027957964207486599,0.59161867392190948
0.427978515625,-0.020372771053090499,0.57124590286881893
0.42822265625,-0.014822177764935643,0.55642372510388327
0.428466796875,-0.0021815962132776547,0.55424212889060565
0.4287109375,-0.019825450773895886,0.53441667811670979
0.428955078125,0.0087262098066517389,0.54314288792336152
0.42919921875,-0.0015123504731002096,0.54163053745026135
0.429443359375,0.0065898018674732783,0.54822033931773462
0.4296875,0.0028666610469398656,0.55108700036467451
0.429931640625,0.020548241744066421,0.57163524210874095
0.43017578125,-0.0037937430475490507,0.56784149906119186
0.430419921875,-0.0024455040890901687,0.56539599497210169
0.4306640625,-0.0027518666224544772,0.56264412834964717
0.430908203125,-0.01898301095371439,0.54366111739593281
0.43115234375,0.00080063031925101081,0.54446174771518385
0.431396484375,0.007416598048734852,0.5518783457639187
0.431640625,-0.017412015531923695,0.53446633023199497
0.431884765625,0.027643995706409841,0.56211032593840482
0.43212890625,0.0063032668201912405,0.56841359275859604
0.432373046875,-0.026545977701721644,0.54186761505687442
0.4326171875,0.0046143002924365984,0.54648191534931101
0.432861328125,0.012832286366491958,0.55931420171580293
0.43310546875,-0.019853579736326392,0.53946062197947653
0.433349609375,0.019366450705633257,0.55882707268510978
0.43359375,-0.01312451523740794,0.5457025574477018
0.433837890625,-0.028206844596541405,0.51749571285116036
0.43408203125,-0.01324103594538786,0.50425467690577253
0.434326171875,0.00062340652649791337,0.50487808343227047
0.4345703125,-0.0089761859588951796,0.49590189747337532
0.434814453125,-0.013518733797195341,0.48238316367618
0.43505859375,-0.013574941419059138,0.46880822225712088
0.435302734375,0.00060595771902959992,0.46941417997615048
0.435546875,-0.0079412136024331614,0.46147296637371732
0.435791015625,-0.010838333759007951,0.45063463261470937
0.43603515625,0.025791510505551937,0.47642614312026133
0.436279296875,0.0067551589815980344,0.48318130210185933
0.4365234375,-0.014684149205674972,0.46849715289618438
0.436767578125,0.00063102568879052116,0.46912817858497491
0.43701171875,0.012959741112565922,0.48208791969754083
0.437255859375,-0.020880308061883623,0.46120761163565721
0.4375,-0.0060079531489563931,0.4551996584867008
0.437744140625,-0.0087155744331255478,0.44648408405357526
0.43798828125,-0.012508395543920943,0.43397568850965429
0.438232421875,-0.02029190226031365,0.41368378624934066
0.4384765625,0.04018758875470848,0.45387137500404912
0.438720703125,0.0094849492304029687,0.46335632423445211
0.43896484375,-0.022355380656988732,0.44100094357746339
0.439208984375,0.018934343443257312,0.45993528702072073
0.439453125,-0.00090309692559489244,0.45903219009512586
0.439697265625,-0.024641470790293711,0.43439071930483214
0.43994140625,0.0034500815181998344,0.43784080082303195
0.440185546875,0.0082561199521739518,0.44609692077520591
0.4404296875,-0.014059650335032182,0.4320372704401737
0.440673828125,-0.013767061436012834,0.4182702090041609
0.44091796875,0.00033103814005287638,0.41860124714421376
0.441162109375,-0.0093961475740550523,0.40920509957015871
0.44140625,0.01148286563926719,0.42068796520942592
0.441650390625,-0.012568127685539922,0.40811983752388598
0.44189453125,0.019057585795673085,0.42717742331955905
0.442138671875,-0.014403874318834687,0.41277354900072438
0.4423828125,-0.0084702235116197542,0.40430332548910464
0.442626953125,-0.026891784257515369,0.37741154123158926
0.44287109375,-0.0061643157005389039,0.37124722553105038
0.443115234375,-0.0072452892634498889,0.36400193626760047
0.443359375,-0.014013912478908017,0.34998802378869243
0.443603515625,0.012633323793175709,0.36262134758186815
0.44384765625,0.0026469321622212961,0.36526827974408943
0.444091796875,-0.0091168917748969628,0.35615138796919249
0.4443359375,0.04552322350857569,0.40167461147776817
0.444580078125,-0.015123039013340563,0.38655157246442762
0.44482421875,0.0034439650518405837,0.3899955375162682
0.445068359375,0.023888003215242787,0.41388354073151101
0.4453125,0.0059601423815438797,0.41984368311305487
0.445556640625,-0.025448133541087901,0.39439554957196699
0.44580078125,-0.014912336161873731,0.37948321341009328
0.446044921875,-9.5215413064206838e-05,0.37938799799702905
0.4462890625,0.0025347103866346365,0.38192270838366371
0.446533203125,-0.035073642389892384,0.3468490659937713
0.44677734375,0.0075826857666116366,0.35443175176038294
0.447021484375,-0.0039393090922208449,0.3504924426681621
0.447265625,-0.011188633560269884,0.33930380910789221
0.447509765625,-0.0080353887776259784,0.33126842033026621
0.44775390625,-0.011434829946751168,0.31983359038351505
0.447998046875,-0.0072826320011717908,0.31255095838234326
0.4482421875,-0.019246438073361891,0.29330452030898135
0.448486328125,0.0025257288334228052,0.29583024914240413
0.44873046875,0.0098272956954162365,0.30565754483782037
0.448974609375,0.0032949176933174656,0.30895246253113784
0.44921875,0.0010648081777956725,0.31001727070893353
0.449462890625,-0.0011984777114796067,0.30881879299745391
0.44970703125,0.0035680005885078908,0.31238679358596178
0.449951171875,0.01839278845379989,0.33077958203976165
0.4501953125,-0.012040086357444571,0.31873949568231708
0.450439453125,-0.040432193993132491,0.27830730168918461
0.45068359375,0.015588232419478397,0.29389553410866298
0.450927734375,0.011870183069914856,0.30576571717857781
0.451171875,-0.013132802016700756,0.29263291516187706
0.451416015625,-0.019319817682036087,0.27331309747984095
0.45166015625,-0.024905537587536469,0.24840755989230448
0.451904296875,0.0096513150292667441,0.2580588749215712
0.4521484375,-0.016109032030154707,0.24194984289141649
0.452392578125,0.0032104368337789431,0.24516027972519544
0.45263671875,0.0029058920237833873,0.24806617174897883
0.452880859375,3.0932398591426983e-05,0.24809710414757025
0.453125,0.0010722585545577894,0.24916936270212803
0.453369140625,0.0018956782376933724,0.2510650409398214
0.45361328125,-0.0080299185172800977,0.2430351224225413
0.453857421875,0.0016859539709706698,0.24472107639351198
0.4541015625,-0.010376429958082044,0.23434464643542993
0.454345703125,-0.036302065012964804,0.19804258142246511
0.45458984375,-0.011983322184498022,0.1860592592379671
0.454833984375,0.013368443403577342,0.19942770264154444
0.455078125,0.018185716149800982,0.21761341879134544
0.455322265625,0.018186977130560607,0.23580039592190605
0.45556640625,-0.0070906847987193614,0.22870971112318669
0.455810546875,-0.013820686691897944,0.21488902443128874
0.4560546875,0.013972739071612623,0.22886176350290136
0.456298828125,0.031611233144535282,0.26047299664743662
0.45654296875,-0.0074711209527694071,0.2530018756946672
0.456787109375,0.011111073323115405,0.26411294901778259
0.45703125,-0.016253811327721846,0.24785913769006074
0.457275390625,-0.018319956855239131,0.22953918083482161
0.45751953125,-0.014764108481296782,0.21477507235352483
0.457763671875,0.021563823180046543,0.23633889553357137
0.4580078125,-0.011512966374705681,0.22482592915886571
0.458251953125,-0.027349901280008058,0.19747602787885765
0.45849609375,-0.020905197866746932,0.17657083001211071
0.458740234375,-0.013675302557813972,0.16289552745429675
0.458984375,-0.0070340906193356555,0.15586143683496109
0.459228515625,-0.0092249971240263122,0.14663643971093479
0.45947265625,-0.0015481223524915183,0.14508831735844327
0.459716796875,0.018757404091520581,0.16384572144996384
0.4599609375,0.0003938697905830234,0.16423959124054688
0.460205078125,-0.0073703215729876894,0.15686926966755918
0.46044921875,0.0096586494033275572,0.16652791907088674
0.460693359375,-0.0046778408271114002,0.16185007824377534
0.4609375,0.0032398889024103463,0.16508996714618568
0.461181640625,0.0042733594990095568,0.16936332664519524
0.46142578125,0.004614779058541062,0.17397810570373631
0.461669921875,0.0059695939724452168,0.17994769967618152
0.4619140625,0.01165963591255257,0.19160733558873408
0.462158203125,-0.022278686543520925,0.16932864904521316
0.46240234375,0.006652146847345039,0.17598079589255822
0.462646484375,0.030252474891234758,0.20623327078379297
0.462890625,-0.00029217979656559262,0.20594109098722738
0.463134765625,0.0020460212299836865,0.20798711221721106
0.46337890625,0.026784423311809462,0.23477153552902053
0.463623046875,-0.020809857004872367,0.21396167852414816
0.4638671875,0.0020553834630576066,0.21601706198720577
0.464111328125,0.0140227841724339,0.23003984615963968
0.46435546875,-0.0078329552912645897,0.22220689086837508
0.464599609375,0.010757832169119342,0.23296472303749444
0.46484375,0.0067445780454574965,0.23970930108295194
0.465087890625,0.000120562937935197,0.23982986402088713
0.46533203125,0.008524338652402352,0.24835420267328948
0.465576171875,0.013402206465312235,0.26175640913860171
0.4658203125,0.024856557989547928,0.28661296712814965
0.466064453125,-1.7828896755695549e-05,0.28659513823139393
0.46630859375,0.0081739867383867661,0.29476912496978069
0.466552734375,0.0048481474615957258,0.29961727243137642
0.466796875,-0.012176836954192513,0.2874404354771839
0.467041015625,0.021089126308453471,0.3085295617856374
0.46728515625,0.011462891545779921,0.31999245333141729
0.467529296875,-0.021739721721859059,0.29825273160955823
0.4677734375,0.0099573471566522069,0.30821007876621043
0.468017578125,0.0045555313008934888,0.31276561006710391
0.46826171875,0.00099145057229217703,0.31375706063939607
0.468505859375,-0.0090072550040277057,0.30474980563536835
0.46875,-0.010195912113440172,0.29455389352192818
0.468994140625,-0.01754357423137724,0.27701031929055092
0.46923828125,0.0038983958651866691,0.28090871515573757
0.469482421875,0.0023141708922897694,0.28322288604802731
0.4697265625,0.023604919890049526,0.30682780593807685
0.469970703125,-0.0078293337715904365,0.2989984721664864
0.47021484375,0.0031919115424706881,0.30219038370895707
0.470458984375,-0.0033388432536391754,0.29885154045531787
0.470703125,-0.0030012256511682787,0.29585031480414958
0.470947265625,-0.013560049319405016,0.28229026548474456
0.47119140625,0.012157728215956244,0.29444799370070079
0.471435546875,-0.018666198476986664,0.27578179522371415
0.4716796875,0.012464187653934767,0.28824598287764891
0.471923828125,0.0048969194508418886,0.29314290232849077
0.47216796875,-0.011667514770039881,0.28147538755845092
0.472412109375,0.0097264302451937745,0.29120181780364468
0.47265625,-0.028982229976336267,0.26221958782730842
0.472900390625,-0.0005203423308606578,0.26169924549644774
0.47314453125,-0.0092103992279398555,0.25248884626850787
0.473388671875,0.002262281467507391,0.25475112773601527
0.4736328125,-5.651116099741916e-05,0.25469461657501785
0.473876953125,0.00035366714137686838,0.25504828371639471
0.47412109375,0.0058626835938362914,0.260910967310231
0.474365234375,-0.0012887493056920043,0.259622218004539
0.474609375,-0.0040404002941230909,0.25558181771041588
0.474853515625,0.036973983518154029,0.29255580122856989
0.47509765625,0.031934549226006942,0.32449035045457686
0.475341796875,0.010387812993452037,0.3348781634480289
0.4755859375,-0.0005537921770123889,0.3343243712710165
0.475830078125,0.0028766547096163923,0.3372010259806329
0.47607421875,0.0095892967888785673,0.34679032276951144
0.476318359375,-0.02913188709160576,0.31765843567790569
0.4765625,0.0037136321935090743,0.32137206787141476
0.476806640625,0.012844222992182517,0.33421629086359728
0.47705078125,0.011413083826763941,0.3456293746903612
0.477294921875,-0.01459762494984926,0.33103174974051192
0.4775390625,0.024844778133534001,0.35587652787404589
0.477783203125,0.0087765386189276318,0.36465306649297352
0.47802734375,-0.02207098069585172,0.34258208579712179
0.478271484375,-0.0006256600393643411,0.34195642575775748
0.478515625,-0.042483438273273257,0.2994729874844842
0.478759765625,0.0075794152851844116,0.30705240276966861
0.47900390625,0.009629945378817702,0.31668234814848634
0.479248046875,-0.0026081012218234808,0.31407424692666286
0.4794921875,-0.017535347003752214,0.29653889992291066
0.479736328125,-0.019303819779464704,0.27723508014344594
0.47998046875,-0.0034479900503539226,0.27378709009309204
0.480224609375,0.017812007818158764,0.29159909791125083
0.48046875,-0.043313262111342579,0.24828583579990826
0.480712890625,-0.0035980410702224951,0.24468779472968577
0.48095703125,0.027834946009255047,0.27252274073894084
0.481201171875,-0.029833585708456067,0.24268915503048477
0.4814453125,-0.0061920690364465078,0.23649708599403826
0.481689453125,0.0071556407293699087,0.24365272672340818
0.48193359375,-0.037638261920259757,0.20601446480314842
0.482177734375,-0.0022598297531011106,0.20375463505004732
0.482421875,0.003684860609058017,0.20743949565910533
0.482666015625,0.0046751799958595361,0.21211467565496486
0.48291015625,-0.018557635890127249,0.19355703976483762
0.483154296875,-0.018086377096579929,0.1754706626682577
0.4833984375,-0.018880727871328811,0.1565899347969289
0.483642578125,0.015420914412391283,0.17201084920932019
0.48388671875,0.013082495829163829,0.18509334503848401
0.484130859375,0.014068923957018224,0.19916226899550224
0.484375,0.0011919539085505023,0.20035422290405275
0.484619140625,0.014703380951851378,0.21505760385590411
0.48486328125,-0.023824266390567634,0.19123333746533647
0.485107421875,-0.012951276440038085,0.17828206102529839
0.4853515625,0.018716850896272497,0.1969989119215709
0.485595703125,-0.011297933986116044,0.18570097793545487
0.48583984375,0.014398838924133543,0.20009981685958841
0.486083984375,-0.0028044354457244887,0.19729538141386394
0.486328125,-0.025038634802221942,0.172256746611642
0.486572265625,-0.0045181206142341805,0.16773862599740783
0.48681640625,-0.0041509209408191238,0.16358770505658871
0.487060546875,0.050260477707053657,0.21384818276364237
0.4873046875,-0.0076119600358548582,0.20623622272778752
0.487548828125,0.0148113781395729,0.22104760086736042
0.48779296875,-0.015034034105992695,0.20601356676136773
0.488037109375,0.028309278412877718,0.23432284517424545
0.48828125,0.011664481988980731,0.24598732716322619
0.488525390625,0.0041974875342227682,0.25018481469744897
0.48876953125,0.020028758625703209,0.27021357332315216
0.489013671875,0.011392653493599234,0.2816062268167514
0.4892578125,0.0095480949681695584,0.29115432178492096
0.489501953125,-0.014677100821384183,0.27647722096353677
0.48974609375,0.016690329194438431,0.29316755015797519
0.489990234375,-0.0069743487178609929,0.28619320144011418
0.490234375,-0.011724505270543166,0.27446869616957104
0.490478515625,0.010128864205443927,0.28459756037501494
0.49072265625,0.01738650191171159,0.30198406228672653
0.490966796875,-0.0026925654799556582,0.29929149680677086
0.4912109375,0.024492790202659011,0.32378428700942985
0.491455078125,0.027769581102523616,0.35155386811195344
0.49169921875,-0.014629548339369801,0.33692431977258364
0.491943359375,0.027719421710290529,0.36464374148287415
0.4921875,-0.0037734922704198187,0.36087024921245431
0.492431640625,-0.010789252800949344,0.35008099641150497
0.49267578125,0.010354912764713137,0.36043590917621809
0.492919921875,-0.0027689982969787137,0.35766691087923941
0.4931640625,-0.0039459206837382365,0.35372099019550118
0.493408203125,0.012671320316768873,0.36639231051227006
0.49365234375,0.019393525750494241,0.3857858362627643
0.493896484375,-0.0091926170845774528,0.37659321917818683
0.494140625,0.019547724757922186,0.39614094393610899
0.494384765625,0.02989640816815314,0.42603735210426213
0.49462890625,-0.027919815654965971,0.39811753644929615
0.494873046875,-0.025814120221967579,0.37230341622732854
0.4951171875,0.0028251097346094394,0.37512852596193796
0.495361328125,0.019538625165492519,0.3946671511274305
0.49560546875,0.00045002602065416655,0.3951171771480847
0.495849609375,0.010494042046586426,0.40561121919467114
0.49609375,0.03265770221345559,0.43826892140812673
0.496337890625,-0.018895921390623592,0.41937300001750316
0.49658203125,-0.015423762510533588,0.40394923750696959
0.496826171875,-0.0092511945992927429,0.39469804290767685
0.4970703125,0.025542778341406742,0.42024082124908357
0.497314453125,0.026730214248705832,0.44697103549778938
0.49755859375,-0.013935580461233254,0.43303545503655611
0.497802734375,0.003198590512831583,0.43623404554938766
0.498046875,0.0013159570344760093,0.43755000258386367
0.498291015625,-0.019624598709788443,0.41792540387407523
0.49853515625,0.016079322470375169,0.43400472634445042
0.498779296875,-0.0062461755333570491,0.42775855081109337
0.4990234375,-0.028418770061091614,0.39933978075000176
0.499267578125,0.0023269652620760977,0.40166674601207786
0.49951171875,0.0048166950361570602,0.40648344104823492
0.499755859375,0.013262063539185699,0.4197455045874206
0.5,-0.0065148873421711911,0.4132306172452494
0.500244140625,0.0083945233261906501,0.42162514057144007
0.50048828125,-0.00019421811860190162,0.4214309224528382
0.500732421875,-0.0028487490259735512,0.41858217342686466
0.5009765625,0.022699361039022224,0.44128153446588686
0.501220703125,-0.0032287458964098304,0.43805278856947705
0.50146484375,-0.032446552766911253,0.40560623580256577
0.501708984375,0.0039285541151944589,0.40953478991776021
0.501953125,-0.027315584214445455,0.38221920570331475
0.502197265625,-0.0098247773782125583,0.37239442832510217
0.50244140625,0.0096891159727579886,0.38208354429786018
0.502685546875,0.0082423167257576983,0.39032586102361788
0.5029296875,-0.0080434683238687077,0.38228239269974917
0.503173828125,-0.0097982730208591162,0.37248411967889006
0.50341796875,0.0098319147461891979,0.38231603442507928
0.503662109375,-0.010222417791730552,0.37209361663334872
0.50390625,-0.027418609959168273,0.34467500667418044
0.504150390625,-0.006428176149199198,0.33824683052498122
0.50439453125,0.0079526194999948365,0.34619945002497604
0.504638671875,0.0017870016524128374,0.3479864516773889
0.5048828125,-0.0061915707104619553,0.34179488096692695
0.505126953125,0.02168926206527691,0.36348414303220389
0.50537109375,-0.0023828016949526748,0.36110134133725119
0.505615234375,-0.0078043127396080795,0.35329702859764311
0.505859375,-0.01326856274961891,0.34002846584802421
0.506103515625,0.0011064011846726499,0.34113486703269685
0.50634765625,0.01499492870319215,0.35612979573588899
0.506591796875,-0.00041346171994859369,0.35571633401594038
0.5068359375,0.0082322216373350125,0.36394855565327539
0.507080078125,-0.0015798597366792626,0.3623686959165961
0.50732421875,0.0076340734351003359,0.3700027693516964
0.507568359375,-0.0068812614545653511,0.36312150789713105
0.5078125,0.0022085117753058254,0.36533001967243689
0.508056640625,-0.011544910689045309,0.35378510898339161
0.50830078125,-0.00071857473788439219,0.35306653424550721
0.508544921875,-0.0063192412520600011,0.3467472929934472
0.5087890625,0.020009519982437315,0.36675681297588453
0.509033203125,0.0095789002437575346,0.37633571321964204
0.50927734375,-0.023309195465481426,0.35302651775416061
0.509521484375,0.022477801363194803,0.37550431911735543
0.509765625,-0.0039563144824801624,0.37154800463487525
0.510009765625,-0.0019449288515059461,0.36960307578336932
0.51025390625,-0.025510636248711943,0.3440924395346574
0.510498046875,0.00087289665593851765,0.34496533619059594
0.5107421875,-0.0014815806880516275,0.34348375550254429
0.510986328125,0.0022576623002395382,0.34574141780278383
0.51123046875,-0.0071962539530785446,0.33854516384970529
0.511474609375,-0.0032548770026810695,0.33529028684702422
0.51171875,0.0086749612590903361,0.34396524810611456
0.511962890625,-0.013164814172603637,0.33080043393351094
0.51220703125,-0.0020958242791778827,0.32870460965433307
0.512451171875,0.030192361590098644,0.35889697124443171
0.5126953125,0.00084593161417918729,0.35974290285861088
0.512939453125,0.0077480965771847231,0.36749099943579561
0.51318359375,0.0087644368915354709,0.37625543632733105
0.513427734375,-0.0067742360654278761,0.36948120026190318
0.513671875,0.018190103895571973,0.38767130415747514
0.513916015625,0.023799171025160423,0.41147047518263558
0.51416015625,-0.026931082103155798,0.38453939307947976
0.514404296875,-0.0085848340773908363,0.37595455900208891
0.5146484375,0.0060651687213675804,0.38201972772345649
0.514892578125,-0.023660545183931764,0.3583591825395247
0.51513671875,-0.014139460799105209,0.34421972174041948
0.515380859375,-0.038903773452199725,0.30531594828821973
0.515625,-0.01276042603637388,0.29255552225184583
0.515869140625,0.017427745377391526,0.30998326762923734
0.51611328125,0.029443146455160177,0.3394264140843975
0.516357421875,-0.012899401142416013,0.3265270129419815
0.5166015625,-0.016997466732224201,0.30952954620975731
0.516845703125,-0.0094937775666690226,0.30003576864308829
0.51708984375,0.0091325959680520971,0.30916836461114039
0.517333984375,-0.0054209953526415467,0.30374736925849882
0.517578125,0.01119604626942388,0.31494341552792271
0.517822265625,-0.016957689807390833,0.29798572572053189
0.51806640625,-0.015538706931247388,0.28244701878928452
0.518310546875,-0.02621602354765494,0.25623099524162957
0.5185546875,0.0175481528830106,0.27377914812464016
0.518798828125,0.0011860821398784179,0.27496523026451858
0.51904296875,-0.0019051618658964575,0.27306006839862212
0.519287109375,0.0028291846126193578,0.27588925301124151
0.51953125,-0.027067579844031991,0.24882167316720952
0.519775390625,-0.0078869332087819818,0.24093473995842754
0.52001953125,-0.019051601528790742,0.22188313842963681
0.520263671875,0.0085073382770222174,0.23039047670665902
0.5205078125,0.0019437884653187539,0.23233426517197778
0.520751953125,0.010561565620732762,0.24289583079271054
0.52099609375,-0.00095199690542690466,0.24194383388728363
0.521240234375,0.025221777256216774,0.2671656111435004
0.521484375,0.035861006084843369,0.30302661722834379
0.521728515625,0.0031479173042433676,0.30617453453258714
0.52197265625,0.028858269546273428,0.33503280407886055
0.522216796875,-0.0072295419483750243,0.3278032621304855
0.5224609375,0.0033007221195035076,0.33110398424998899
0.522705078125,-0.012273838362131142,0.31883014588785785
0.52294921875,-0.021998687445449892,0.29683145844240794
0.523193359375,-0.00027485946738386112,0.29655659897502407
0.5234375,0.014496658828641434,0.31105325780366549
0.523681640625,0.0085655406541764751,0.31961879845784197
0.52392578125,-0.012692929389061806,0.30692586906878017
0.524169921875,0.0066375583766333556,0.31356342744541355
0.5244140625,-0.020523270887525674,0.29304015655788784
0.524658203125,-0.0076050617870851382,0.2854350947708027
0.52490234375,0.04916656038474615,0.33460165515554885
0.525146484375,-0.013327105817220833,0.321274549338328
0.525390625,-0.022980973636910436,0.29829357570141757
0.525634765625,0.0040496006576408415,0.30234317635905839
0.52587890625,-0.014722498418864943,0.28762067794019341
0.526123046875,0.01734683970092344,0.30496751764111685
0.5263671875,-0.0076322278420023204,0.2973352897991145
0.526611328125,0.025482287613549565,0.32281757741266404
0.52685546875,-0.016817678613107564,0.30599989879955647
0.527099609375,0.012763034623113173,0.31876293342266965
0.52734375,0.0061418719593496112,0.32490480538201927
0.527587890625,-0.016204850609274783,0.30869995477274448
0.52783203125,-0.017714409671660058,0.29098554510108443
0.528076171875,-0.0050483593706244024,0.28593718573046001
0.5283203125,0.015212300783514534,0.30114948651397455
0.528564453125,-0.014465126485131492,0.28668436002884307
0.52880859375,-0.010959160977639784,0.2757251990512033
0.529052734375,0.015545103540500085,0.29127030259170339
0.529296875,0.031042007541085648,0.32231231013278905
0.529541015625,-0.010128222291832306,0.31218408784095675
0.52978515625,0.0085327856659909683,0.32071687350694772
0.530029296875,0.014233029226097784,0.33494990273304548
0.5302734375,0.032992722873714478,0.36794262560675994
0.530517578125,0.0010180310890210483,0.36896065669578099
0.53076171875,-0.0030197567373014449,0.36594089995847956
0.531005859375,-0.016910604690903139,0.3490302952675764
0.53125,-0.0011540990093158669,0.34787619625826055
0.531494140625,-0.013365237143695105,0.33451095911456546
0.53173828125,0.01538433283438991,0.34989529194895536
0.531982421875,0.0024739686126130389,0.35236926056156842
0.5322265625,-0.0041884833674291511,0.34818077719413926
0.532470703125,-0.0032269014858168207,0.34495387570832242
0.53271484375,-0.005200575717015629,0.33975329999130677
0.532958984375,0.021768957347954272,0.36152225733926102
0.533203125,0.0025226025612793425,0.36404485990054036
0.533447265625,-0.018896722818482911,0.34514813708205744
0.53369140625,-0.00044099059404551617,0.34470714648801193
0.533935546875,-0.028033027666921943,0.31667411882108998
0.5341796875,-0.014556769171037419,0.30211734965005255
0.534423828125,-0.0020507646713979252,0.30006658497865463
0.53466796875,0.023884064670952852,0.32395064964960746
0.534912109375,0.015815950671929986,0.33976660032153744
0.53515625,0.015568780704301151,0.35533538102583861
0.535400390625,0.016921067463598522,0.37225644848943712
0.53564453125,-0.016711222168715845,0.35554522632072127
0.535888671875,0.018804087661976474,0.37434931398269777
0.5361328125,0.008835357744879797,0.38318467172757759
0.536376953125,-0.00025485091562463605,0.38292982081195293
0.53662109375,0.037897534386263816,0.42082735519821673
0.536865234375,-0.013480162048141672,0.40734719315007506
0.537109375,-0.0051375087406756144,0.40220968440939947
0.537353515625,-0.014943187627673896,0.38726649678172559
0.53759765625,-0.0017374052918960961,0.3855290914898295
0.537841796875,-0.0025005065383182658,0.38302858495151121
0.5380859375,0.0012052603931308288,0.38423384534464206
0.538330078125,0.013666538988055824,0.39790038433269787
0.53857421875,0.020256815919456821,0.41815720025215469
0.538818359375,-0.009336952407352047,0.40882024784480264
0.5390625,0.0083703719310156081,0.41719061977581823
0.539306640625,-0.021684731531681444,0.39550588824413679
0.53955078125,0.00042624996654210787,0.39593213821067891
0.539794921875,-0.0086883871819444201,0.38724375102873448
0.5400390625,0.0020987519740541024,0.38934250300278861
0.540283203125,0.015320183090290826,0.40466268609307943
0.54052734375,0.0027092865321721084,0.40737197262525154
0.540771484375,-0.029040312718071139,0.37833165990718043
0.541015625,0.0067530168610437967,0.38508467676822422
0.541259765625,0.027023567855488487,0.41210824462371271
0.54150390625,-0.013338440055635092,0.39876980456807759
0.541748046875,-0.033313789683964569,0.365456014884113
0.5419921875,-0.0036918791032180317,0.36176413578089495
0.542236328125,0.018763097599596303,0.38052723338049127
0.54248046875,0.028168772529885321,0.40869600591037658
0.542724609375,0.014081671145643208,0.42277767705601976
0.54296875,0.015759890794604714,0.43853756785062448
0.543212890625,0.010073834608225089,0.44861140245884956
0.54345703125,0.0065141294176464882,0.45512553187649607
0.543701171875,-0.0025656869559656081,0.45255984492053047
0.5439453125,-0.023751335798380874,0.42880850912214963
0.544189453125,-0.010926983974851768,0.41788152514729787
0.54443359375,-0.0010021318859266995,0.41687939326137119
0.544677734375,0.016163530666213823,0.43304292392758503
0.544921875,0.021349553955109537,0.45439247788269455
0.545166015625,-0.0089998648120983189,0.44539261307059624
0.54541015625,0.0026718567214375805,0.44806446979203385
0.545654296875,-0.012600466498704362,0.43546400329332946
0.5458984375,0.017006571118774797,0.45247057441210425
0.546142578125,0.015806604968896142,0.46827717938100039
0.54638671875,-0.015341600244786426,0.45293557913621396
0.546630859375,-0.012830406988598273,0.44010517214761569
0.546875,0.010039485366626187,0.45014465751424187
0.547119140625,0.001713054385841787,0.45185771190008367
0.54736328125,0.012917145285391311,0.46477485718547495
0.547607421875,0.012495894779642674,0.47727075196511765
0.5478515625,-0.016373106118964968,0.46089764584615267
0.548095703125,-0.0054380430827304484,0.45545960276342223
0.54833984375,0.0089946918381356693,0.4644542946015579
0.548583984375,-0.0081815369658792287,0.45627275763567865
0.548828125,-0.0050539292852469064,0.45121882835043176
0.549072265625,-0.01910074444204404,0.43211808390838774
0.54931640625,0.022414266330636649,0.45453235023902439
0.549560546875,-0.0015193316139412022,0.4530130186250832
0.5498046875,0.011433851033022177,0.46444686965810539
0.550048828125,0.016679124308755931,0.48112599396686134
0.55029296875,-0.0092489460457535044,0.47187704792110785
0.550537109375,0.0066357820980917836,0.47851283001919964
0.55078125,-0.0113432896522037,0.46716954036699593
0.551025390625,0.0051442764298502211,0.47231381679684614
0.55126953125,-0.0049643158960689443,0.4673495009007772
0.551513671875,0.00040149225065084642,0.46775099315142804
0.5517578125,-0.00096267166896182312,0.46678832148246624
0.552001953125,0.0033201492517723266,0.47010847073423856
0.55224609375,0.0090891639599145931,0.47919763469415316
0.552490234375,0.022405779533534554,0.50160341422768773
0.552734375,-0.040329145239633428,0.46127426898805429
0.552978515625,-0.00079092716534018856,0.46048334182271411
0.55322265625,-0.026522689890488772,0.43396065193222533
0.553466796875,0.015355756621192573,0.44931640855341792
0.5537109375,-0.037755399042715049,0.41156100951070285
0.553955078125,-0.0034917286063136607,0.40806928090438921
0.55419921875,-0.029753708727287262,0.37831557217710193
0.554443359375,-0.024990177046397281,0.35332539513070466
0.5546875,0.0022418067822795253,0.35556720191298419
0.554931640625,-0.026964306724580462,0.32860289518840374
0.55517578125,0.038897031529489937,0.36749992671789367
0.555419921875,0.011592179508268085,0.37909210622616174
0.5556640625,-0.0064145459014952212,0.37267756032466653
0.555908203125,-0.0039401794938489004,0.36873738083081764
0.55615234375,0.00607258021006546,0.3748099610408831
0.556396484375,0.020416782873901272,0.39522674391478435
0.556640625,-0.0022751328877016652,0.3929516110270827
0.556884765625,-0.0059273580118298832,0.38702425301525284
0.55712890625,0.018641802197917671,0.40566605521317051
0.557373046875,-0.0066267722889081183,0.39903928292426238
0.5576171875,0.0082430190638554356,0.40728230198811782
0.557861328125,0.020528830503522645,0.42781113249164049
0.55810546875,0.0010574754302352157,0.4288686079218757
0.558349609375,-0.0011435959127733672,0.42772501200910235
0.55859375,0.028565154181629082,0.45629016619073143
0.558837890625,0.0057646991910752857,0.46205486538180673
0.55908203125,0.011236192222090153,0.47329105760389689
0.559326171875,0.00010804546057641518,0.4733991030644733
0.5595703125,-0.0057138558427853427,0.46768524722168797
0.559814453125,-0.023178495146668719,0.44450675207501927
0.56005859375,0.016011915822347109,0.4605186678973664
0.560302734375,0.015100090038764769,0.47561875793613118
0.560546875,0.011731247314377477,0.48735000525050864
0.560791015625,-0.028184025476380777,0.45916597977412787
0.56103515625,0.020785699998579401,0.47995167977270725
0.561279296875,-0.0053934521360867573,0.47455822763662048
0.5615234375,0.012864906314133801,0.48742313395075426
0.561767578125,0.012380362679633486,0.49980349663038776
0.56201171875,0.012644512121291552,0.51244800875167928
0.562255859375,0.0054943614124353495,0.5179423701641146
0.5625,-0.026483803081091058,0.49145856708302355
0.562744140625,-0.010877148970523817,0.48058141811249971
0.56298828125,-0.013614665957594025,0.46696675215490568
0.563232421875,0.018180492726448373,0.48514724488135408
0.5634765625,0.016852810706996024,0.50200005558835015
0.563720703125,-0.0069511588909912259,0.49504889669735891
0.56396484375,-3.5743570210350149e-05,0.49501315312714855
0.564208984375,0.013929681724677,0.50894283485182557
0.564453125,-0.0043533884758843238,0.50458944637594128
0.564697265625,-0.021160682496409976,0.48342876387953132
0.56494140625,-0.0053244994546176412,0.47810426442491366
0.565185546875,0.0086031189155104087,0.48670738334042407
0.5654296875,-0.028429548647733921,0.45827783469269012
0.565673828125,0.0082749537252676322,0.46655278841795778
0.56591796875,0.0021015746723014221,0.46865436309025921
0.566162109375,-0.018074512791265124,0.45057985029899406
0.56640625,0.0028019864938393373,0.45338183679283339
0.566650390625,-0.0053760266802165843,0.44800581011261681
0.56689453125,-0.035790004045273056,0.41221580606734376
0.567138671875,0.00086977644862211705,0.41308558251596589
0.5673828125,-0.027289560478684461,0.38579602203728142
0.567626953125,0.028188270748576071,0.41398429278585747
0.56787109375,0.005948681820762451,0.41993297460661994
0.568115234375,0.008272006800517177,0.42820498140713709
0.568359375,-0.002289653123114176,0.4259153282840229
0.568603515625,-0.0067388917969068646,0.41917643648711606
0.56884765625,-0.0061263841813241184,0.41305005230579195
0.569091796875,0.014767559160962536,0.42781761146675451
0.5693359375,0.013176275882615846,0.44099388734937034
0.569580078125,-0.0035984963072490449,0.43739539104212127
0.56982421875,-0.016275703759426486,0.42111968728269478
0.570068359375,0.0015322866186637898,0.42265197390135856
0.5703125,0.016083926665056848,0.43873590056641543
0.570556640625,0.01463872974675671,0.45337463031317216
0.57080078125,-0.013273432845189727,0.44010119746798243
0.571044921875,0.002356726929594244,0.4424579243975767
0.5712890625,-0.016959812041150477,0.42549811235642621
0.571533203125,-0.0133319755372854,0.41216613681914083
0.57177734375,0.0080535687953007286,0.42021970561444155
0.572021484375,0.0035872199230530034,0.42380692553749455
0.572265625,-0.0064893851191240599,0.41731754041837049
0.572509765625,-0.001305747270558845,0.41601179314781167
0.57275390625,0.011629078093118033,0.4276408712409297
0.572998046875,0.0010771297862533283,0.42871800102718305
0.5732421875,-0.0062049233025096243,0.42251307772467345
0.573486328125,0.0062941642335898806,0.42880724195826331
0.57373046875,-0.014033737060563574,0.41477350489769971
0.573974609375,-0.011783394649442938,0.40299011024825676
0.57421875,0.0066150308807147451,0.40960514112897151
0.574462890625,0.0067086510693035442,0.41631379219827502
0.57470703125,-0.0031964548905072058,0.41311733730776784
0.574951171875,-0.0090182388225955156,0.40409909848517234
0.5751953125,-0.0031615526621663849,0.40093754582300595
0.575439453125,0.0044871297596195065,0.40542467558262546
0.57568359375,0.0066835656125003697,0.41210824119512585
0.575927734375,0.012822140632072191,0.42493038182719806
0.576171875,-0.013451284210044696,0.41147909761715334
0.576416015625,0.013363953022275639,0.42484305063942901
0.57666015625,-0.0007048516729822726,0.42413819896644672
0.576904296875,-0.018408999465753924,0.40572919950069281
0.5771484375,0.017313274172493238,0.42304247367318604
0.577392578125,-0.0079977720017714773,0.41504470167141455
0.57763671875,-0.0010227149233211492,0.41402198674809343
0.577880859375,0.027507631100634297,0.44152961784872774
0.578125,0.040068910717024016,0.48159852856575175
0.578369140625,-0.0076221765657464788,0.47397635200000526
0.57861328125,0.01466137429899665,0.48863772629900193
0.578857421875,0.00011603319134844633,0.48875375949035038
0.5791015625,-0.0076357497955489252,0.48111800969480145
0.579345703125,-0.021245231940826618,0.45987277775397484
0.57958984375,-0.012799002977664968,0.44707377477630988
0.579833984375,-0.0040452765548576169,0.44302849822145229
0.580078125,0.0040898427998654939,0.44711834102131781
0.580322265625,0.00088761428076661862,0.44800595530208442
0.58056640625,-0.011970110883347786,0.43603584441873666
0.580810546875,0.012999277270573368,0.44903512168931004
0.5810546875,-0.0084362352399137246,0.44059888644939632
0.581298828125,-0.0064914359022463109,0.43410745054715
0.58154296875,-0.022874169659117399,0.41123328088803257
0.581787109375,0.030219528468159885,0.44145280935619247
0.58203125,0.011804259536125569,0.45325706889231804
0.582275390625,0.014478956843792565,0.46773602573611062
0.58251953125,0.0063059859416929754,0.47404201167780358
0.582763671875,-0.03509701525823191,0.43894499641957169
0.5830078125,0.029896020370646387,0.46884101679021806
0.583251953125,0.021251973612263306,0.49009299040248139
0.58349609375,0.011438485003507661,0.50153147540598908
0.583740234375,-0.0074381576910049155,0.49409331771498416
0.583984375,-0.0097634001434725986,0.48432991757151156
0.584228515625,-0.0088154701271425991,0.47551444744436894
0.58447265625,-0.0042630444472701104,0.47125140299709883
0.584716796875,-0.0074884429064080976,0.46376296009069073
0.5849609375,0.00892196642850299,0.47268492651919375
0.585205078125,0.0052619650657652573,0.47794689158495901
0.58544921875,-0.02136537981954249,0.4565815117654165
0.585693359375,0.021788707353100345,0.47837021911851685
0.5859375,-0.0030774409916729585,0.4752927781268439
0.586181640625,-0.0048964176972563223,0.47039636042958755
0.58642578125,0.007401557507885125,0.47779791793747267
0.586669921875,0.025463341124293108,0.50326125906176578
0.5869140625,0.031735904329098549,0.53499716339086434
0.587158203125,0.015046753785396017,0.55004391717626033
0.58740234375,0.02251313420109537,0.57255705137735569
0.587646484375,-0.0058642868551758284,0.56669276452217987
0.587890625,-0.0024077261395856879,0.56428503838259414
0.588134765625,-0.01198362801949754,0.55230141036309655
0.58837890625,0.0029050546522776497,0.55520646501537418
0.588623046875,0.0099098271683559468,0.56511629218373016
0.5888671875,-0.0023787669093118875,0.56273752527441823
0.589111328125,-0.0049970890152338165,0.55774043625918446
0.58935546875,-0.0072904274882709605,0.55045000877091355
0.589599609375,0.0059873605860400209,0.55643736935695354
0.58984375,0.011527077915816197,0.56796444727276973
0.590087890625,-0.0073469257570574131,0.56061752151571231
0.59033203125,0.028885823111428753,0.58950334462714105
0.590576171875,-0.009468659853943422,0.58003468477319764
0.5908203125,0.033905266075387262,0.61393995084858488
0.591064453125,0.018815392993952764,0.63275534384253762
0.59130859375,0.023605443235077864,0.65636078707761547
0.591552734375,-0.0054008599273738869,0.65095992715024154
0.591796875,-0.0017705923846746123,0.64918933476556695
0.592041015625,0.0071317340916934677,0.65632106885726038
0.59228515625,-0.0047569461792704585,0.65156412267798991
0.592529296875,0.017615655962430567,0.66917977864042044
0.5927734375,-0.027424924398435222,0.6417548542419852
0.593017578125,-0.010505485145902332,0.63124936909608287
0.59326171875,-0.0041857123509644765,0.62706365674511844
0.593505859375,-0.0095533326698735866,0.61751032407524487
0.59375,-0.010367874715251645,0.60714244935999317
0.593994140625,0.0072286375569143172,0.61437108691690745
0.59423828125,-0.013764467666661241,0.60060661925024617
0.594482421875,0.02233729764749251,0.62294391689773865
0.5947265625,0.016601784960203082,0.63954570185794168
0.594970703125,-0.017919819141619893,0.6216258827163218
0.59521484375,0.007377444179429345,0.62900332689575111
0.595458984375,0.0047631218668704291,0.63376644876262156
0.595703125,0.0037287002081808924,0.63749514897080251
0.595947265625,0.0022924293798712299,0.63978757835067368
0.59619140625,0.026842312980735569,0.66662989133140926
0.596435546875,0.013023500995031327,0.67965339232644062
0.5966796875,0.010556627271071383,0.69021001959751205
0.596923828125,-0.012897501341693778,0.67731251825581829
0.59716796875,-0.0075253971073118717,0.66978712114850636
0.597412109375,0.01335689565106969,0.68314401679957604
0.59765625,-0.020028595717012536,0.66311542108256349
0.597900390625,0.01738791416217636,0.68050333524473983
0.59814453125,0.015896856826166358,0.6964001920709062
0.598388671875,0.010585105759694057,0.70698529783060027
0.5986328125,0.0064691558150009165,0.71345445364560123
0.598876953125,-0.014471425985950149,0.69898302765965104
0.59912109375,0.0024862995858436232,0.70146932724549471
0.599365234375,-0.027972697281501594,0.67349662996399307
0.599609375,0.01521266874395249,0.68870929870794551
0.599853515625,0.0018813701577027823,0.69059066886564824
0.60009765625,0.024478816129853181,0.71506948499550138
0.600341796875,-0.01361219013379905,0.70145729486170239
0.6005859375,-0.023209673083566886,0.67824762177813547
0.600830078125,0.031078853265891482,0.70932647504402691
0.60107421875,0.0025006117198394652,0.71182708676386641
0.601318359375,0.016103450455176093,0.72793053721904255
0.6015625,0.043125726292180762,0.77105626351122336
0.601806640625,-6.5828323008919627e-05,0.77099043518821442
0.60205078125,-0.0055382073476268664,0.76545222784058753
0.602294921875,0.0020684597982664108,0.76752068763885395
0.6025390625,-0.0070565601023338861,0.76046412753652004
0.602783203125,-0.0094291444404979562,0.75103498309602212
0.60302734375,-0.0013816175217270655,0.74965336557429507
0.603271484375,0.023148434652563096,0.77280180022685818
0.603515625,-0.00028572348245584111,0.77251607674440237
0.603759765625,-0.00019437677503631454,0.77232169996936606
0.60400390625,0.027852396409063434,0.80017409637842951
0.604248046875,-0.0019239769244854506,0.79825011945394408
0.6044921875,-0.012243177226565349,0.78600694222737877
0.604736328125,-0.012414530463992263,0.77359241176338656
0.60498046875,-0.00057112102572135447,0.77302129073766523
0.605224609375,0.01170763555857267,0.78472892629623792
0.60546875,-0.0016622249949678628,0.7830667013012701
0.605712890625,0.0015320990777291693,0.78459880037899932
0.60595703125,0.0081293007986496732,0.79272810117764902
0.606201171875,0.00068270098242109213,0.79341080216007009
0.6064453125,0.011233839728842204,0.80464464188891227
0.606689453125,-0.0064623468194680784,0.79818229506944416
0.60693359375,-0.013289708850551448,0.78489258621889268
0.607177734375,-0.0021175748606889104,0.78277501135820382
0.607421875,-0.00741202262844307,0.77536298872976073
0.607666015625,-0.012289626357268151,0.76307336237249257
0.60791015625,0.0048893925637346581,0.76796275493622723
0.608154296875,-0.016998900235917644,0.75096385470030957
0.6083984375,0.034180675322552964,0.78514453002286255
0.608642578125,0.0069175093528467861,0.79206203937570929
0.60888671875,0.0011236658173047994,0.79318570519301412
0.609130859375,0.018441416507816027,0.81162712170083018
0.609375,0.0070131854871599529,0.81864030718799008
0.609619140625,-0.0075680834989431886,0.81107222368904686
0.60986328125,0.0078093316517429175,0.81888155534078977
0.610107421875,0.0032906478171636729,0.82217220315795347
0.6103515625,-0.0035178148439590274,0.8186543883139944
0.610595703125,0.0015477050607480124,0.82020209337474237
0.61083984375,0.0055057905239739892,0.82570788389871641
0.611083984375,-0.01112620058371841,0.81458168331499803
0.611328125,0.0057921784073693451,0.82037386172236737
0.611572265625,-0.0021788670153200691,0.81819499470704726
0.61181640625,-0.0038801092675591147,0.81431488543948816
0.612060546875,0.0051860179443786961,0.81950090338386683
0.6123046875,-0.013468980319568708,0.80603192306429816
0.612548828125,0.0060197577205634498,0.81205168078486156
0.61279296875,0.017379257679009514,0.82943093846387106
0.613037109375,-0.0073485833099929381,0.82208235515387817
0.61328125,-0.0067961275403443065,0.81528622761353386
0.613525390625,0.020950961761482943,0.83623718937501679
0.61376953125,-0.010978478294248275,0.82525871108076854
0.614013671875,-0.0060732534627764819,0.81918545761799211
0.6142578125,0.01038290419903609,0.8295683618170282
0.614501953125,-0.011362009035511355,0.81820635278151688
0.61474609375,-0.0093393335147828622,0.80886701926673399
0.614990234375,0.029317797307363173,0.83818481657409716
0.615234375,-0.0062274231544921623,0.83195739341960495
0.615478515625,0.0097854377368879579,0.84174283115649295
0.61572265625,-0.010535373988388854,0.83120745716810407
0.615966796875,-0.0088731841447405538,0.82233427302336348
0.6162109375,-0.0075373595423453461,0.81479691348101813
0.616455078125,0.017238738594598308,0.83203565207561647
0.61669921875,-0.0039858019325517777,0.82804985014306465
0.616943359375,0.0092171335087232707,0.83726698365178787
0.6171875,-0.013901718498295397,0.82336526515349251
0.617431640625,-0.037028586956136353,0.7863366781973562
0.61767578125,-0.029195468390641268,0.75714120980671495
0.617919921875,-0.0063309519619170968,0.75081025784479782
0.6181640625,0.0077283530925030966,0.75853861093730091
0.618408203125,-0.02187399869955628,0.7366646122377446
0.61865234375,0.01453371653275636,0.75119832877050097
0.618896484375,-0.023237129066059257,0.72796119970444173
0.619140625,0.0071079077455766708,0.73506910745001841
0.619384765625,-0.015227410327976164,0.71984169712204227
0.61962890625,0.00932401631431172,0.72916571343635395
0.619873046875,0.0070522549854680873,0.73621796842182208
0.6201171875,-0.016363422943268157,0.71985454547855388
0.620361328125,0.027935881205694492,0.74779042668424833
0.62060546875,-0.025765550093841131,0.72202487659040715
0.620849609375,-0.0066072237609058346,0.71541765282950132
0.62109375,0.0074300439646591936,0.7228476967941605
0.621337890625,-0.005313312436995384,0.7175343843571651
0.62158203125,0.010245841033618979,0.72778022539078413
0.621826171875,0.01466573791915785,0.74244596330994195
0.6220703125,-0.0091709308709920587,0.73327503243894987
0.622314453125,0.0020846105003852334,0.73535964293933509
0.62255859375,0.0067827930831242693,0.74214243602245933
0.622802734375,-0.0085056505302626186,0.73363678549219669
0.623046875,-0.02989654323732471,0.70374024225487197
0.623291015625,0.015199746599975118,0.71893998885484711
0.62353515625,-0.012877352526296945,0.70606263632855015
0.623779296875,0.032688766507932343,0.73875140283648255
0.6240234375,0.025846394478830959,0.76459779731531352
0.624267578125,0.004946525322859145,0.76954432263817263
0.62451171875,-0.02228089626541601,0.74726342637275667
0.624755859375,-0.022413648639101155,0.72484977773365555
0.625,0.012387748375666936,0.73723752610932247
0.625244140625,0.015462186604843607,0.75269971271416602
0.62548828125,0.018679478149526998,0.771379190863693
0.625732421875,-0.0061982331752321708,0.76518095768846084
0.6259765625,0.012972965347459141,0.77815392303592001
0.626220703125,0.0058117037854684391,0.78396562682138848
0.62646484375,-0.0096263916030907802,0.77433923521829773
0.626708984375,-0.0082395516889301121,0.76609968352936764
0.626953125,-0.019905044703632028,0.74619463882573556
0.627197265625,0.026968182955315965,0.77316282178105156
0.62744140625,-0.01035979088141817,0.76280303089963342
0.627685546875,0.016869496713435295,0.77967252761306871
0.6279296875,0.016959924704580725,0.79663245231764945
0.628173828125,-0.0026473814597380877,0.79398507085791137
0.62841796875,0.024942551078466157,0.81892762193637747
0.628662109375,-0.015934381931442875,0.80299324000493455
0.62890625,0.0012829660547089134,0.80427620605964345
0.629150390625,-0.018200328869843012,0.78607587718980043
0.62939453125,-0.0016679329591223631,0.78440794423067806
0.629638671875,-0.0016466703112072557,0.78276127391947081
0.6298828125,0.0076728294151977962,0.79043410333466857
0.630126953125,-0.0048958365907960915,0.7855382667438725
0.63037109375,0.0092517557761723993,0.79479002252004494
0.630615234375,-0.011397382729951194,0.78339263979009377
0.630859375,-0.023071905509643695,0.76032073428045011
0.631103515625,0.0024086634156938341,0.7627293976961439
0.63134765625,-0.0090120002437720816,0.75371739745237176
0.631591796875,0.00076115927566148558,0.75447855672803321
0.6318359375,-0.016405703888982472,0.73807285283905077
0.632080078125,0.0036168114030019059,0.74168966424205263
0.63232421875,-0.0072796857026143922,0.73440997853943824
0.632568359375,0.012387801094825211,0.74679777963426341
0.6328125,0.016462908965029999,0.76326068859929341
0.633056640625,-0.0088173966359134017,0.75444329196338
0.63330078125,-0.013066502183460603,0.74137678977991939
0.633544921875,-0.019901921407768107,0.72147486837215125
0.6337890625,0.005392372699410064,0.72686724107156131
0.634033203125,0.035959694765136274,0.76282693583669758
0.63427734375,-0.024006428465658938,0.73882050737103866
0.634521484375,-0.0091890960696953197,0.72963141130134335
0.634765625,0.017958346932147901,0.74758975823349127
0.635009765625,-0.00025714137298971763,0.74733261686050156
0.63525390625,-0.010389161795034041,0.73694345506546755
0.635498046875,0.0039893820524161648,0.74093283711788371
0.6357421875,-0.003523558346869246,0.73740927877101448
0.635986328125,-0.02160271270167562,0.7158065660693389
0.63623046875,-0.0023755458870011606,0.71343102018233773
0.636474609375,0.02054720705998642,0.7339782272423242
0.63671875,0.0063918529121554423,0.74037008015447969
0.636962890625,-0.0076028963544627053,0.73276718380001704
0.63720703125,0.021379824618972872,0.75414700841898996
0.637451171875,0.0070198956531216669,0.76116690407211163
0.6376953125,0.013800814295576135,0.77496771836768774
0.637939453125,-0.013543762291881669,0.76142395607580604
0.63818359375,-0.0071605511489237659,0.75426340492688226
0.638427734375,-0.0104892257099942,0.74377417921688804
0.638671875,-0.01030393275365374,0.73347024646323433
0.638916015625,0.011280658504401702,0.74475090496763607
0.63916015625,0.0093865456828564064,0.75413745065049254
0.639404296875,-0.007857333853793079,0.74628011679669948
0.6396484375,0.00097346765853594864,0.74725358445523538
0.639892578125,0.027772797692162239,0.77502638214739761
0.64013671875,0.0099740304221686144,0.78500041256956621
0.640380859375,-0.0097661445790426411,0.77523426799052353
0.640625,0.01932769482917918,0.79456196281970271
0.640869140625,-0.032161252747681883,0.76240071007202082
0.64111328125,0.0080839140284130143,0.77048462410043383
0.641357421875,-0.01603190772816054,0.75445271637227329
0.6416015625,-0.016642534208372715,0.7378101821639006
0.641845703125,-0.015192205641965257,0.72261797652193538
0.64208984375,-0.023631872683285645,0.69898610383864979
0.642333984375,0.0049410761536618549,0.70392717999231169
0.642578125,-0.0081616989010057008,0.69576548109130598
0.642822265625,-0.0060317522375333494,0.6897337288537726
0.64306640625,0.008086950793422391,0.69782067964719496
0.643310546875,0.023380109923649948,0.72120078957084488
0.6435546875,0.021040378215210417,0.74224116778605531
0.643798828125,0.0077034647955328359,0.74994463258158817
0.64404296875,-0.00175983137547831,0.74818480120610986
0.644287109375,-0.023542096618925298,0.72464270458718461
0.64453125,-0.0070774601436906755,0.7175652444434939
0.644775390625,0.0013075554651025881,0.71887279990859654
0.64501953125,-0.0024187784071793188,0.71645402150141724
0.645263671875,0.019713943836498122,0.7361679653379154
0.6455078125,0.018697250217278409,0.75486521555519381
0.645751953125,-0.027643675084521483,0.72722154047067233
0.64599609375,0.0023530317642137442,0.72957457223488609
0.646240234375,0.0075397363297618385,0.73711430856464788
0.646484375,0.01807307409167682,0.75518738265632468
0.646728515625,0.01375425632224692,0.7689416389785716
0.64697265625,-0.016626274060248331,0.75231536491832329
0.647216796875,-0.028273379950703122,0.72404198496762018
0.6474609375,0.013615172058457723,0.73765715702607793
0.647705078125,-0.0033453180362597573,0.73431183898981822
0.64794921875,-0.014031457208146272,0.72028038178167197
0.648193359375,0.00080289615499736519,0.72108327793666938
0.6484375,-0.0042982866078771073,0.71678499132879225
0.648681640625,-0.0082615602160606063,0.70852343111273164
0.64892578125,0.028063302031035072,0.73658673314376666
0.649169921875,0.012153002165934451,0.74873973530970106
0.6494140625,-0.018474149347089245,0.73026558596261182
0.649658203125,0.0036360384429789533,0.73390162440559081
0.64990234375,-0.02895876652445822,0.70494285788113265
0.650146484375,0.01842175072570304,0.72336460860683571
0.650390625,0.025093376941931408,0.74845798554876708
0.650634765625,-0.0013463981879106429,0.74711158736085648
0.65087890625,-0.012883572101843748,0.73422801525901271
0.651123046875,-0.0043583469376994718,0.72986966832131328
0.6513671875,0.028908406952687499,0.75877807527400076
0.651611328125,0.014289276486894625,0.77306735176089536
0.65185546875,0.031121237374534483,0.8041885891354299
0.652099609375,0.01017314140075345,0.81436173053618333
0.65234375,-0.016268876605906826,0.79809285393027651
0.652587890625,0.0029993511600377295,0.8010922050903142
0.65283203125,-0.023354372685156301,0.77773783240515793
0.653076171875,-0.0092864755375692883,0.76845135686758859
0.6533203125,0.024610672686059744,0.79306202955364835
0.653564453125,-0.001522730243533334,0.79153929931011502
0.65380859375,0.012031121650269103,0.80357042096038411
0.654052734375,-0.0075102688647653293,0.79606015209561876
0.654296875,0.019318254922795947,0.81537840701841469
0.654541015625,0.021373353689143979,0.83675176070755863
0.65478515625,0.0049382012530800531,0.84168996196063872
0.655029296875,-0.014450082287309911,0.82723987967332879
0.6552734375,0.0093185569461173585,0.83655843661944618
0.655517578125,-0.01812070693840526,0.81843772968104089
0.65576171875,-0.0038585183124499466,0.81457921136859091
0.656005859375,0.0048635841658841803,0.81944279553447508
0.65625,0.014703780831098212,0.83414657636557332
0.656494140625,-0.0018290008879867459,0.83231757547758656
0.65673828125,0.0084053394063977847,0.84072291488398432
0.656982421875,-0.015204408800918038,0.82551850608306632
0.6572265625,-0.0017916759953096851,0.8237268300877566
0.657470703125,0.0057757323607983743,0.82950256244855503
0.65771484375,0.017784636514078103,0.84728719896263316
0.657958984375,0.0055537554321272694,0.85284095439476038
0.658203125,0.012892077286601616,0.86573303168136195
0.658447265625,0.011026326656501053,0.876759358337863
0.65869140625,0.0072716909408139614,0.88403104927867693
0.658935546875,0.010628471371743262,0.8946595206504202
0.6591796875,-0.00023690495610569591,0.89442261569431447
0.659423828125,-0.0056792368646553047,0.88874337882965915
0.65966796875,-0.020466821039967793,0.86827655778969137
0.659912109375,-0.0074312037694704083,0.860845354020221
0.66015625,0.002728432475953359,0.86357378649617433
0.660400390625,-0.026562014013292702,0.83701177248288161
0.66064453125,0.0059986694026186328,0.84301044188550023
0.660888671875,-0.034430211044616604,0.8085802308408836
0.6611328125,0.029572537643902864,0.83815276848478648
0.661376953125,0.026738655189977485,0.86489142367476401
0.66162109375,0.0046798188655132016,0.86957124254027718
0.661865234375,0.01054777454600939,0.88011901708628659
0.662109375,-0.014150436908774947,0.86596858017751166
0.662353515625,0.0056071462857692775,0.87157572646328096
0.66259765625,-0.015799896033861976,0.85577583042941896
0.662841796875,-0.016645533715739146,0.83913029671367978
0.6630859375,0.0097089294643485109,0.84883922617802832
0.663330078125,-0.011912928353863287,0.83692629782416506
0.66357421875,0.022413112538699029,0.8593394103628641
0.663818359375,-0.0065512443057876204,0.85278816605707652
0.6640625,0.0022461960830877513,0.85503436214016426
0.664306640625,-0.031019893872466332,0.82401446826769797
0.66455078125,0.019797959942745955,0.84381242821044389
0.664794921875,-0.028564769215148975,0.81524765899529494
0.6650390625,-0.0047485897418422006,0.81049906925345272
0.665283203125,0.0060467035018347669,0.8165457727552875
0.66552734375,0.011196949116534452,0.82774272187182196
0.665771484375,-0.00347472169894826,0.82426800017287372
0.666015625,-0.007483315348267041,0.81678468482460664
0.666259765625,0.0083691538308604315,0.8251538386554671
0.66650390625,-0.02888379343157604,0.79627004522389111
0.666748046875,0.023176360227910656,0.81944640545180181
0.6669921875,0.0082167865262746647,0.82766319197807647
0.667236328125,-0.03020888714540948,0.79745430483266699
0.66748046875,-0.011326687458504582,0.78612761737416237
0.667724609375,-0.01283839115464463,0.77328922621951779
0.66796875,0.010656833764888149,0.78394605998440592
0.668212890625,-0.006642171428622428,0.77730388855578347
0.66845703125,-0.0094950237882025709,0.76780886476758092
0.668701171875,-0.013277823124487902,0.75453104164309304
0.6689453125,-0.0035960279875714442,0.75093501365552162
0.669189453125,0.0032294440794736687,0.7541644577349953
0.66943359375,-0.015440714569204076,0.73872374316579126
0.669677734375,0.015087495895202719,0.75381123906099401
0.669921875,0.012025928544143133,0.76583716760513709
0.670166015625,0.0045975291290082983,0.77043469673414544
0.67041015625,-0.0048490509367763003,0.7655856457973691
0.670654296875,0.0061894919671528466,0.77177513776452189
0.6708984375,-0.012100336547287899,0.75967480121723396
0.671142578125,-0.0042731016973775017,0.75540169951985647
0.67138671875,0.0023768599763573234,0.75777855949621375
0.671630859375,-0.02424193839931359,0.73353662109690021
0.671875,0.01730031331193339,0.75083693440883359
0.672119140625,-0.00014777580147834699,0.75068915860735519
0.67236328125,-0.018577807287426706,0.73211135131992844
0.672607421875,-0.019356358023693846,0.7127549932962346
0.6728515625,0.01357735734974359,0.72633235064597823
0.673095703125,0.015733859397912817,0.74206621004389106
0.67333984375,0.008538411131772965,0.75060462117566407
0.673583984375,-0.020798520438835153,0.72980610073682894
0.673828125,-0.003264052069044965,0.72654204866778394
0.674072265625,7.7059098668390632e-05,0.72661910776645233
0.67431640625,-0.0073052997752369548,0.71931380799121536
0.674560546875,0.0096792496292362751,0.72899305762045163
0.6748046875,-0.0090102024608935266,0.71998285515955807
0.675048828125,0.0020214528014951116,0.72200430796105319
0.67529296875,0.022019946083383771,0.74402425404443695
0.675537109375,0.016561343917406327,0.76058559796184333
0.67578125,0.021479912339088195,0.78206551030093152
0.676025390625,0.0079389205533400738,0.79000443085427163
0.67626953125,-0.012230053289005949,0.77777437756526568
0.676513671875,-0.0011498080320426671,0.77662456953322301
0.6767578125,-0.013174373736444572,0.76345019579677842
0.677001953125,-0.018069944378508271,0.74538025141827013
0.67724609375,-0.023297572962718793,0.7220826784555513
0.677490234375,0.012334433325343902,0.73441711178089519
0.677734375,0.017071077135490196,0.75148818891638536
0.677978515625,-0.0057019833240776006,0.74578620559230779
0.67822265625,0.013183488185027533,0.75896969377733536
0.678466796875,0.01814316087777448,0.77711285465510982
0.6787109375,-0.0095965114371593524,0.76751634321795048
0.678955078125,-0.001063388132053409,0.76645295508589706
0.67919921875,-0.0053862134677763124,0.76106674161812071
0.679443359375,0.0024506710275692977,0.76351741264569006
0.6796875,-0.019706059197120668,0.74381135344856941
0.679931640625,-0.0074742731158212901,0.73633708033274814
0.68017578125,-0.018588367811581446,0.71774871252116668
0.680419921875,-0.011017355265632075,0.7067313572555346
0.6806640625,0.0080239329271964387,0.71475529018273098
0.680908203125,-0.0049682837099390906,0.70978700647279191
0.68115234375,0.013954633779509276,0.72374164025230114
0.681396484375,-0.0085117613954317287,0.71522987885686939
0.681640625,0.013052611087705824,0.72828248994457523
0.681884765625,0.016160795693213565,0.74444328563778883
0.68212890625,0.02152309536631776,0.76596638100410663
0.682373046875,-0.00038636799132335021,0.76558001301278333
0.6826171875,0.00094466956999481532,0.76652468258277817
0.682861328125,0.0026044113872855353,0.76912909397006368
0.68310546875,-0.008166576564024872,0.76096251740603882
0.683349609375,0.0067266203747656031,0.76768913778080439
0.68359375,-0.0082416069588438588,0.75944753082196048
0.683837890625,0.015277948622047004,0.77472547944400749
0.68408203125,-0.013264140017233297,0.76146133942677419
0.684326171875,-0.016833945433834496,0.74462739399293965
0.6845703125,0.0197179702074637,0.76434536420040333
0.684814453125,-0.00025286077835836169,0.76409250342204493
0.68505859375,-0.0024256766286188816,0.76166682679342601
0.685302734375,-0.0061560085769585314,0.75551081821646748
0.685546875,-0.0090643226958411465,0.74644649552062636
0.685791015625,0.0043572135497881382,0.75080370907041449
0.68603515625,0.0019650232825558583,0.75276873235297037
0.686279296875,0.017924734305991487,0.77069346665896188
0.6865234375,0.0093383831746253875,0.78003184983358731
0.686767578125,0.0097099161567875177,0.78974176599037482
0.68701171875,0.00018932620924635575,0.78993109219962121
0.687255859375,0.0077496853090588732,0.79768077750868005
0.6875,-0.017002114697897402,0.78067866281078269
0.687744140625,-0.037170536390584027,0.7435081264201987
0.68798828125,-0.0037809381574571239,0.73972718826274153
0.688232421875,-0.011027530717870831,0.72869965754487065
0.6884765625,-0.0065425466329983098,0.72215711091187229
0.688720703125,0.023832780836470495,0.74598989174834274
0.68896484375,0.021310400874976532,0.76730029262331922
0.689208984375,-0.001516649870232378,0.76578364275308686
0.689453125,-0.01494164910535647,0.75084199364773041
0.689697265625,-0.014504574767262163,0.73633741888046822
0.68994140625,-0.0095801140313456334,0.7267573048491226
0.690185546875,0.0059249185819724506,0.73268222343109501
0.6904296875,0.054692186286466229,0.78737440971756123
0.690673828125,0.029288235599894373,0.81666264531745558
0.69091796875,0.027405727817118964,0.8440683731345745
0.691162109375,-0.01634341795418686,0.82772495518038769
0.69140625,0.036796587867088081,0.86452154304747575
0.691650390625,-0.029364599415718253,0.83515694363175752
0.69189453125,-0.013557172886644191,0.82159977074511337
0.692138671875,0.0013547860279871319,0.82295455677310048
0.6923828125,-0.013172798358347386,0.80978175841475308
0.692626953125,-0.026208860133941445,0.78357289828081167
0.69287109375,-0.0069855515972098237,0.77658734668360185
0.693115234375,-0.010847757220985309,0.76573958946261655
0.693359375,-0.010289504566591855,0.75545008489602472
0.693603515625,0.014696239751594812,0.77014632464761956
0.69384765625,0.011919696129531854,0.78206602077715137
0.694091796875,0.018560963070166383,0.80062698384731779
0.6943359375,0.010498175246591806,0.81112515909390959
0.694580078125,0.00065965701572808129,0.81178481610963771
0.69482421875,0.0025355581042399242,0.8143203742138776
0.695068359375,-0.00092776954859357676,0.81339260466528407
0.6953125,0.0020333788592986654,0.81542598352458273
0.695556640625,-0.014714193322942415,0.80071179020164029
0.69580078125,0.014878714806999824,0.81559050500864017
0.696044921875,-0.021171359526774569,0.79441914548186565
0.6962890625,0.008560615860597252,0.80297976134246285
0.696533203125,-0.0036076011038660171,0.79937216023859681
0.69677734375,0.0045184052862663618,0.80389056552486315
0.697021484375,-0.025051586252814034,0.77883897927204915
0.697265625,0.021270470370331099,0.80010944964238029
0.697509765625,-0.019334851096168046,0.78077459854621223
0.69775390625,0.0051002316523407198,0.78587483019855298
0.697998046875,0.010710106898227975,0.79658493709678091
0.6982421875,-0.0048047949855562168,0.79178014211122472
0.698486328125,-0.00058869614496712456,0.79119144596625757
0.69873046875,0.013365302994104811,0.80455674896036233
0.698974609375,0.017252823119392514,0.8218095720797548
0.69921875,0.010069344557062642,0.83187891663681746
0.699462890625,0.0083474214369611069,0.84022633807377856
0.69970703125,0.021436263414625328,0.8616626014884039
0.699951171875,-0.036959802811697258,0.82470279867670659
0.7001953125,-0.023598394631166222,0.8011044040455404
0.700439453125,-0.022943898667847656,0.77816050537769277
0.70068359375,-0.0051927587925535241,0.77296774658513923
0.700927734375,0.00012314540047960197,0.77309089198561887
0.701171875,-0.0098441341858232136,0.76324675779979567
0.701416015625,0.026278171415791283,0.78952492921558692
0.70166015625,0.020369745320094654,0.80989467453568154
0.701904296875,0.027078868161100462,0.83697354269678204
0.7021484375,-0.0053064507232484966,0.8316670919735335
0.702392578125,0.0049059447682295518,0.83657303674176309
0.70263671875,-0.029644619549588004,0.80692841719217512
0.702880859375,0.0034366130949252793,0.81036503028710039
0.703125,-0.020615651212015931,0.78974937907508447
0.703369140625,0.0052220728106957218,0.79497145188578022
0.70361328125,0.0013538294093143491,0.79632528129509461
0.703857421875,0.0016612295163339766,0.79798651081142857
0.7041015625,0.0036401691968074488,0.801626680008236
0.704345703125,-0.014340522243218365,0.78728615776501765
0.70458984375,0.0027283399526034178,0.79001449771762111
0.704833984375,0.00020705111807422163,0.79022154883569529
0.705078125,0.013233850434579281,0.80345539927027454
0.705322265625,0.016027413309952568,0.81948281258022715
0.70556640625,0.026241345882525982,0.84572415846275317
0.705810546875,0.002617245691219502,0.84834140415397263
0.7060546875,0.0034321724594761935,0.85177357661344888
0.706298828125,0.011396144147660459,0.86316972076110932
0.70654296875,0.0072082956819011787,0.87037801644301049
0.706787109375,0.028677591273373475,0.89905560771638393
0.70703125,0.028004462417254909,0.92706007013363889
0.707275390625,0.045039586441615528,0.97209965657525443
0.70751953125,-0.0030483139909844958,0.96905134258426995
0.707763671875,-0.0025164006272583861,0.96653494195701151
0.7080078125,-0.00075389636499626465,0.96578104559201527
0.708251953125,-0.0039889989608102193,0.9617920466312051
0.70849609375,-0.0070807349414201562,0.95471131168978496
0.708740234375,-0.0037779079944401418,0.95093340369534485
0.708984375,0.012902516190122235,0.96383591988546713
0.709228515625,0.010131562603075163,0.97396748248854226
0.70947265625,0.011043269654241421,0.98501075214278366
0.709716796875,-0.015693198937773038,0.96931755320501067
0.7099609375,0.0015488211582150417,0.97086637436322576
0.710205078125,0.00033339694616570521,0.9711997713093915
0.71044921875,0.018356734935264032,0.98955650624465552
0.710693359375,-0.0081761165898234737,0.9813803896548321
0.7109375,0.000662443422413692,0.98204283307724582
0.711181640625,0.014710162939510446,0.99675299601675627
0.71142578125,-0.015850929924058749,0.98090206609269748
0.711669921875,0.011778525701884974,0.99268059179458246
0.7119140625,0.017018755251736094,1.0096993470463185
0.712158203125,-0.02059481113289903,0.9891045359134194
0.71240234375,-0.0095531055831608782,0.97955143033025849
0.712646484375,-0.014609497076787582,0.96494193325347088
0.712890625,-0.0056363789058907635,0.95930555434758014
0.713134765625,-0.016124419644289512,0.94318113470329057
0.71337890625,0.011525920608113726,0.95470705531140432
0.713623046875,0.0017424682790806764,0.95644952359048496
0.7138671875,0.013039445818370774,0.96948896940885576
0.714111328125,0.011081280871867315,0.98057025028072309
0.71435546875,0.018761822920147546,0.99933207320087059
0.714599609375,-0.0097584220165095811,0.98957365118436103
0.71484375,-0.0096602549063004965,0.97991339627806051
0.715087890625,0.013173982693229325,0.99308737897128985
0.71533203125,0.0042017089894919825,0.99728908796078186
0.715576171875,-0.033442108648291752,0.96384697931249008
0.7158203125,-0.0097214998297063763,0.9541254794827837
0.716064453125,0.01150624389039988,0.96563172337318359
0.71630859375,-0.0038558330530723038,0.96177589032011124
0.716552734375,-0.0079077732227998219,0.95386811709731145
0.716796875,-0.02284147715163265,0.9310266399456788
0.717041015625,0.0050059018317104229,0.93603254177738926
0.71728515625,0.024196168946317539,0.96022871072370675
0.717529296875,0.025634935514194563,0.98586364623790135
0.7177734375,0.024140189132322829,1.0100038353702241
0.718017578125,-0.025672087247664139,0.98433174812255997
0.71826171875,0.027360067362312585,1.0116918154848726
0.718505859375,0.01406456735897837,1.025756382843851
0.71875,-0.033044809925954231,0.99271157291789669
0.718994140625,0.0076561710315067658,1.0003677439494034
0.71923828125,-0.0026090221303285421,0.99775872181907488
0.719482421875,0.016099705461145586,1.0138584272802205
0.7197265625,-0.030734346792649067,0.98312408048757138
0.719970703125,-0.01660004471154513,0.9665240357760263
0.72021484375,-0.017905637584251868,0.9486183981917744
0.720458984375,-0.010389867619377154,0.9382285305723973
0.720703125,-0.0044176663438669564,0.93381086422853032
0.720947265625,-0.01306319551615398,0.92074766871237634
0.72119140625,0.016012907627160393,0.93676057633953669
0.721435546875,0.037478835146545292,0.97423941148608195
0.7216796875,-0.017175765836229862,0.95706364564985213
0.721923828125,-0.010043862933527926,0.94701978271632425
0.72216796875,-0.0077990909403948842,0.93922069177592937
0.722412109375,0.012819470024092674,0.95204016180002204
0.72265625,-0.0026360193739625409,0.94940414242605953
0.722900390625,0.013339768780197278,0.9627439112062568
0.72314453125,-0.0158211968193404,0.94692271438691644
0.723388671875,-0.0045296768911925215,0.9423930374957239
0.7236328125,-0.0029503090463610477,0.93944272844936283
0.723876953125,-0.022028205870961506,0.91741452257840128
0.72412109375,0.015765874761869945,0.93318039734027125
0.724365234375,0.01083801633691815,0.94401841367718942
0.724609375,0.011604344454925444,0.95562275813211484
0.724853515625,0.0093968113033763428,0.96501956943549116
0.72509765625,-0.007840327857553505,0.95717924157793766
0.725341796875,-0.025226173771064262,0.93195306780687337
0.7255859375,-0.020816711154809826,0.91113635665206349
0.725830078125,-0.018637991304351946,0.89249836534771154
0.72607421875,0.0013370273313280459,0.89383539267903955
0.726318359375,-0.012191194931819362,0.88164419774722014
0.7265625,-0.0047329541938039262,0.87691124355341621
0.726806640625,-0.010882764476711815,0.86602847907670444
0.72705078125,-0.0074844672596759716,0.85854401181702844
0.727294921875,0.0039873864465746738,0.86253139826360314
0.7275390625,-0.01572828643152397,0.84680311183207913
0.727783203125,0.017129010203473103,0.86393212203555225
0.72802734375,0.0089360668118525326,0.8728681888474048
0.728271484375,-0.014746523508887489,0.8581216653385173
0.728515625,0.0051104016506326629,0.86323206698915
0.728759765625,-0.0038061090621881646,0.85942595792696186
0.72900390625,0.025727153186616874,0.88515311111357875
0.729248046875,-0.015250653549308633,0.86990245756427009
0.7294921875,0.0046034850394153217,0.87450594260368542
0.729736328125,-0.0041994611570534621,0.87030648144663192
0.72998046875,0.018216955830017537,0.88852343727664951
0.730224609375,-0.0038398683484498486,0.88468356892819966
0.73046875,0.011025444505769236,0.89570901343396891
0.730712890625,0.022780069088959028,0.91848908252292794
0.73095703125,-0.0091082001868556788,0.90938088233607228
0.731201171875,0.004349600197164856,0.91373048253323719
0.7314453125,0.0040485191026821653,0.9177790016359193
0.731689453125,0.018753327005857818,0.93653232864177716
0.73193359375,-0.02170207066436481,0.91483025797741235
0.732177734375,-0.011146106630215546,0.90368415134719682
0.732421875,-0.010240665911632045,0.89344348543556473
0.732666015625,0.010316362432940646,0.90375984786850538
0.73291015625,-0.016110965709968245,0.8876488821585371
0.733154296875,-0.0063362876275381017,0.88131259453099897
0.7333984375,0.014824118191663092,0.89613671272266204
0.733642578125,0.0085118858922728323,0.90464859861493485
0.73388671875,-0.0022216350367487538,0.90242696357818608
0.734130859375,-0.011035912800559907,0.89139105077762615
0.734375,-0.03658002642666227,0.8548110243509639
0.734619140625,-0.01528305499736534,0.83952796935359852
0.73486328125,-0.021049274829740134,0.81847869452385835
0.735107421875,0.008002455015900042,0.82648114953975838
0.7353515625,0.00089357717719066069,0.827374726716949
0.735595703125,-0.031871960341611452,0.79550276637533757
0.73583984375,-0.011135065686617485,0.78436770068872008
0.736083984375,-0.013477043930798229,0.7708906567579219
0.736328125,0.031850581053859253,0.80274123781178119
0.736572265625,0.029225832203232171,0.83196707001501335
0.73681640625,0.029700959438105523,0.86166802945311893
0.737060546875,0.00036092561651802132,0.86202895506963695
0.7373046875,-0.030443678993166273,0.8315852760764707
0.737548828125,0.0053674883661811905,0.83695276444265188
0.73779296875,-0.013335478952052282,0.82361728549059965
0.738037109375,-0.011370935346911104,0.81224635014368851
0.73828125,0.0097754695276462654,0.82202181967133481
0.738525390625,-0.017633372859500299,0.80438844681183452
0.73876953125,0.014577383786418374,0.8189658305982529
0.739013671875,0.0080109931708710978,0.82697682376912396
0.7392578125,0.02080115533867569,0.84777797910779962
0.739501953125,-0.0041765275343775545,0.84360145157342203
0.73974609375,0.0056540987317907311,0.84925555030521271
0.739990234375,0.0098019381523913266,0.85905748845760399
0.740234375,-0.017223039207126044,0.8418344492504779
0.740478515625,-0.010150302485829066,0.83168414676464886
0.74072265625,-0.03373749542325357,0.79794665134139531
0.740966796875,0.024878462472109938,0.8228251138135052
0.7412109375,-0.011369857643039891,0.81145525617046532
0.741455078125,-0.006736673496023359,0.80471858267444196
0.74169921875,-0.036001704063578062,0.76871687861086391
0.741943359375,0.008827415478405114,0.77754429408926906
0.7421875,-0.0026978884400360261,0.77484640564923302
0.742431640625,0.0048869333557515328,0.77973333900498454
0.74267578125,-0.022247242590355914,0.75748609641462861
0.742919921875,-0.00094085444587342778,0.75654524196875517
0.7431640625,-0.0093057387048370976,0.74723950326391808
0.743408203125,-0.0092753860569064258,0.73796411720701161
0.74365234375,0.0082789313825874494,0.746243048589599
0.743896484375,-0.021330309737047609,0.72491273885255136
0.744140625,-0.036017361357107203,0.68889537749544416
0.744384765625,0.02209395232855749,0.71098932982400165
0.74462890625,-0.0099333751884069475,0.70105595463559467
0.744873046875,-0.015818724016572576,0.68523723061902209
0.7451171875,0.022976975876788604,0.70821420649581068
0.745361328125,0.011632267301359222,0.71984647379716993
0.74560546875,0.0091020784469304557,0.72894855224410038
0.745849609375,0.035590294457960019,0.7645388467020604
0.74609375,0.0074968493812720138,0.77203569608333245
0.746337890625,-0.012271927145983776,0.75976376893734865
0.74658203125,-0.03266527455157113,0.72709849438577756
0.746826171875,-0.0037705718335641842,0.72332792255221334
0.7470703125,-0.01889259650296949,0.70443532604924386
0.747314453125,-0.009937009855883994,0.69449831619335989
0.74755859375,0.0069849961391535188,0.70148331233251338
0.747802734375,-0.021438059944005276,0.6800452523885081
0.748046875,0.0091419672236838136,0.68918721961219187
0.748291015625,-0.014866818806783609,0.67432040080540823
0.74853515625,0.019893383921346611,0.69421378472675488
0.748779296875,0.018868654907524721,0.71308243963427964
0.7490234375,0.022387828840381142,0.73547026847466079
0.749267578125,0.014328258443747056,0.74979852691840787
0.74951171875,-0.016229170019995048,0.73356935689841285
0.749755859375,-0.02272278173292178,0.7108465751654911
0.75,-0.0081638852486780322,0.70268268991681304
0.750244140625,-0.0039512803748946723,0.69873140954191837
0.75048828125,0.034518813300106491,0.7332502228420249
0.750732421875,0.00021069818674940356,0.73346092102877436
0.7509765625,0.022598328828954579,0.75605924985772899
0.751220703125,-0.0056955097384397049,0.7503637401192893
0.75146484375,0.033972352582836512,0.78433609270212579
0.751708984375,-0.0025188219449092286,0.78181727075721652
0.751953125,0.0055851667442406595,0.78740243750145722
0.752197265625,-0.021544123202708508,0.76585831429874873
0.75244140625,-0.018068968649910117,0.74778934564883859
0.752685546875,0.024966106928156227,0.77275545257699485
0.7529296875,0.0013176498507760088,0.77407310242777083
0.753173828125,7.6621756351760598e-05,0.77414972418412265
0.75341796875,-0.001047583770507062,0.77310214041361558
0.753662109375,0.020632514516630767,0.79373465493024631
0.75390625,0.017684501746394122,0.81141915667664044
0.754150390625,0.0078000205248898672,0.81921917720153026
0.75439453125,0.014198904379924417,0.83341808158145469
0.754638671875,0.001617100643057749,0.83503518222451245
0.7548828125,-0.014000030683397646,0.82103515154111484
0.755126953125,0.021637982425314152,0.84267313396642896
0.75537109375,-0.01676376375398491,0.82590937021244404
0.755615234375,0.026523262675668343,0.85243263288811233
0.755859375,0.036448394466922038,0.88888102735503438
0.756103515625,-0.010547055674429999,0.87833397168060434
0.75634765625,-0.0017254972253016572,0.87660847445530266
0.756591796875,-0.025858910454972277,0.85074956400033042
0.7568359375,-0.034980153450045161,0.81576941055028529
0.757080078125,-0.0063572283251112768,0.80941218222517397
0.75732421875,0.019132476284881385,0.82854465851005532
0.757568359375,-0.013183074039906185,0.81536158447014917
0.7578125,-0.0059567235526015849,0.8094048609175476
0.758056640625,0.003084407510960415,0.81248926842850799
0.75830078125,-0.01554147539593956,0.79694779303256846
0.758544921875,-0.029780875683074262,0.76716691734949416
0.7587890625,0.018206997319656006,0.78537391466915019
0.759033203125,-0.0082071960516956251,0.77716671861745457
0.75927734375,-0.012924355488613027,0.76424236312884153
0.759521484375,0.010180265457817798,0.77442262858665933
0.759765625,0.0348355149140867,0.80925814350074599
0.760009765625,-0.010319923097549729,0.79893822040319629
0.76025390625,0.0061428339567286419,0.80508105435992494
0.760498046875,0.0031103440900907189,0.80819139845001564
0.7607421875,0.0044251242805019497,0.81261652273051754
0.760986328125,0.0054712759114176014,0.81808779864193515
0.76123046875,0.0089523096210548016,0.8270401082629899
0.761474609375,-0.012936258791233519,0.8141038494717564
0.76171875,0.024133590373637201,0.83823743984539356
0.761962890625,-0.019316507345943663,0.81892093249944986
0.76220703125,0.02060839069262127,0.83952932319207108
0.762451171875,-0.014771953015045905,0.82475737017702522
0.7626953125,-0.016195931924975541,0.80856143825204962
0.762939453125,0.018477306425816561,0.8270387446778662
0.76318359375,0.016057745604317622,0.84309649028218381
0.763427734375,0.010978031171831775,0.85407452145401563
0.763671875,-0.012940856843376819,0.84113366461063876
0.763916015625,-0.0067144715623631921,0.83441919304827561
0.76416015625,0.0015531229292637774,0.8359723159775394
0.764404296875,0.0059187181616567599,0.84189103413919619
0.7646484375,0.0038819774377510251,0.84577301157694718
0.764892578125,0.01485055488253462,0.86062356645948179
0.76513671875,-0.017134795582337999,0.8434887708771438
0.765380859375,-0.02471582432440915,0.81877294655273469
0.765625,0.0035313124585995056,0.82230425901133419
0.765869140625,0.0079170371392116232,0.83022129615054585
0.76611328125,0.0066177605927811639,0.83683905674332704
0.766357421875,-0.004763297975175009,0.83207575876815199
0.7666015625,0.023191105334659848,0.85526686410281183
0.766845703125,-0.015627308965729565,0.83963955513708222
0.76708984375,-0.017748934402109055,0.82189062073497321
0.767333984375,-0.008916346203846447,0.81297427453112681
0.767578125,0.013793589974653155,0.82676786450577999
0.767822265625,-0.0058387322485840788,0.82092913225719588
0.76806640625,-0.0160246008733296,0.80490453138386631
0.768310546875,-0.024887422138996126,0.78001710924487022
0.7685546875,-0.0082399806086866454,0.77177712863618353
0.768798828125,-0.01831645986731293,0.75346066876887063
0.76904296875,0.0095282726628968285,0.76298894143176743
0.769287109375,0.017719805922802121,0.78070874735456952
0.76953125,-0.019704657595451668,0.76100408975911782
0.769775390625,-0.0043824253641305874,0.75662166439498724
0.77001953125,0.004729733365277872,0.76135139776026506
0.770263671875,0.022212893072761128,0.78356429083302614
0.7705078125,0.010192343567083184,0.79375663440010935
0.770751953125,0.027957884657350437,0.82171451905745974
0.77099609375,0.01758638893211906,0.83930090798957879
0.771240234375,0.018717418924473452,0.85801832691405222
0.771484375,-0.0064225217645581967,0.85159580514949407
0.771728515625,0.019117151334198917,0.87071295648369296
0.77197265625,-0.016003392292348678,0.85470956419134425
0.772216796875,-0.017285890927973425,0.83742367326337086
0.7724609375,-0.023417023175853289,0.8140066500875176
0.772705078125,-0.017718697976117453,0.79628795211140013
0.77294921875,-0.026447170226747946,0.76984078188465221
0.773193359375,-0.016771398970660777,0.75306938291399139
0.7734375,0.014434253299604205,0.76750363621359563
0.773681640625,-0.00082513775997224625,0.76667849845362335
0.77392578125,-0.02324604321143869,0.74343245524218471
0.774169921875,-0.018858019986541841,0.72457443525564291
0.7744140625,0.017627813653671644,0.74220224890931452
0.774658203125,-0.026614763758588324,0.71558748515072623
0.77490234375,0.0025607787071300655,0.71814826385785635
0.775146484375,0.02614500606758885,0.7442932699254452
0.775390625,0.00028995795143580094,0.74458322787688103
0.775634765625,-0.012684124278501409,0.73189910359837962
0.77587890625,-0.0038347020753324236,0.72806440152304719
0.776123046875,0.011701546107470033,0.73976594763051717
0.7763671875,0.012550589837232737,0.75231653746774996
0.776611328125,0.0094268324849294937,0.76174336995267944
0.77685546875,0.0057895815730390201,0.76753295152571843
0.777099609375,-0.0053298771004895605,0.76220307442522883
0.77734375,-0.011573132254555335,0.75062994217067347
0.777587890625,0.0076204156701789559,0.75825035784085237
0.77783203125,-0.017096149969305086,0.74115420787154729
0.778076171875,0.0035611849678600189,0.74471539283940735
0.7783203125,0.012320940941986585,0.7570363337813939
0.778564453125,-0.031866116772296664,0.72517021700909723
0.77880859375,0.01566740266335875,0.74083761967245598
0.779052734375,-0.016190786916446272,0.72464683275600972
0.779296875,-0.0095742086857688001,0.71507262407024097
0.779541015625,-0.017193036866952671,0.69787958720328835
0.77978515625,0.0020558634044445306,0.69993545060773288
0.780029296875,-0.011673162318355421,0.68826228828937741
0.7802734375,-0.0062807656364533672,0.681981522652924
0.780517578125,-0.0076250479531102863,0.67435647469981375
0.78076171875,-0.0091935459073695051,0.66516292879244421
0.781005859375,-0.0031825484178192795,0.66198038037462492
0.78125,0.031326735349262579,0.69330711572388748
0.781494140625,-0.027744894635313648,0.66556222108857388
0.78173828125,0.00042789957919268278,0.66599012066776653
0.781982421875,0.0039543070690613519,0.66994442773682783
0.7822265625,0.025081311384025723,0.69502573912085353
0.782470703125,-0.0073151845102736729,0.68771055461057984
0.78271484375,-0.013542367916081228,0.67416818669449863
0.782958984375,-0.014279313961726103,0.65988887273277252
0.783203125,-0.0006885572229846131,0.65920031550978786
0.783447265625,-0.0042975248893509007,0.65490279062043699
0.78369140625,-0.0071903041664945731,0.64771248645394242
0.783935546875,-0.0096117778775999842,0.63810070857634238
0.7841796875,-0.0074339455212031396,0.63066676305513925
0.784423828125,0.005452665349554962,0.63611942840469415
0.78466796875,-0.03303637327843853,0.6030830551262556
0.784912109375,-0.0013726821186236732,0.60171037300763197
0.78515625,-0.017463404002663614,0.58424696900496831
0.785400390625,-0.020915799928705885,0.56333116907626246
0.78564453125,0.005563721173316708,0.56889489024957918
0.785888671875,-0.0095130616985351496,0.55938182855104401
0.7861328125,-0.0079459422581854358,0.55143588629285856
0.786376953125,0.0060136739389377285,0.55744956023179626
0.78662109375,0.015448029679544036,0.57289758991134032
0.786865234375,-0.0036967886979636447,0.56920080121337668
0.787109375,-0.01445369140768555,0.55474710980569109
0.787353515625,-0.0087173726491764081,0.54602973715651471
0.78759765625,0.011475453102742169,0.55750519025925682
0.787841796875,0.018408060599208877,0.57591325085846568
0.7880859375,-0.031902092999644374,0.54401115785882126
0.788330078125,0.0015017997672121324,0.54551295762603336
0.78857421875,-0.0016960349425362601,0.54381692268349713
0.788818359375,0.018560050549474339,0.56237697323297142
0.7890625,-0.031061235852164613,0.53131573738080684
0.789306640625,0.046121892770582353,0.57743763015138916
0.78955078125,0.0035899171070538278,0.58102754725844297
0.789794921875,-0.0061488711024455271,0.57487867615599741
0.7900390625,-0.012636344983315886,0.56224233117268152
0.790283203125,-0.012888165703122017,0.54935416546955951
0.79052734375,0.0041208667722513878,0.55347503224181094
0.790771484375,0.0041148246254429435,0.55758985686725393
0.791015625,0.018555479872589448,0.57614533673984336
0.791259765625,0.014535328876151015,0.59068066561599442
0.79150390625,-0.013967526742268888,0.57671313887372555
0.791748046875,0.0094944622748224516,0.58620760114854797
0.7919921875,0.033269824926941097,0.61947742607548906
0.792236328125,0.017232998975398633,0.63671042505088771
0.79248046875,-0.00087559892388013722,0.63583482612700759
0.792724609375,0.018839909932329497,0.65467473605933713
0.79296875,0.0021768952524305572,0.65685163131176771
0.793212890625,0.0083933817979412843,0.66524501310970896
0.79345703125,-0.025657712481219001,0.63958730062849001
0.793701171875,0.014645117896149707,0.65423241852463976
0.7939453125,-0.013749158257836619,0.64048326026680313
0.794189453125,0.0064853898721650011,0.64696865013896809
0.79443359375,0.014152219963511747,0.66112087010247989
0.794677734375,-0.0095051563315443847,0.65161571377093552
0.794921875,0.0050377027420720139,0.65665341651300757
0.795166015625,0.015240355181632628,0.67189377169464015
0.79541015625,-0.01014905830771852,0.66174471338692165
0.795654296875,0.010066608277690261,0.67181132166461188
0.7958984375,-0.018145711613658019,0.65366561005095392
0.796142578125,-0.01047067499144008,0.64319493505951386
0.79638671875,0.013478191709649923,0.65667312676916378
0.796630859375,-0.012975429298446405,0.64369769747071737
0.796875,-0.0054761653257781847,0.63822153214493915
0.797119140625,-0.0016273123416960268,0.63659421980324316
0.79736328125,0.0043573039961285137,0.6409515237993717
0.797607421875,-0.0094053349584511774,0.63154618884092051
0.7978515625,-0.014148099883831809,0.6173980889570887
0.798095703125,0.0051884401717380933,0.62258652912882684
0.79833984375,0.0043700411751547933,0.62695657030398166
0.798583984375,-0.0054038332436851383,0.62155273706029657
0.798828125,-0.011346056617297682,0.61020668044299886
0.799072265625,-0.0067016186108515095,0.60350506183214736
0.79931640625,0.021319596169748992,0.62482465800189635
0.799560546875,0.023956323791860957,0.64878098179375732
0.7998046875,-0.014319985277627543,0.63446099651612975
0.800048828125,0.0023020076439565227,0.63676300416008624
0.80029296875,0.0093543332181452426,0.64611733737823152
0.800537109375,0.0060887833159815668,0.65220612069421313
0.80078125,-0.014142562529157895,0.63806355816505522
0.801025390625,0.010073587085518105,0.64813714525057331
0.80126953125,-0.0046045888962087693,0.64353255635436457
0.801513671875,-0.02560812298808399,0.61792443336628056
0.8017578125,-0.0051666086264445512,0.61275782473983598
0.802001953125,0.012238572989999778,0.62499639772983573
0.80224609375,-0.0081304287148114066,0.61686596901502433
0.802490234375,-0.015544977287807505,0.60132099172721687
0.802734375,-0.0091143047483700657,0.59220668697884682
0.802978515625,-0.015957203875825218,0.5762494831030216
0.80322265625,-0.0091031034532619466,0.56714637964975967
0.803466796875,0.011581423049813076,0.57872780269957269
0.8037109375,0.0079647056537378597,0.58669250835331055
0.803955078125,0.0074744791041070182,0.59416698745741758
0.80419921875,-0.026422127243908688,0.5677448602135089
0.804443359375,0.017726712962191814,0.58547157317570075
0.8046875,-0.0016837982773326788,0.58378777489836808
0.804931640625,0.018440647612762262,0.60222842251113029
0.80517578125,0.010870480907478266,0.61309890341860851
0.805419921875,0.010989066524458498,0.62408796994306703
0.8056640625,-0.01779914620624411,0.60628882373682291
0.805908203125,0.030819952690989416,0.63710877642781227
0.80615234375,-0.016797840581157086,0.6203109358466552
0.806396484375,-0.0060291686640474565,0.61428176718260774
0.806640625,0.0031295035109249881,0.61741127069353274
0.806884765625,0.021063653170822715,0.63847492386435545
0.80712890625,-0.011578558974716895,0.62689636488963851
0.807373046875,0.0089435166523796419,0.6358398815420182
0.8076171875,-0.010825996877246035,0.62501388466477215
0.807861328125,-0.019857889246359728,0.60515599541841247
0.80810546875,-0.0073913075891418236,0.59776468782927061
0.808349609375,-0.004556324019914155,0.59320836380935649
0.80859375,0.026626120533398079,0.61983448434275457
0.808837890625,-0.018079286772613633,0.60175519757014095
0.80908203125,-0.0086800590911212654,0.59307513847901971
0.809326171875,0.013241623001075131,0.60631676148009483
0.8095703125,-0.007858871503737104,0.59845788997635774
0.809814453125,-0.021228436780401046,0.57722945319595664
0.81005859375,0.013100677365031097,0.59033013056098771
0.810302734375,-0.021726437776550863,0.5686036927844369
0.810546875,-0.012787727835202697,0.55581596494923424
0.810791015625,0.010387520658697568,0.56620348560793177
0.81103515625,-0.012049464420084817,0.55415402118784696
0.811279296875,0.00029608038197838544,0.55445010156982533
0.8115234375,0.010963058381895782,0.56541315995172114
0.811767578125,-0.03140489934397845,0.53400826060774265
0.81201171875,-0.0091994783527175033,0.52480878225502514
0.812255859375,0.0049517093144050336,0.52976049156943017
0.8125,-0.029488814879222943,0.50027167669020722
0.812744140625,-0.0072348577346799852,0.49303681895552726
0.81298828125,-0.012322112857059834,0.48071470609846745
0.813232421875,-0.016226882955910502,0.46448782314255693
0.8134765625,-0.024508478158487924,0.43997934498406899
0.813720703125,-0.01630044660844112,0.42367889837562789
0.81396484375,-0.026717919057849458,0.39696097931777841
0.814208984375,-0.024595207476883929,0.37236577184089448
0.814453125,0.00040132789826565705,0.37276709973916011
0.814697265625,0.0049777512109887559,0.37774485095014887
0.81494140625,0.017865129944340811,0.39560998089448968
0.815185546875,-0.0072104718775478022,0.38839950901694187
0.8154296875,-0.0055787120286883464,0.3828207969882535
0.815673828125,-0.017179432076990166,0.36564136491126331
0.81591796875,0.04085080843465539,0.40649217334591869
0.816162109375,-0.0032911777214388728,0.40320099562447981
0.81640625,0.023196726456239304,0.42639772208071913
0.816650390625,-0.025547926256359262,0.40084979582435987
0.81689453125,5.7155797189666775e-05,0.40090695162154955
0.817138671875,0.021089260081937407,0.42199621170348695
0.8173828125,-0.015250755496554335,0.40674545620693259
0.817626953125,0.022013268447761393,0.428758724654694
0.81787109375,0.0042070227269630708,0.43296574738165705
0.818115234375,0.0032261929279831076,0.43619194030964015
0.818359375,0.0062849220037427137,0.44247686231338285
0.818603515625,-0.019802244719558253,0.42267461759382458
0.81884765625,0.020388028722226392,0.44306264631605097
0.819091796875,0.012791856395989672,0.45585450271204064
0.8193359375,-0.0082361006207066229,0.44761840209133402
0.819580078125,-0.010293455766607928,0.43732494632472607
0.81982421875,-0.0034851549168262658,0.4338397914078998
0.820068359375,0.0030574035441468684,0.43689719495204665
0.8203125,0.0015943154758256916,0.43849151042787232
0.820556640625,-0.0059136120889528819,0.43257789833891946
0.82080078125,-0.0036664547774407233,0.42891144356147876
0.821044921875,-0.013949883866097565,0.41496155969538118
0.8212890625,0.012048150699125088,0.42700971039450625
0.821533203125,-0.0060348991643770751,0.4209748112301292
0.82177734375,0.02214920638309836,0.44312401761322756
0.822021484375,-0.04489353845535958,0.39823047915786797
0.822265625,-0.024321110218621551,0.37390936893924642
0.822509765625,0.0051509856315290741,0.37906035457077547
0.82275390625,-0.039033119213160675,0.34002723535761481
0.822998046875,0.013509828372462793,0.35353706373007759
0.8232421875,0.0074721849789276791,0.36100924870900525
0.823486328125,0.019690212250182141,0.38069946095918739
0.82373046875,0.0060296006614387462,0.38672906162062615
0.823974609375,0.018802790898155005,0.40553185251878116
0.82421875,0.017708530899484223,0.42324038341826536
0.824462890625,0.0060767876189688277,0.42931717103723421
0.82470703125,0.0062875631247422594,0.43560473416197648
0.824951171875,-0.00066076366114975493,0.43494397050082673
0.8251953125,0.0029937988884521354,0.43793776938927886
0.825439453125,0.0033952094678847008,0.44133297885716355
0.82568359375,0.010704579248116108,0.45203755810527968
0.825927734375,0.0016833209230288735,0.45372087902830854
0.826171875,0.002970668164766,0.45669154719307453
0.826416015625,0.020654134232331693,0.47734568142540623
0.82666015625,-0.024215824490892345,0.45312985693451391
0.826904296875,-0.028701463604318307,0.42442839333019561
0.8271484375,0.00047438998044447553,0.42490278331064008
0.827392578125,0.017603513071701084,0.44250629638234118
0.82763671875,-0.006087257049331456,0.43641903933300974
0.827880859375,0.0015395543453514406,0.43795859367836121
0.828125,-0.0014515350434973137,0.43650705863486389
0.828369140625,0.0095296759336834357,0.44603673456854731
0.82861328125,0.011466828646199072,0.45750356321474639
0.828857421875,0.039208721075659841,0.49671228429040626
0.8291015625,0.0069784672679649353,0.50369075155837117
0.829345703125,0.0087284318288453483,0.51241918338721648
0.82958984375,0.024938263038564057,0.53735744642578054
0.829833984375,3.6207156768476002e-05,0.53739365358254898
0.830078125,-0.019031599917756943,0.51836205366479204
0.830322265625,0.0013440265362615672,0.51970608020105358
0.83056640625,-0.023152502603283262,0.4965535775977703
0.830810546875,-0.016947695245854377,0.47960588235191592
0.8310546875,0.00025911032571751546,0.47986499267763344
0.831298828125,0.0079855400333028511,0.48785053271093631
0.83154296875,0.0034455627310796084,0.49129609544201591
0.831787109375,-0.00055495750100061298,0.49074113794101532
0.83203125,-0.0065432332719034762,0.48419790466911183
0.832275390625,0.0012239189885179065,0.48542182365762976
0.83251953125,-0.0043638082105764454,0.48105801544705329
0.832763671875,0.0040626289895677173,0.48512064443662101
0.8330078125,0.00061828868957617691,0.4857389331261972
0.833251953125,0.016974719007876931,0.50271365213407415
0.83349609375,-0.015799617244237271,0.48691403488983687
0.833740234375,0.019175432599085458,0.50608946748892236
0.833984375,-0.010350786843803852,0.4957386806451185
0.834228515625,0.012360360761214242,0.50809904140633277
0.83447265625,0.01036041038763166,0.51845945179396447
0.834716796875,-0.0084576311210189294,0.51000182067294553
0.8349609375,0.020606617020557647,0.53060843769350319
0.835205078125,0.0054826759156079473,0.5360911136091111
0.83544921875,-0.013823303299623871,0.52226781030948721
0.835693359375,-0.013794311382881104,0.50847349892660609
0.8359375,0.014866458189695722,0.52333995711630177
0.836181640625,0.013886282809327634,0.53722623992562946
0.83642578125,-0.0080457250531574577,0.52918051487247197
0.836669921875,0.0093993171080357357,0.53857983198050774
0.8369140625,-0.0025836515940319254,0.53599618038647578
0.837158203125,-0.007107643062538924,0.52888853732393681
0.83740234375,-0.0093985375311363226,0.51948999979280053
0.837646484375,0.00845805471730505,0.52794805451010562
0.837890625,-0.00086675245726161685,0.52708130205284398
0.838134765625,0.017309704055960669,0.54439100610880464
0.83837890625,-0.0097728978478535296,0.53461810826095113
0.838623046875,-0.0016243022218311648,0.53299380603911994
0.8388671875,0.026260961147941016,0.55925476718706091
0.839111328125,0.022217824315445753,0.58147259150250663
0.83935546875,0.022651579543774246,0.60412417104628091
0.839599609375,0.012293570598668193,0.61641774164494911
0.83984375,0.0099331651480402579,0.62635090679298933
0.840087890625,-0.021548853945855647,0.60480205284713373
0.84033203125,-0.029814970458507166,0.57498708238862661
0.840576171875,-0.020797077956172898,0.5541900044324537
0.8408203125,0.01568246023567877,0.56987246466813246
0.841064453125,-0.0023845057012531271,0.56748795896687931
0.84130859375,0.0056631570787105314,0.57315111604558988
0.841552734375,-0.00059741951296168969,0.57255369653262822
0.841796875,-0.002168900751361065,0.57038479578126711
0.842041015625,-0.0094024046660384341,0.56098239111522863
0.84228515625,0.012840283303285144,0.57382267441851376
0.842529296875,-0.0012944555825026053,0.57252821883601113
0.8427734375,-0.03218588170583251,0.54034233713017865
0.843017578125,-0.0013482287141362769,0.53899410841604234
0.84326171875,-0.001553495161850489,0.5374406132541919
0.843505859375,0.0099271601335523211,0.54736777338774423
0.84375,0.020152072112422762,0.56751984550016699
0.843994140625,-0.0040277368438432944,0.56349210865632371
0.84423828125,0.0084658094210671494,0.57195791807739083
0.844482421875,-0.013362383773998064,0.55859553430339282
0.8447265625,-0.0018696645526212364,0.55672586975077154
0.844970703125,-0.0033962046593202502,0.55332966509145132
0.84521484375,0.02530259717794214,0.57863226226939346
0.845458984375,-0.010355998610939878,0.56827626365845363
0.845703125,-0.01692744119165257,0.55134882246680106
0.845947265625,-0.013654325395891214,0.53769449707090988
0.84619140625,-0.010176729006222459,0.52751776806468742
0.846435546875,0.0069163574752798707,0.53443412553996728
0.8466796875,-0.01397235606817444,0.52046176947179279
0.846923828125,0.0070338706943047008,0.52749564016609751
0.84716796875,-0.00049164233613250554,0.52700399782996499
0.847412109375,0.0049467905443145669,0.53195078837427956
0.84765625,0.0089774621059490935,0.54092825048022863
0.847900390625,0.014996275155093736,0.55592452563532235
0.84814453125,0.0058813535431720193,0.56180587917849434
0.848388671875,-0.0027624413228167105,0.55904343785567767
0.8486328125,-0.025984173875866778,0.53305926397981085
0.848876953125,-0.0053293856543640021,0.52772987832544682
0.84912109375,0.020318535301803491,0.54804841362725032
0.849365234375,0.0049419804717278958,0.55299039409897821
0.849609375,0.012503762444589625,0.56549415654356783
0.849853515625,-0.0075754748724819083,0.55791868167108594
0.85009765625,-0.012061299509328965,0.54585738216175694
0.850341796875,-0.01192545803121349,0.53393192413054347
0.8505859375,-0.00062947707537844592,0.53330244705516505
0.850830078125,-0.032026946868138312,0.50127550018702671
0.85107421875,-0.0075726425884873154,0.49370285759853938
0.851318359375,-0.018420997689703802,0.47528185990883559
0.8515625,0.026147948084434419,0.50142980799326997
0.851806640625,0.010648028036371812,0.51207783602964174
0.85205078125,0.020396268249416257,0.53247410427905795
0.852294921875,-0.0047590777053711395,0.52771502657368685
0.8525390625,0.011598916985489623,0.5393139435591765
0.852783203125,0.014782250586930586,0.55409619414610711
0.85302734375,0.021534832939918831,0.57563102708602598
0.853271484375,0.022755480330696999,0.59838650741672295
0.853515625,-0.011869563928367476,0.58651694348835548
0.853759765625,-0.02333093276200101,0.56318601072635444
0.85400390625,-0.017509086224202535,0.54567692450215188
0.854248046875,-0.013140578276645614,0.53253634622550627
0.8544921875,-0.015648459279717229,0.51688788694578902
0.854736328125,-0.0060272765051975971,0.51086061044059139
0.85498046875,0.00092558140529804228,0.51178619184588947
0.855224609375,0.0049449462407814013,0.51673113808667093
0.85546875,-0.0087769770345784478,0.50795416105209246
0.855712890625,-0.025743249638855537,0.48221091141323691
0.85595703125,0.022286984210994336,0.5044978956242312
0.856201171875,-0.012746367000860563,0.49175152862337063
0.8564453125,-0.013881268667403027,0.4778702599559676
0.856689453125,0.010052657907226314,0.48792291786319392
0.85693359375,0.012489646072961453,0.50041256393615541
0.857177734375,-0.012549254088490436,0.48786330984766496
0.857421875,0.0026055735227568139,0.49046888337042177
0.857666015625,-0.0096824038193242638,0.48078647955109749
0.85791015625,0.014567572089500594,0.49535405164059809
0.858154296875,0.01057048149377412,0.50592453313437225
0.8583984375,0.01311483937649029,0.51903937251086252
0.858642578125,0.012134068944592078,0.53117344145545464
0.85888671875,-0.01253019512632049,0.51864324632913417
0.859130859375,0.0049199491882459534,0.52356319551738006
0.859375,-0.0057560470253658139,0.51780714849201426
0.859619140625,-0.016376206935571035,0.50143094155644319
0.85986328125,0.020233026510453604,0.52166396806689674
0.860107421875,-0.0058128244824840998,0.51585114358441264
0.8603515625,-0.002020126131160792,0.51383101745325188
0.860595703125,-0.0057064180746190258,0.50812459937863286
0.86083984375,0.0056808163200758261,0.51380541569870863
0.861083984375,0.0030233178509973422,0.51682873354970593
0.861328125,-0.0084510018865212467,0.50837773166318467
0.861572265625,0.00805042368934295,0.51642815535252762
0.86181640625,-0.012959523608036202,0.50346863174449141
0.862060546875,-0.015506941935325282,0.48796168980916615
0.8623046875,-0.0006815076607555716,0.48728018214841057
0.862548828125,-0.014258125234164387,0.4730220569142462
0.86279296875,0.014684584481891218,0.4877066413961374
0.863037109375,0.0089572321156151415,0.49666387351175256
0.86328125,0.0011549777722101545,0.49781885128396269
0.863525390625,-0.007081797587091202,0.49073705369687148
0.86376953125,-0.0051563241861418618,0.48558072951072961
0.864013671875,-0.0025104583395461418,0.48307027117118345
0.8642578125,0.0056045441043383977,0.48867481527552187
0.864501953125,-0.010447465420799745,0.47822734985472215
0.86474609375,-0.026808135382061761,0.45141921447266037
0.864990234375,-0.00017200226595710642,0.45124721220670327
0.865234375,-0.015444736958230034,0.43580247524847326
0.865478515625,-0.0060809034727525848,0.42972157177572068
0.86572265625,-0.017486654760117768,0.41223491701560289
0.865966796875,-0.0024197383657295567,0.40981517864987332
0.8662109375,-0.027725908166260825,0.38208927048361252
0.866455078125,0.0047618836113944999,0.38685115409500703
0.86669921875,-0.012438779619062873,0.37441237447594417
0.866943359375,-0.00086065817495044729,0.37355171630099371
0.8671875,-0.010054240060576126,0.36349747624041756
0.867431640625,0.0068404382948281427,0.37033791453524573
0.86767578125,0.028889493834450438,0.39922740836969617
0.867919921875,-0.0010137487847225531,0.39821365958497362
0.8681640625,0.014608630759533113,0.41282229034450674
0.868408203125,0.037185091844022453,0.4500073821885292
0.86865234375,-0.0072912033837550776,0.44271617880477415
0.868896484375,-0.017505644940237576,0.42521053386453656
0.869140625,0.0011699327405855495,0.42638046660512208
0.869384765625,0.0098223237018146038,0.43620279030693671
0.86962890625,-0.03270149756939339,0.40350129273754332
0.869873046875,0.022243434475926551,0.42574472721346984
0.8701171875,-0.028142087495300512,0.39760263971816934
0.870361328125,-0.018261861657162811,0.37934077806100652
0.87060546875,-0.0091491931392973219,0.37019158492170923
0.870849609375,0.00027315183778087599,0.3704647367594901
0.87109375,0.022766963208321427,0.39323169996781154
0.871337890625,0.014096974372717619,0.40732867434052916
0.87158203125,-0.0071436953012334343,0.40018497903929573
0.871826171875,-0.0093993143513401121,0.39078566468795561
0.8720703125,-0.01968974664941767,0.37109591803853792
0.872314453125,0.020503695326863497,0.39159961336540139
0.87255859375,-0.023040019329362286,0.36855959403603911
0.872802734375,0.005018181002582907,0.373577775038622
0.873046875,-0.0018866082085888412,0.37169116683003317
0.873291015625,0.012452766970300962,0.38414393380033413
0.87353515625,0.0020403388641774068,0.38618427266451155
0.873779296875,-0.030167538374208012,0.35601673429030356
0.8740234375,-0.0034886884849068809,0.35252804580539671
0.874267578125,-0.019623562284703643,0.33290448352069307
0.87451171875,0.0039582676083904176,0.33686275112908348
0.874755859375,0.00067311526331746794,0.33753586639240096
0.875,-0.01368808595942653,0.32384778043297441
0.875244140625,0.0088664884994231821,0.33271426893239758
0.87548828125,0.019125838557152382,0.35184010748954997
0.875732421875,0.019582567412893059,0.37142267490244302
0.8759765625,-0.0034504650863941225,0.36797220981604889
0.876220703125,0.005162600671872344,0.37313481048792124
0.87646484375,-0.0022081373085089339,0.3709266731794123
0.876708984375,0.0018167921552057816,0.37274346533461811
0.876953125,0.0051946585926223275,0.37793812392724041
0.877197265625,-0.00068124174994411047,0.3772568821772963
0.87744140625,0.015223804497848483,0.3924806866751448
0.877685546875,0.010101383311666101,0.4025820699868109
0.8779296875,0.0003587214302098751,0.40294079141702077
0.878173828125,-0.0093576822962274219,0.39358310912079336
0.87841796875,-0.0031211492975514975,0.39046195982324189
0.878662109375,0.024178447615001441,0.41464040743824332
0.87890625,-0.0026575379387606462,0.41198286949948265
0.879150390625,-0.017904862524118388,0.39407800697536427
0.87939453125,-0.012738830925387789,0.38133917604997647
0.879638671875,0.0032338818471264619,0.38457305789710294
0.8798828125,0.0019361800926980001,0.38650923798980097
0.880126953125,0.036995444779812946,0.42350468276961389
0.88037109375,0.014663848049294001,0.43816853081890789
0.880615234375,0.023391737995502628,0.46156026881441053
0.880859375,0.016313598988614217,0.47787386780302477
0.881103515625,0.00094989511702817868,0.47882376292005296
0.88134765625,0.0027633598753167257,0.48158712279536969
0.881591796875,-0.0060660497448025317,0.47552107305056718
0.8818359375,0.012711993004321348,0.48823306605488853
0.882080078125,0.0051346743784113835,0.4933677404332999
0.88232421875,0.0006975028725878619,0.49406524330588775
0.882568359375,0.0094812154009087952,0.5035464587067966
0.8828125,0.00045028733861376887,0.50399674604541034
0.883056640625,0.0086153726986175939,0.5126121187440279
0.88330078125,-0.0056303723340922728,0.50698174640993565
0.883544921875,-0.0020570259781802253,0.5049247204317554
0.8837890625,0.0032880570202047953,0.50821277745196025
0.884033203125,-0.027064676697412544,0.48114810075454773
0.88427734375,-0.0074254668732966697,0.47372263388125108
0.884521484375,0.014765299730039894,0.48848793361129095
0.884765625,-0.013570127352125148,0.4749178062591658
0.885009765625,-0.027013022814785532,0.44790478344438028
0.88525390625,-0.010598496896397669,0.43730628654798259
0.885498046875,0.020004394381485244,0.45731068092946786
0.8857421875,-0.0031742000867667208,0.45413648084270114
0.885986328125,0.027561039408499695,0.48169752025120083
0.88623046875,0.010761369509951891,0.49245888976115271
0.886474609375,0.018554803783096072,0.51101369354424875
0.88671875,-0.014971040019078398,0.49604265352517035
0.886962890625,0.019834401378422,0.51587705490359237
0.88720703125,0.033005597062776552,0.54888265196636887
0.887451171875,0.015802426971688849,0.56468507893805775
0.8876953125,-0.013721028246792062,0.55096405069126564
0.887939453125,-0.01971450841398073,0.53124954227728494
0.88818359375,-0.0092101357156103951,0.52203940656167458
0.888427734375,0.013786582412533527,0.53582598897420808
0.888671875,-0.015422645823519402,0.5204033431506887
0.888916015625,-0.010228943185657612,0.51017439996503111
0.88916015625,0.024788627279642036,0.53496302724467315
0.889404296875,0.013071987753043834,0.54803501499771701
0.8896484375,-0.0021326300745553172,0.54590238492316168
0.889892578125,0.0098522473544153007,0.55575463227757693
0.89013671875,0.020560427348660981,0.57631505962623786
0.890380859375,0.0053097378103831964,0.5816247974366211
0.890625,-0.034601267765570813,0.54702352967105028
0.890869140625,-0.027072051489676213,0.5199514781813741
0.89111328125,0.0060628210809757074,0.52601429926234977
0.891357421875,0.010758135319194244,0.536772434581544
0.8916015625,-0.03073845855821461,0.50603397602332945
0.891845703125,-0.018046744936572257,0.48798723108675718
0.89208984375,-0.0028220230914019783,0.48516520799535517
0.892333984375,-0.025029971043099335,0.46013523695225583
0.892578125,-0.020745282259120274,0.43938995469313558
0.892822265625,-0.033903474049963661,0.40548648064317194
0.89306640625,-0.0036077529536505991,0.40187872768952132
0.893310546875,-0.0061485177248970955,0.39573020996462421
0.8935546875,0.0076116444299001405,0.40334185439452436
0.893798828125,0.015624358924777123,0.41896621331930151
0.89404296875,0.012241252655884835,0.43120746597518633
0.894287109375,0.0059565522182724881,0.43716401819345885
0.89453125,0.0025235983171650253,0.43968761651062388
0.894775390625,0.01562022533102502,0.45530784184164891
0.89501953125,0.013314284313183161,0.46862212615483206
0.895263671875,-0.01125733583475004,0.45736479032008204
0.8955078125,-0.018004230013820847,0.43936056030626119
0.895751953125,-0.011980663015530907,0.42737989729073028
0.89599609375,0.0088398432106378839,0.43621974050136819
0.896240234375,0.01638143867816207,0.45260117917953024
0.896484375,-0.0017323586716574829,0.45086882050787275
0.896728515625,0.010347832093769433,0.46121665260164219
0.89697265625,0.014647916659028063,0.47586456926067022
0.897216796875,0.0077232250366544124,0.48358779429732462
0.8974609375,0.012506519504405383,0.49609431380173002
0.897705078125,0.013453988462531156,0.50954830226426118
0.89794921875,0.018345295061143071,0.5278935973254042
0.898193359375,-0.0073388036625245375,0.52055479366287971
0.8984375,0.00093396462630826297,0.52148875828918795
0.898681640625,0.035156470552339128,0.55664522884152712
0.89892578125,-0.0042820371759431756,0.5523631916655839
0.899169921875,-0.013283001125426637,0.53908019054015721
0.8994140625,0.0075307784332502015,0.54661096897340744
0.899658203125,0.0051278172009968717,0.55173878617440431
0.89990234375,0.01171059717962822,0.5634493833540325
0.900146484375,0.0025202965261585633,0.56596967988019109
0.900390625,0.0008651699683380411,0.56683484984852917
0.900634765625,-0.022809314718673895,0.5440255351298553
0.90087890625,-0.0087126498268454838,0.5353128853030098
0.901123046875,-0.0090113288047803126,0.52630155649822952
0.9013671875,0.0024791066557403791,0.52878066315396988
0.901611328125,0.0050668339602228272,0.53384749711419266
0.90185546875,-0.0081469651389003816,0.52570053197529232
0.902099609375,-0.0048107528321137674,0.52088977914317858
0.90234375,0.02184911418066111,0.54273889332383973
0.902587890625,-0.0036883511043455,0.53905054221949422
0.90283203125,-0.0093530006461128804,0.52969754157338134
0.903076171875,-0.0099757271572530667,0.5197218144161283
0.9033203125,0.0080917110101006856,0.52781352542622895
0.903564453125,-0.0042018009866734256,0.5236117244395555
0.90380859375,-0.013964383005248963,0.50964734143430657
0.904052734375,-0.010871517977455053,0.49877582345685151
0.904296875,-0.008263617635878245,0.49051220582097327
0.904541015625,0.02090297617858751,0.51141518199956082
0.90478515625,-0.015655598507111356,0.49575958349244947
0.905029296875,-0.02174317711144522,0.47401640638100423
0.9052734375,0.0019625235964248525,0.47597892997742908
0.905517578125,-0.016536596065905594,0.4594423339115235
0.90576171875,-0.048317071507282046,0.41112526240424146
0.906005859375,-0.011400718830014324,0.39972454357422715
0.90625,-0.0026620221242972951,0.39706252144992987
0.906494140625,-0.0059745586876966085,0.39108796276223329
0.90673828125,-0.023477457081335661,0.36761050568089765
0.906982421875,-0.0085589286604795655,0.35905157702041807
0.9072265625,-0.003491049889804281,0.35556052713061381
0.907470703125,-0.0022261465927154865,0.35333438053789834
0.90771484375,0.0052093306277101788,0.35854371116560851
0.907958984375,0.012414210610228498,0.37095792177583703
0.908203125,0.0092347354797853356,0.38019265725562235
0.908447265625,0.015974776151871366,0.39616743340749372
0.90869140625,-0.01207080532304486,0.38409662808444883
0.908935546875,0.008600221856853326,0.39269684994130216
0.9091796875,-0.0052581438853030408,0.38743870605599912
0.909423828125,0.020046807395450152,0.40748551345144929
0.90966796875,0.03252867480275521,0.44001418825420452
0.909912109375,-0.01351764833359409,0.42649653992061043
0.91015625,-0.0050416378317647568,0.42145490208884567
0.910400390625,-0.015933118326495761,0.40552178376234993
0.91064453125,0.009944317414395689,0.41546610117674559
0.910888671875,0.0017404829812702124,0.41720658415801581
0.9111328125,-0.010712471892877117,0.40649411226513871
0.911376953125,0.032275965809272458,0.43877007807441115
0.91162109375,-0.0098070629267008082,0.42896301514771035
0.911865234375,0.0050764592176133277,0.4340394743653237
0.912109375,-0.0055184526988879502,0.42852102166643574
0.912353515625,0.015292184737693346,0.44381320640412908
0.91259765625,-0.00073024474740331785,0.44308296165672578
0.912841796875,-0.0067716169304943884,0.4363113447262314
0.9130859375,0.0084381310478970281,0.44474947577412843
0.913330078125,0.0099792279161672291,0.45472870369029567
0.91357421875,0.0042864097309765394,0.45901511342127221
0.913818359375,0.0040867340878020979,0.46310184750907429
0.9140625,-0.0094784736102681011,0.45362337389880619
0.914306640625,0.023334049134378865,0.47695742303318506
0.91455078125,-0.017968446572462202,0.45898897646072284
0.914794921875,-0.0014154248114463372,0.45757355164927649
0.9150390625,0.032845730048457443,0.49041928169773391
0.915283203125,0.011969151730884404,0.50238843342861828
0.91552734375,-0.039904509337567208,0.46248392409105105
0.915771484375,0.0076202296925918728,0.4701041537836429
0.916015625,-0.00097515099913130692,0.46912900278451158
0.916259765625,0.0012058402941162393,0.47033484307862783
0.91650390625,-0.011501053303579326,0.45883378977504852
0.916748046875,0.03050136943106118,0.4893351592061097
0.9169921875,-0.024528326032300957,0.46480683317380878
0.917236328125,0.015444028466644182,0.48025086164045294
0.91748046875,-0.0046833360821448176,0.47556752555830811
0.917724609375,-0.017099242885215315,0.45846828267309281
0.91796875,-0.011459494745728395,0.44700878792736443
0.918212890625,0.020576595917728875,0.46758538384509329
0.91845703125,0.013097430154291993,0.48068281399938528
0.918701171875,-0.021228735229418507,0.4594540787699668
0.9189453125,0.0099657059085282249,0.46941978467849504
0.919189453125,-0.002976088802769969,0.4664436958757251
0.91943359375,-0.011179344865467631,0.45526435101025747
0.919677734375,0.015498533747965058,0.47076288475822253
0.919921875,-0.0081102821606585281,0.46265260259756402
0.920166015625,0.0063826296586709068,0.46903523225623495
0.92041015625,-0.0080913951540118999,0.46094383710222303
0.920654296875,0.014886142004765934,0.47582997910698899
0.9208984375,0.016701515593643867,0.49253149470063284
0.921142578125,0.013098279829792982,0.50562977453042579
0.92138671875,-0.00040798357208088614,0.50522179095834485
0.921630859375,-0.016775631774363236,0.4884461591839816
0.921875,-0.025132299462886282,0.46331385972109529
0.922119140625,0.0093004096418372213,0.47261426936293249
0.92236328125,0.026013395432549598,0.4986276647954821
0.922607421875,0.012708469385461501,0.51133613418094359
0.9228515625,0.0030059384209446317,0.51434207260188824
0.923095703125,-0.017292769766031692,0.49704930283585658
0.92333984375,-0.025913549198927237,0.47113575363692933
0.923583984375,0.0084678742221171808,0.47960362785904653
0.923828125,0.014926784476570951,0.49453041233561751
0.924072265625,-0.016858974499575748,0.47767143783604177
0.92431640625,-0.027663162424197488,0.45000827541184429
0.924560546875,-0.0018801581924172063,0.44812811721942708
0.9248046875,-0.011643952507992248,0.43648416471143481
0.925048828125,-0.0052943849568225622,0.43118977975461226
0.92529296875,0.01016027661286337,0.44135005636747565
0.925537109375,0.01174644544652447,0.45309650181400013
0.92578125,0.034053543081489737,0.48715004489548985
0.926025390625,0.0033130960054981165,0.49046314090098797
0.92626953125,-0.00055678134086459589,0.48990635956012335
0.926513671875,-0.013939614113016174,0.47596674544710715
0.9267578125,-0.0037365298546769123,0.47223021559243022
0.927001953125,-0.0035104986555119207,0.46871971693691833
0.92724609375,0.0095841979359302526,0.47830391487284857
0.927490234375,0.019671417248462702,0.49797533212131129
0.927734375,-0.012261063469617998,0.48571426865169331
0.927978515625,-0.0029373247104168424,0.48277694394127646
0.92822265625,0.00062998124723659876,0.48340692518851308
0.928466796875,-0.019383086911897135,0.46402383827661597
0.9287109375,-0.022315346451669233,0.44170849182494676
0.928955078125,0.011519592626369158,0.4532280844513159
0.92919921875,0.0072941300324911385,0.46052221448380704
0.929443359375,0.013187563266483383,0.47370977775029044
0.9296875,-0.031482188062623123,0.44222758968766729
0.929931640625,-0.013876354688450773,0.42835123499921651
0.93017578125,0.019968284367119615,0.44831951936633613
0.930419921875,0.011284862103137384,0.45960438146947352
0.9306640625,0.0037049213046790683,0.46330930277415261
0.930908203125,0.0011912784004878502,0.46450058117464044
0.93115234375,0.0057311803956612501,0.47023176157030167
0.931396484375,0.030101968735763658,0.50033373030606532
0.931640625,-0.011468627427081293,0.48886510287898405
0.931884765625,0.0053235475346801869,0.49418865041366422
0.93212890625,0.007731838608933699,0.50192048902259789
0.932373046875,-0.0026359901440390935,0.4992844988785588
0.9326171875,0.03392894945974094,0.53321344833829976
0.932861328125,-0.0064222342043282303,0.52679121413397156
0.93310546875,-0.016503648500326342,0.51028756563364519
0.933349609375,-0.0051844352877384696,0.5051031303459067
0.93359375,0.00058111354323225016,0.50568424388913891
0.933837890625,-0.011114854631481543,0.49456938925765737
0.93408203125,-0.0041425726171685955,0.49042681664048876
0.934326171875,0.00050669081766581664,0.49093350745815456
0.9345703125,0.02467758772611945,0.51561109518427406
0.934814453125,-0.017266622945738601,0.49834447223853545
0.93505859375,-0.00048829151427919027,0.49785618072425625
0.935302734375,0.011191843825118909,0.50904802454937514
0.935546875,-0.021924183541168277,0.48712384100820688
0.935791015625,-0.0030650620538096125,0.48405877895439725
0.93603515625,0.019217877822969385,0.50327665677736666
0.936279296875,-0.0038759587563565599,0.49940069802101011
0.9365234375,0.0085470376744909236,0.507947735695501
0.936767578125,0.00633752053416726,0.51428525622966825
0.93701171875,0.01724021090113901,0.53152546713080728
0.937255859375,0.015258118878756926,0.54678358600956423
0.9375,0.012545021216636457,0.5593286072262007
0.937744140625,0.012815976886117138,0.57214458411231783
0.93798828125,-0.0043717186319845508,0.56777286548033323
0.938232421875,0.0096965093285276381,0.57746937480886085
0.9384765625,-0.0027342983103956315,0.57473507649846522
0.938720703125,0.01025601851834875,0.58499109501681401
0.93896484375,0.013763031113561301,0.59875412613037526
0.939208984375,0.011537647961730976,0.61029177409210622
0.939453125,0.01175000473340927,0.62204177882551548
0.939697265625,-0.0018269512695267725,0.62021482755598867
0.93994140625,0.0015994432479839991,0.62181427080397267
0.940185546875,-0.031187878240688225,0.59062639256328442
0.9404296875,0.0013589507429822146,0.59198534330626662
0.940673828125,0.0063992931067947826,0.59838463641306139
0.94091796875,0.00067773501881587047,0.59906237143187724
0.941162109375,0.01164563544764758,0.61070800687952487
0.94140625,0.017029942543661542,0.62773794942318639
0.941650390625,0.0022109925806966333,0.62994894200388307
0.94189453125,0.018472750661277317,0.64842169266516037
0.942138671875,0.0071753953556716529,0.65559708802083205
0.9423828125,0.0073164381798481153,0.66291352620068011
0.942626953125,-0.00024922546897188276,0.66266430073170823
0.94287109375,0.032040981044326629,0.69470528177603486
0.943115234375,-0.014339139961802076,0.68036614181423283
0.943359375,0.048604737511931673,0.72897087932616444
0.943603515625,-0.017143580575374243,0.7118272987507902
0.94384765625,0.014630669660609226,0.72645796841139942
0.944091796875,0.0084415717007065537,0.73489954011210601
0.9443359375,-0.014710340700597102,0.72018919941150894
0.944580078125,-0.028257538809964251,0.69193166060154465
0.94482421875,0.011647423080011926,0.70357908368155653
0.945068359375,-0.024691150167810233,0.67888793351374632
0.9453125,-0.030618678522712772,0.64826925499103361
0.945556640625,-0.010319123832112361,0.6379501311589213
0.94580078125,0.0069126356398356761,0.64486276679875698
0.946044921875,0.0015288428927573894,0.64639160969151432
0.9462890625,-0.0019176445433624493,0.64447396514815192
0.946533203125,0.024442243546781026,0.66891620869493296
0.94677734375,0.0021219165173031389,0.67103812521223605
0.947021484375,0.010892640113183371,0.68193076532541941
0.947265625,0.019714317036503504,0.70164508236192291
0.947509765625,-0.0041067800824456553,0.69753830227947722
0.94775390625,-0.00014926142810067704,0.69738904085137654
0.947998046875,0.0059159763696495869,0.70330501722102612
0.9482421875,-0.015766543468749759,0.68753847375227639
0.948486328125,0.001996789137159618,0.68953526288943601
0.94873046875,0.0012422092665485883,0.69077747215598462
0.948974609375,0.0027624156833239081,0.69353988783930853
0.94921875,0.00054610790421996019,0.69408599574352847
0.949462890625,-0.011643773282638365,0.68244222246089015
0.94970703125,-0.025207149532577546,0.65723507292831262
0.949951171875,-0.012374903943000008,0.64486016898531262
0.9501953125,0.0087687385876849388,0.65362890757299752
0.950439453125,-0.040697013970895091,0.61293189360210243
0.95068359375,0.0040464883251238619,0.61697838192722632
0.950927734375,0.024628461108381239,0.64160684303560755
0.951171875,0.014345946643949862,0.65595278967955739
0.951416015625,0.011704778943666864,0.66765756862322423
0.95166015625,-0.031784014408977677,0.63587355421424652
0.951904296875,0.015212769320314843,0.65108632353456131
0.9521484375,0.0082581548102998135,0.6593444783448611
0.952392578125,0.0039433324969952391,0.66328781084185628
0.95263671875,0.0079743679437988355,0.67126217878565508
0.952880859375,0.026506962755535456,0.69776914154119052
0.953125,0.023832834670589862,0.72160197621178035
0.953369140625,0.011416690533561107,0.73301866674534144
0.95361328125,0.025273278504989269,0.75829194525033072
0.953857421875,0.0089621162574173609,0.76725406150774811
0.9541015625,-0.00098534296824933504,0.76626871853949874
0.954345703125,0.0082657776903452759,0.77453449622984405
0.95458984375,-0.00059573351242108786,0.77393876271742301
0.954833984375,-0.00015771541464396579,0.77378104730277908
0.955078125,0.0075519374815644098,0.78133298478434354
0.955322265625,-0.0050784714635327011,0.77625451332081086
0.95556640625,-0.011373943043511789,0.76488057027729905
0.955810546875,0.011902427458109753,0.77678299773540882
0.9560546875,0.0081223111194211779,0.78490530885483001
0.956298828125,-0.026216340323008583,0.75868896853182144
0.95654296875,-0.017808211082308616,0.74088075744951287
0.956787109375,0.0025282831334873571,0.74340904058300028
0.95703125,0.045626373195872906,0.78903541377887321
0.957275390625,0.015746318655833581,0.80478173243470674
0.95751953125,0.00080311528216114815,0.80558484771686789
0.957763671875,0.02523416323927561,0.83081901095614352
0.9580078125,0.0026416291797205461,0.83346064013586407
0.958251953125,-0.019504677187343181,0.81395596294852091
0.95849609375,0.0036843769474691678,0.81764033989599005
0.958740234375,0.0081674970434039759,0.82580783693939408
0.958984375,-0.028123711148221386,0.79768412579117265
0.959228515625,-0.0087008674463470298,0.78898325834482563
0.95947265625,0.038787903092656457,0.82777116143748208
0.959716796875,0.022617803425672815,0.85038896486315485
0.9599609375,0.0027921918281377822,0.85318115669129269
0.960205078125,0.013899991038974409,0.86708114773026712
0.96044921875,-0.01464437371912875,0.85243677401113838
0.960693359375,-0.0082399258129879759,0.84419684819815044
0.9609375,-0.0046033132129204559,0.83959353498523004
0.961181640625,-0.013694725200687388,0.82589880978454266
0.96142578125,-0.007951495248231721,0.81794731453631098
0.961669921875,-0.0084458126309702817,0.80950150190534065
0.9619140625,-0.005339173514986641,0.80416232839035395
0.962158203125,-0.013703525311721341,0.79045880307863259
0.96240234375,0.0185794950091526,0.80903829808778516
0.962646484375,-0.026625426657948651,0.78241287142983651
0.962890625,0.027343118690813541,0.80975599012065003
0.963134765625,0.024688814362816471,0.83444480448346647
0.96337890625,-0.0042625754637904845,0.83018222901967598
0.963623046875,-0.0035476132120540356,0.82663461580762199
0.9638671875,-0.0065076740631546982,0.82012694174446732
0.964111328125,0.00035628512392526525,0.82048322686839259
0.96435546875,0.012267411933940044,0.83275063880233269
0.964599609375,-0.0092644297827357107,0.82348620901959702
0.96484375,-0.0051438099233334688,0.8183423990962635
0.965087890625,-0.019455249303456615,0.79888714979280684
0.96533203125,-0.030017228405976402,0.76886992138683041
0.965576171875,0.004981231631885543,0.77385115301871599
0.9658203125,0.019616117352365153,0.79346727037108111
0.966064453125,0.02076645228977456,0.8142337226608557
0.96630859375,-0.00034120955141403485,0.81389251310944166
0.966552734375,0.00039230955716249211,0.81428482266660418
0.966796875,-0.0086686543391145555,0.80561616832748961
0.967041015625,-0.0051858224166321598,0.80043034591085749
0.96728515625,-0.011255269078049975,0.78917507683280752
0.967529296875,-0.00010288238361084827,0.78907219444919663
0.9677734375,0.0029911437621336495,0.79206333821133024
0.968017578125,0.0027193243206823964,0.79478266253201268
0.96826171875,-0.0044998892594805785,0.79028277327253216
0.968505859375,0.021943021176509401,0.81222579444904153
0.96875,-0.0025280717079738061,0.80969772274106777
0.968994140625,-0.00030075441390624747,0.80939696832716157
0.96923828125,-0.00301011922649611,0.80638684910066549
0.969482421875,-0.017094716364682933,0.78929213273598253
0.9697265625,-0.013317864425204112,0.77597426831077843
0.969970703125,0.02049289433608481,0.79646716264686324
0.97021484375,-0.022185629050426248,0.77428153359643703
0.970458984375,0.0024793522201739843,0.77676088581661107
0.970703125,-0.012312091131886135,0.76444879468472493
0.970947265625,-0.015231348059095691,0.74921744662562928
0.97119140625,0.01675413613741223,0.76597158276304156
0.971435546875,-0.0084672123295310171,0.75750437043351049
0.9716796875,-0.0045512660122802402,0.7529531044212302
0.971923828125,-0.022723124935553632,0.73022997948567658
0.97216796875,0.0093058007050670563,0.73953578019074362
0.972412109375,-0.012617103851491529,0.72691867633925211
0.97265625,0.021142395743739828,0.74806107208299188
0.972900390625,-0.0064167839050851671,0.74164428817790673
0.97314453125,-0.018087149602776229,0.72355713857513049
0.973388671875,-0.035934210899537904,0.68762292767559263
0.9736328125,-0.0096393978641355106,0.67798352981145715
0.973876953125,0.020224571826652469,0.69820810163810965
0.97412109375,-0.008353992819911912,0.68985410881819775
0.974365234375,0.0093844574416547307,0.69923856625985248
0.974609375,-0.03585374118407917,0.66338482507577334
0.974853515625,-0.014553911699123215,0.64883091337665011
0.97509765625,0.0018180919668269431,0.65064900534347703
0.975341796875,0.00018071193730519183,0.65082971728078221
0.9755859375,0.0080078250884561171,0.6588375423692383
0.975830078125,0.01911300537600814,0.67795054774524643
0.97607421875,0.0071173993633535512,0.68506794710859997
0.976318359375,0.004949048495394414,0.69001699560399443
0.9765625,-0.0098582785002136134,0.68015871710378084
0.976806640625,-0.0011841283162811794,0.67897458878749961
0.97705078125,-0.01634916464385254,0.66262542414364711
0.977294921875,0.012191974852020664,0.67481739899566773
0.9775390625,-0.010351678901584461,0.66446572009408322
0.977783203125,0.025025284496429583,0.68949100459051282
0.97802734375,0.020181556502987162,0.70967256109349997
0.978271484375,0.0053785917908528115,0.71505115288435273
0.978515625,-0.015291534293225427,0.69975961859112734
0.978759765625,-0.022485656368704681,0.67727396222242264
0.97900390625,0.021814789296104895,0.69908875151852756
0.979248046875,0.020002276094521057,0.71909102761304866
0.9794921875,-0.0098662011517093098,0.70922482646133933
0.979736328125,-0.0031446330304629915,0.70608019343087636
0.97998046875,-0.015971500634299734,0.69010869279657661
0.980224609375,0.019876413603855544,0.70998510640043211
0.98046875,-0.0045642338430023736,0.70542087255742969
0.980712890625,0.014780593011561208,0.7202014655689909
0.98095703125,-0.013605227514691846,0.70659623805429905
0.981201171875,0.015613202867997146,0.72220944092229622
0.9814453125,0.0057772673916980394,0.72798670831399426
0.981689453125,-0.0037889547672797555,0.72419775354671445
0.98193359375,-0.038339191634866099,0.68585856191184835
0.982177734375,0.045805121164018262,0.7316636830758666
0.982421875,0.0059473617875030237,0.73761104486336959
0.982666015625,0.015883993477247171,0.75349503834061671
0.98291015625,-0.0085580016501187496,0.74493703669049793
0.983154296875,-0.012008289502166695,0.73292874718833123
0.9833984375,-0.011587883093833393,0.72134086409449782
0.983642578125,-0.0089261203186689446,0.71241474377582892
0.98388671875,-0.00065423017515387686,0.71176051360067505
0.984130859375,0.013385425854065989,0.72514593945474104
0.984375,-0.00052951637199652945,0.72461642308274454
0.984619140625,0.020559800066870297,0.74517622314961485
0.98486328125,-0.014917335151658828,0.73025888799795602
0.985107421875,-0.042739527987640379,0.68751936001031566
0.9853515625,0.0098633954532625669,0.6973827554635782
0.985595703125,0.031933398730106637,0.72931615419368478
0.98583984375,-0.013976007709216143,0.71534014648446864
0.986083984375,-0.0077102912483394933,0.7076298552361292
0.986328125,-0.019042278185474989,0.68858757705065421
0.986572265625,-0.0055844073022337593,0.68300316974842046
0.98681640625,-0.020040288714198884,0.66296288103422163
0.987060546875,0.016367323776771907,0.67933020481099349
0.9873046875,-0.013278539698076505,0.66605166511291702
0.987548828125,-0.011847259221140148,0.65420440589177686
0.98779296875,0.01262702552942324,0.66683143142120005
0.988037109375,0.040942179762920021,0.70777361118412008
0.98828125,0.021862410750631642,0.72963602193475174
0.988525390625,0.0022509366604554024,0.73188695859520714
0.98876953125,0.012509711817444365,0.74439667041265145
0.989013671875,-0.024490570122175027,0.71990610029047641
0.9892578125,-0.046290084601553178,0.67361601568892326
0.989501953125,0.019884688512644452,0.69350070420156773
0.98974609375,-0.016889334548836246,0.6766113696527315
0.989990234375,-0.020061426310085163,0.65654994334264638
0.990234375,0.0075833576420582327,0.66413330098470458
0.990478515625,-0.0014371527187168334,0.66269614826598777
0.99072265625,0.0084438372029327358,0.67113998546892051
0.990966796875,-0.013754791948426739,0.65738519352049374
0.9912109375,-0.011169965708143006,0.64621522781235075
0.991455078125,-0.004823932299187819,0.64139129551316287
0.99169921875,-0.01126858558676027,0.63012270992640262
0.991943359375,0.022284776257774062,0.65240748618417665
0.9921875,-0.0029969747531363323,0.64941051143104034
0.992431640625,-0.0054864937692343831,0.64392401766180596
0.99267578125,-0.008641936524002209,0.63528208113780371
0.992919921875,0.0094636553401961816,0.64474573647799993
0.9931640625,0.00031827745694561828,0.6450640139349455
0.993408203125,0.022865062900323897,0.66792907683526936
0.99365234375,-0.00099393118566376017,0.66693514564960565
0.993896484375,0.0022557233281686835,0.66919086897777436
0.994140625,0.0014587589241655107,0.67064962790193983
0.994384765625,-0.019376746324879637,0.6512728815770602
0.99462890625,-0.0093807596313988974,0.64189212194566125
0.994873046875,0.026698289439914827,0.66859041138557607
0.9951171875,0.0042305204789784842,0.67282093186455461
0.995361328125,0.017549051261520846,0.69036998312607545
0.99560546875,0.022226279584597886,0.71259626271067333
0.995849609375,-0.016026997960648433,0.6965692647500249
0.99609375,-0.008884279044808225,0.68768498570521663
0.996337890625,0.0092855465973812126,0.69697053230259787
0.99658203125,0.0067643815936516347,0.70373491389624954
0.996826171875,0.011274009645400993,0.71500892354165058
0.9970703125,-0.031750969460328606,0.68325795408132195
0.997314453125,-0.049795008330172648,0.63346294575114925
0.99755859375,0.00060718135810350392,0.63407012710925281
0.997802734375,0.021840866419603758,0.65591099352885662
0.998046875,-0.015961319965957017,0.63994967356289956
0.998291015625,0.00082515774208918077,0.64077483130498869
0.99853515625,0.011584367614284679,0.65235919891927341
0.998779296875,-0.026176086432836695,0.62618311248643677
0.9990234375,-0.01417485268740196,0.61200825979903484
0.999267578125,0.010826526411939303,0.6228347862109741
0.99951171875,-0.0025503325967932895,0.62028445361418083
0.999755859375,-0.0059263656353877644,0.6143580879787931
1,-0.0096907555471811586,0.60466733243161197
